duplicate_slug,duplicate_site_id,duplicate_source,keeper_slug,keeper_site_id,name,keeper_name,duplicate_address,keeper_address,city,province,postal,keeper_postal,match,redirect_from,redirect_to,subcategory
airdrie-daycare-first-avenue-23b47299,mx-8b6323b47299,mx,airdrie-daycare-first-avenue-399B5954,ab-ABFF399B5954,Airdrie Daycare First Avenue,AIRDRIE DAYCARE FIRST AVENUE,513 1 AVENUE,513 1 AVENUE,Airdrie,AB,T4B 1R3,T4B 1R3,identical_after_norm,/daycare/airdrie-daycare-first-avenue-23b47299,/daycare/airdrie-daycare-first-avenue-399B5954,mx_copy_of_bundled|high_same_street
lakeside-osc-1bf027f6,mx-a5821bf027f6,mx,lakeside-osc-63FC9506,ab-C82563FC9506,Lakeside Osc,LAKESIDE OSC,4201 46 STREET,4201 46 STREET,Alberta Beach,AB,T0E 0A0,T0E 0A0,identical_after_norm,/daycare/lakeside-osc-1bf027f6,/daycare/lakeside-osc-63FC9506,mx_copy_of_bundled|high_same_street
bibs-to-bookbags-child-care-centre-b77b0d0c,mx-0753b77b0d0c,mx,bibs-to-bookbags-child-care-centre-1E0D03C5,ab-973C1E0D03C5,Bibs To Bookbags Child Care Centre,BIBS TO BOOKBAGS CHILD CARE CENTRE,4627 49 STREET,4627 49 STREET,Alix,AB,T0C 0B0,T0C 0B0,identical_after_norm,/daycare/bibs-to-bookbags-child-care-centre-b77b0d0c,/daycare/bibs-to-bookbags-child-care-centre-1E0D03C5,mx_copy_of_bundled|high_same_street
mcha-junior-kindergarten-centre-6529e836,mx-69756529e836,mx,mcha-junior-kindergarten-centre-87C957CD,ab-25B687C957CD,Mcha Junior Kindergarten Centre,MCHA JUNIOR KINDERGARTEN CENTRE,4911 53 STREET,4911 53 STREET,Amisk,AB,T0B 0B0,T0B 0B0,identical_after_norm,/daycare/mcha-junior-kindergarten-centre-6529e836,/daycare/mcha-junior-kindergarten-centre-87C957CD,mx_copy_of_bundled|high_same_street
mini-mallards-daycare-and-osc-ffc1dd9f,mx-5646ffc1dd9f,mx,mini-mallards-daycare-osc-ACAA638F,ab-90ECACAA638F,Mini Mallards Daycare & Osc,MINI MALLARDS DAYCARE & OSC,4922 50 AVE,4922 50 AVE,Andrew,AB,T0B 0C0,T0B 0C0,identical_after_norm,/daycare/mini-mallards-daycare-and-osc-ffc1dd9f,/daycare/mini-mallards-daycare-osc-ACAA638F,mx_copy_of_bundled|high_same_street
ardmore-school-pre-school-751a622d,mx-3442751a622d,mx,ardmore-school-pre-school-EDD712D6,ab-EDB6EDD712D6,Ardmore School Pre School,ARDMORE SCHOOL PRE SCHOOL,4801-48 STREET,4801-48 STREET,Ardmore,AB,T0A 0B0,T0A 0B0,identical_after_norm,/daycare/ardmore-school-pre-school-751a622d,/daycare/ardmore-school-pre-school-EDD712D6,mx_copy_of_bundled|high_same_street
children-s-world-child-care-centre-8317fc3f,mx-2db78317fc3f,mx,children-s-world-child-care-centre-83402A1F,ab-94E283402A1F,Children'S World Child Care Centre,CHILDREN'S WORLD CHILD CARE CENTRE,1 5115 45 STREET,1 5115 45 STREET,Barrhead,AB,T7N 1J2,T7N 1J2,identical_after_norm,/daycare/children-s-world-child-care-centre-8317fc3f,/daycare/children-s-world-child-care-centre-83402A1F,mx_copy_of_bundled|high_same_street
little-lambs-christian-preschool-2793781a,mx-34192793781a,mx,little-lambs-christian-preschool-AA1F37B1,ab-1C71AA1F37B1,Little Lambs Christian Preschool,LITTLE LAMBS CHRISTIAN PRESCHOOL,5406-49 STREET,5406-49 STREET,Barrhead,AB,T7N 1A3,T7N 1A3,identical_after_norm,/daycare/little-lambs-christian-preschool-2793781a,/daycare/little-lambs-christian-preschool-AA1F37B1,mx_copy_of_bundled|high_same_street
generations-day-care-2136ef44,mx-0cf92136ef44,mx,generations-day-care-CCF669A0,ab-039DCCF669A0,Generations Day Care,GENERATIONS DAY CARE,5020-52 STREET,5020-52 STREET,Bashaw,AB,T0B 0H0,T0B 0H0,identical_after_norm,/daycare/generations-day-care-2136ef44,/daycare/generations-day-care-CCF669A0,mx_copy_of_bundled|high_same_street
beaumont-early-learning-child-care-centre-6053c386,mx-b8176053c386,mx,beaumont-early-learning-child-care-centre-8703539F,ab-9B788703539F,Beaumont Early Learning Child Care Centre,BEAUMONT EARLY LEARNING CHILD CARE CENTRE,4901 55 AVENUE,4901 55 AVENUE,Beaumont,AB,T4X 1M9,T4X 1M9,identical_after_norm,/daycare/beaumont-early-learning-child-care-centre-6053c386,/daycare/beaumont-early-learning-child-care-centre-8703539F,mx_copy_of_bundled|high_same_street
beaumont-school-aged-site-73c64be2,mx-905e73c64be2,mx,beaumont-school-aged-site-07E88D76,ab-BE7B07E88D76,Beaumont School Aged Site,BEAUMONT SCHOOL AGED SITE,4306 44 STREET,4306 44 STREET,Beaumont,AB,T4X 1K3,T4X 1K3,identical_after_norm,/daycare/beaumont-school-aged-site-73c64be2,/daycare/beaumont-school-aged-site-07E88D76,mx_copy_of_bundled|high_same_street
beaumont-stars-academy-1988221f,mx-97501988221f,mx,beaumont-stars-academy-B99A4406,ab-835FB99A4406,Beaumont Stars Academy,BEAUMONT STARS ACADEMY,5-4908 30 AVE,5-4908 30 AVE,Beaumont,AB,T4X 1S6,T4X 1S6,identical_after_norm,/daycare/beaumont-stars-academy-1988221f,/daycare/beaumont-stars-academy-B99A4406,mx_copy_of_bundled|high_same_street
bee-creative-playschool-a7ec4c43,mx-a9a2a7ec4c43,mx,bee-creative-playschool-0013AFF1,ab-7EAF0013AFF1,Bee Creative Playschool,BEE CREATIVE PLAYSCHOOL,4912 50 AVE,4912 50 AVE,Beaumont,AB,T4X 1J9,T4X 1J9,identical_after_norm,/daycare/bee-creative-playschool-a7ec4c43,/daycare/bee-creative-playschool-0013AFF1,mx_copy_of_bundled|high_same_street
garderie-les-petits-yogis-a6539549,mx-4bd8a6539549,mx,garderie-les-petits-yogis-68A85184,ab-B94368A85184,Garderie Les Petits Yogis,GARDERIE LES PETITS YOGIS,4001 66E RUE,4001 66E RUE,Beaumont,AB,T4X 2C5,T4X 2C5,identical_after_norm,/daycare/garderie-les-petits-yogis-a6539549,/daycare/garderie-les-petits-yogis-68A85184,mx_copy_of_bundled|high_same_street
jumping-genes-daycare-and-osc-ceaccf7f,mx-7edaceaccf7f,mx,jumping-genes-daycare-osc-20F99E68,ab-4BA320F99E68,Jumping Genes Daycare & Osc,JUMPING GENES DAYCARE & OSC,"UNIT 101-103, 7101 49 STREET","UNIT 101-103, 7101 49 STREET",Beaumont,AB,T4X 3G2,T4X 3G2,identical_after_norm,/daycare/jumping-genes-daycare-and-osc-ceaccf7f,/daycare/jumping-genes-daycare-osc-20F99E68,mx_copy_of_bundled|high_same_street
l-ecole-des-petits-playschool-c2faaf67,mx-a9f3c2faaf67,mx,l-ecole-des-petits-playschool-7B9A7401,ab-4FBF7B9A7401,L'Ecole Des Petits Playschool,L'ECOLE DES PETITS PLAYSCHOOL,4904 50 AVENUE,4904 50 AVENUE,Beaumont,AB,T4X 1J9,T4X 1J9,identical_after_norm,/daycare/l-ecole-des-petits-playschool-c2faaf67,/daycare/l-ecole-des-petits-playschool-7B9A7401,mx_copy_of_bundled|high_same_street
little-saplings-montessori-preschool-cd700695,mx-0a5acd700695,mx,little-saplings-montessori-preschool-3C22656C,ab-2D4D3C22656C,Little Saplings Montessori Preschool,LITTLE SAPLINGS MONTESSORI PRESCHOOL,4908 51 STREET,4908 51 STREET,Beaumont,AB,T4X 1E4,T4X 1E4,identical_after_norm,/daycare/little-saplings-montessori-preschool-cd700695,/daycare/little-saplings-montessori-preschool-3C22656C,mx_copy_of_bundled|high_same_street
montrose-out-of-school-care-fe006127,mx-63e7fe006127,mx,montrose-out-of-school-care-07744F25,ab-867D07744F25,Montrose Out Of School Care,MONTROSE OUT OF SCHOOL CARE,"UNIT 107, 6002 29 AVENUE","UNIT 107, 6002 29 AVENUE",Beaumont,AB,T4X 0H5,T4X 0H5,identical_after_norm,/daycare/montrose-out-of-school-care-fe006127,/daycare/montrose-out-of-school-care-07744F25,mx_copy_of_bundled|high_same_street
perfect-daycare-9654eb19,mx-72329654eb19,mx,perfect-daycare-42EC964B,ab-6B9142EC964B,Perfect Daycare,PERFECT DAYCARE,#114 5302 50 STREET,#114 5302 50 STREET,Beaumont,AB,T4X 1E5,T4X 1E5,identical_after_norm,/daycare/perfect-daycare-9654eb19,/daycare/perfect-daycare-42EC964B,mx_copy_of_bundled|high_same_street
ready-set-grow-preschool-2d2e714f,mx-dde72d2e714f,mx,ready-set-grow-preschool-C4BA63A1,ab-EE80C4BA63A1,"Ready, Set, Grow Preschool","READY, SET, GROW PRESCHOOL",5703 50 AVE,5703 50 AVE,Beaumont,AB,T4X 1C4,T4X 1C4,identical_after_norm,/daycare/ready-set-grow-preschool-2d2e714f,/daycare/ready-set-grow-preschool-C4BA63A1,mx_copy_of_bundled|high_same_street
rising-star-daycare-0d8ba427,mx-caa60d8ba427,mx,rising-star-daycare-228367B6,ab-58A6228367B6,Rising Star Daycare,RISING STAR DAYCARE,"101, 6102 29 AVENUE","101, 6102 29 AVENUE",Beaumont,AB,T4X 0H5,T4X 0H5,identical_after_norm,/daycare/rising-star-daycare-0d8ba427,/daycare/rising-star-daycare-228367B6,mx_copy_of_bundled|high_same_street
sunrays-daycare-and-osc-ltd-f2682fff,mx-bf12f2682fff,mx,sunrays-daycare-and-osc-ltd-3A27DA34,ab-7B6A3A27DA34,Sunrays Daycare And Osc Ltd.,SUNRAYS DAYCARE AND OSC LTD.,6204 29 AVENUE,6204 29 AVENUE,Beaumont,AB,T4X 0H5,T4X 0H5,identical_after_norm,/daycare/sunrays-daycare-and-osc-ltd-f2682fff,/daycare/sunrays-daycare-and-osc-ltd-3A27DA34,mx_copy_of_bundled|high_same_street
sunshine-patch-daycare-c5fba1b1,mx-b8e4c5fba1b1,mx,sunshine-patch-daycare-632A0A1C,ab-5080632A0A1C,Sunshine Patch Daycare,SUNSHINE PATCH DAYCARE,"111, 6002 29 AVENUE","111, 6002 29 AVENUE",Beaumont,AB,T4X 0H5,T4X 0H5,identical_after_norm,/daycare/sunshine-patch-daycare-c5fba1b1,/daycare/sunshine-patch-daycare-632A0A1C,mx_copy_of_bundled|high_same_street
beiseker-playschool-association-bd8054e8,mx-1223bd8054e8,mx,beiseker-playschool-association-D1ADE870,ab-732CD1ADE870,Beiseker Playschool Association,BEISEKER PLAYSCHOOL ASSOCIATION,401 - 5 STREET,401 - 5 STREET,Beiseker,AB,T0M 0G0,T0M 0G0,identical_after_norm,/daycare/beiseker-playschool-association-bd8054e8,/daycare/beiseker-playschool-association-D1ADE870,mx_copy_of_bundled|high_same_street
kids-kollege-nursery-school-97e9dad3,mx-fd0997e9dad3,mx,kids-kollege-nursery-school-17537D58,ab-106617537D58,Kids Kollege Nursery School,KIDS KOLLEGE NURSERY SCHOOL,2802 - 222 STREET,2802 - 222 STREET,Bellevue,AB,T0K 0C0,T0K 0C0,identical_after_norm,/daycare/kids-kollege-nursery-school-97e9dad3,/daycare/kids-kollege-nursery-school-17537D58,mx_copy_of_bundled|high_same_street
benalto-playschool-d5c597e3,mx-28fbd5c597e3,mx,benalto-playschool-0D8B42E9,ab-675B0D8B42E9,Benalto Playschool,BENALTO PLAYSCHOOL,5025 49 STREET,5025 49 STREET,Benalto,AB,T0M 0H0,T0M 0H0,identical_after_norm,/daycare/benalto-playschool-d5c597e3,/daycare/benalto-playschool-0D8B42E9,mx_copy_of_bundled|high_same_street
bezanson-playschool-a6703d17,mx-5275a6703d17,mx,bezanson-playschool-16C83BFF,ab-86DE16C83BFF,Bezanson Playschool,BEZANSON PLAYSCHOOL,9804 100 ST,9804 100 ST,Bezanson,AB,T0H 0G0,T0H 0G0,identical_after_norm,/daycare/bezanson-playschool-a6703d17,/daycare/bezanson-playschool-16C83BFF,mx_copy_of_bundled|high_same_street
donna-s-abc-day-care-87712186,mx-10a787712186,mx,donna-s-abc-day-care-FD1723B1,ab-8B31FD1723B1,Donna'S Abc Day Care,DONNA'S ABC DAY CARE,12726 - 16 AVENUE,12726 - 16 AVENUE,Blairmore,AB,T0K 0E0,T0K 0E0,identical_after_norm,/daycare/donna-s-abc-day-care-87712186,/daycare/donna-s-abc-day-care-FD1723B1,mx_copy_of_bundled|high_same_street
bon-accord-montessori-child-development-centre-8fb4bbd3,mx-dbdc8fb4bbd3,mx,bon-accord-montessori-child-development-centre-8CEA43F9,ab-2F668CEA43F9,Bon Accord Montessori Child Development Centre,BON ACCORD MONTESSORI CHILD DEVELOPMENT CENTRE,UNIT #1 5028 50 AVE,UNIT #1 5028 50 AVE,Bon Accord,AB,T0A 0K0,T0A 0K0,identical_after_norm,/daycare/bon-accord-montessori-child-development-centre-8fb4bbd3,/daycare/bon-accord-montessori-child-development-centre-8CEA43F9,mx_copy_of_bundled|high_same_street
bon-accord-out-of-school-care-d0c921c5,mx-2dbdd0c921c5,mx,bon-accord-out-of-school-care-06B359EB,ab-78A206B359EB,Bon Accord Out Of School Care,BON ACCORD OUT OF SCHOOL CARE,"UNIT 1, 5025 50 AVENUE","UNIT 1, 5025 50 AVENUE",Bon Accord,AB,T0A 0K0,T0A 0K0,identical_after_norm,/daycare/bon-accord-out-of-school-care-d0c921c5,/daycare/bon-accord-out-of-school-care-06B359EB,mx_copy_of_bundled|high_same_street
duclos-daycare-ba5f11c2,mx-c17dba5f11c2,mx,duclos-daycare-A69D45AE,ab-5F06A69D45AE,Duclos Daycare,DUCLOS DAYCARE,4801-52 AVE,4801-52 AVE,Bonnyville,AB,T9N 2R4,T9N 2R4,identical_after_norm,/daycare/duclos-daycare-ba5f11c2,/daycare/duclos-daycare-A69D45AE,mx_copy_of_bundled|high_same_street
happy-house-daycare-bonnyville-0eb058c1,mx-4d7f0eb058c1,mx,happy-house-daycare-bonnyville-0BB817E5,ab-FA6F0BB817E5,Happy House Daycare (Bonnyville),HAPPY HOUSE DAYCARE (BONNYVILLE),1003-4313 50 AVE,1003-4313 50 AVE,Bonnyville,AB,T9M 1R2,T9M 1R2,identical_after_norm,/daycare/happy-house-daycare-bonnyville-0eb058c1,/daycare/happy-house-daycare-bonnyville-0BB817E5,mx_copy_of_bundled|high_same_street
le-coin-des-lutins-daycare-a273c25d,mx-ebf2a273c25d,mx,le-coin-des-lutins-daycare-AE491DBA,ab-3488AE491DBA,Le Coin Des Lutins Daycare,LE COIN DES LUTINS DAYCARE,4312 34 STREET,4312 34 STREET,Bonnyville,AB,T9N 2R3,T9N 2R3,identical_after_norm,/daycare/le-coin-des-lutins-daycare-a273c25d,/daycare/le-coin-des-lutins-daycare-AE491DBA,mx_copy_of_bundled|high_same_street
notre-dame-elementary-osc-a2cb24a4,mx-ab8fa2cb24a4,mx,notre-dame-elementary-osc-8666414B,ab-2DE58666414B,Notre Dame  Elementary Osc,NOTRE DAME  ELEMENTARY OSC,4711 48 ST,4711 48 ST,Bonnyville,AB,T9N 2E6,T9N 2E6,identical_after_norm,/daycare/notre-dame-elementary-osc-a2cb24a4,/daycare/notre-dame-elementary-osc-8666414B,mx_copy_of_bundled|high_same_street
the-ohana-centre-e30a4a7d,mx-37e9e30a4a7d,mx,the-ohana-centre-97A9270F,ab-0E6097A9270F,The Ohana Centre,THE OHANA CENTRE,4718 48 ST,4718 48 ST,Bonnyville,AB,T9N 2J7,T9N 2J7,identical_after_norm,/daycare/the-ohana-centre-e30a4a7d,/daycare/the-ohana-centre-97A9270F,mx_copy_of_bundled|high_same_street
bgc-bowden-osc-533a2da0,mx-9d2c533a2da0,mx,bgc-bowden-osc-FE931870,ab-F9E1FE931870,Bgc Bowden Osc,BGC BOWDEN OSC,2238 21 AVENUE,2238 21 AVENUE,Bowden,AB,T0M 0K0,T0M 0K0,identical_after_norm,/daycare/bgc-bowden-osc-533a2da0,/daycare/bgc-bowden-osc-FE931870,mx_copy_of_bundled|high_same_street
bowden-play-and-learn-f906f03a,mx-039df906f03a,mx,bowden-play-learn-F5963EB6,ab-09A5F5963EB6,Bowden Play & Learn,BOWDEN PLAY & LEARN,2238 - 21 AVENUE,2238 - 21 AVENUE,Bowden,AB,T0M 0K0,T0M 0K0,identical_after_norm,/daycare/bowden-play-and-learn-f906f03a,/daycare/bowden-play-learn-F5963EB6,mx_copy_of_bundled|high_same_street
bruderheim-childcare-575237fd,mx-450d575237fd,mx,bruderheim-childcare-22E2E059,ab-646322E2E059,Bruderheim Childcare,BRUDERHEIM CHILDCARE,4924-51 AVE,4924-51 AVE,Bruderheim,AB,T0B 0S0,T0B 0S0,identical_after_norm,/daycare/bruderheim-childcare-575237fd,/daycare/bruderheim-childcare-22E2E059,mx_copy_of_bundled|high_same_street
cwes-innovative-funded-program-fa9a37d9,mx-248cfa9a37d9,mx,cwes-innovative-funded-program-5515D9DB,ab-EB8D5515D9DB,Cwes Innovative Funded Program,CWES INNOVATIVE FUNDED PROGRAM,Not Available,Not Available,Calgary,AB,T2E 7R1,T2E 7R1,identical_after_norm,/daycare/cwes-innovative-funded-program-fa9a37d9,/daycare/cwes-innovative-funded-program-5515D9DB,mx_copy_of_bundled|high_same_postal
kids-and-company-beltline-ecca1911,mx-50e4ecca1911,mx,kids-company-beltline-331F0D00,ab-BDAB331F0D00,Kids & Company - Beltline,KIDS & COMPANY - BELTLINE,333 - 11 AVENUE SW GROUND FLOOR,333 - 11 AVENUE SW GROUND FLOOR,Calgary,AB,T2R 1L9,T2R 1L9,identical_after_norm,/daycare/kids-and-company-beltline-ecca1911,/daycare/kids-company-beltline-331F0D00,mx_copy_of_bundled|high_same_street
springbank-playschool-association-63f88ecb,mx-b85563f88ecb,mx,springbank-playschool-association-2FEF1F6E,ab-79AE2FEF1F6E,Springbank Playschool Association,SPRINGBANK PLAYSCHOOL ASSOCIATION,C32224 SPRINGBANK ROAD,C32224 SPRINGBANK ROAD,Calgary,AB,T3Z 2L9,T3Z 2L9,identical_after_norm,/daycare/springbank-playschool-association-63f88ecb,/daycare/springbank-playschool-association-2FEF1F6E,mx_copy_of_bundled|high_same_postal
dew-drops-daycare-centre-calmar-ltd-ad6abd04,mx-59faad6abd04,mx,dew-drops-daycare-centre-calmar-ltd-89BED156,ab-629789BED156,Dew Drops Daycare Centre Calmar Ltd,DEW DROPS DAYCARE CENTRE CALMAR LTD,4917 50 AVENUE,4917 50 AVENUE,Calmar,AB,T0C 0V0,T0C 0V0,identical_after_norm,/daycare/dew-drops-daycare-centre-calmar-ltd-ad6abd04,/daycare/dew-drops-daycare-centre-calmar-ltd-89BED156,mx_copy_of_bundled|high_same_street
happy-kids-childcare-centre-2-b47d18d4,mx-433ab47d18d4,mx,happy-kids-childcare-centre-2-DFD403D8,ab-A82BDFD403D8,Happy Kids Childcare Centre 2,HAPPY KIDS CHILDCARE CENTRE 2,5402 50 STREET,5402 50 STREET,Calmar,AB,T0C 0V0,T0C 0V0,identical_after_norm,/daycare/happy-kids-childcare-centre-2-b47d18d4,/daycare/happy-kids-childcare-centre-2-DFD403D8,mx_copy_of_bundled|high_same_street
butterfly-kisses-early-learning-centre-cb2432c5,mx-54abcb2432c5,mx,butterfly-kisses-early-learning-centre-F35440D2,ab-F4B7F35440D2,Butterfly Kisses Early Learning Centre,BUTTERFLY KISSES EARLY LEARNING CENTRE,5019 53 STREET,5019 53 STREET,Camrose,AB,T4V 1Z2,T4V 1Z2,identical_after_norm,/daycare/butterfly-kisses-early-learning-centre-cb2432c5,/daycare/butterfly-kisses-early-learning-centre-F35440D2,mx_copy_of_bundled|high_same_street
camrose-and-district-pre-school-fab50fa8,mx-dbf1fab50fa8,mx,camrose-district-pre-school-79B1E848,ab-21F879B1E848,Camrose & District Pre-School,CAMROSE & DISTRICT PRE-SCHOOL,4517 54 STREET,4517 54 STREET,Camrose,AB,T4V 5K3,T4V 5K3,identical_after_norm,/daycare/camrose-and-district-pre-school-fab50fa8,/daycare/camrose-district-pre-school-79B1E848,mx_copy_of_bundled|high_same_street
camrose-children-s-centre-f7750d3d,mx-0e61f7750d3d,mx,camrose-children-s-centre-EF8CEC65,ab-93E3EF8CEC65,Camrose Children'S Centre,CAMROSE CHILDREN'S CENTRE,4304 53 STREET,4304 53 STREET,Camrose,AB,T4V 1Y2,T4V 1Y2,identical_after_norm,/daycare/camrose-children-s-centre-f7750d3d,/daycare/camrose-children-s-centre-EF8CEC65,mx_copy_of_bundled|high_same_street
camrose-kids-daycare-and-osc-126e1680,mx-a0fd126e1680,mx,camrose-kids-daycare-and-osc-1743CB55,ab-CC6C1743CB55,Camrose Kids Daycare And Osc,CAMROSE KIDS DAYCARE AND OSC,4860 50 STREET,4860 50 STREET,Camrose,AB,T4V 1P7,T4V 1P7,identical_after_norm,/daycare/camrose-kids-daycare-and-osc-126e1680,/daycare/camrose-kids-daycare-and-osc-1743CB55,mx_copy_of_bundled|high_same_street
camrose-little-angels-daycare-society-d1c110eb,mx-5e01d1c110eb,mx,camrose-little-angels-daycare-society-C73ECC94,ab-39E7C73ECC94,Camrose Little Angels Daycare Society,CAMROSE LITTLE ANGELS DAYCARE SOCIETY,4907 47 ST,4907 47 ST,Camrose,AB,T4V 1J9,T4V 1J9,identical_after_norm,/daycare/camrose-little-angels-daycare-society-d1c110eb,/daycare/camrose-little-angels-daycare-society-C73ECC94,mx_copy_of_bundled|high_same_street
camrose-women-s-shelter-innovative-funded-program-486e6a3f,mx-a001486e6a3f,mx,camrose-women-s-shelter-innovative-funded-progra-5B2AEA09,ab-71EC5B2AEA09,Camrose Women'S Shelter Innovative Funded Program,CAMROSE WOMEN'S SHELTER INNOVATIVE FUNDED PROGRAM,BOX 1405,BOX 1405,Camrose,AB,T4V 1X3,T4V 1X3,identical_after_norm,/daycare/camrose-women-s-shelter-innovative-funded-program-486e6a3f,/daycare/camrose-women-s-shelter-innovative-funded-progra-5B2AEA09,mx_copy_of_bundled|high_same_postal
chester-ronning-oscar-40baa5f6,mx-415940baa5f6,mx,chester-ronning-oscar-7AB19F56,ab-F3957AB19F56,Chester Ronning Oscar,CHESTER RONNING OSCAR,6206-43 AVE,6206-43 AVE,Camrose,AB,T4V 0A7,T4V 0A7,identical_after_norm,/daycare/chester-ronning-oscar-40baa5f6,/daycare/chester-ronning-oscar-7AB19F56,mx_copy_of_bundled|high_same_street
cornerstone-kidzone-4306982d,mx-9eb94306982d,mx,cornerstone-kidzone-C25DB347,ab-ED45C25DB347,Cornerstone Kidzone,CORNERSTONE KIDZONE,5206 51 AVENUE,5206 51 AVENUE,Camrose,AB,T4V 4N5,T4V 4N5,identical_after_norm,/daycare/cornerstone-kidzone-4306982d,/daycare/cornerstone-kidzone-C25DB347,mx_copy_of_bundled|high_same_street
creative-crayons-preschool-a074fe3c,mx-539ea074fe3c,mx,creative-crayons-preschool-6538B00F,ab-F5476538B00F,Creative Crayons Preschool,CREATIVE CRAYONS PRESCHOOL,6406 44B AVE,6406 44B AVE,Camrose,AB,T4V 0B6,T4V 0B6,identical_after_norm,/daycare/creative-crayons-preschool-a074fe3c,/daycare/creative-crayons-preschool-6538B00F,mx_copy_of_bundled|high_same_street
ecole-sifton-oscar-9c173427,mx-58e19c173427,mx,ecole-sifton-oscar-DBDF5A15,ab-CA49DBDF5A15,Ecole Sifton Oscar,ECOLE SIFTON OSCAR,4807-43 STREET,4807-43 STREET,Camrose,AB,T4V 1A9,T4V 1A9,identical_after_norm,/daycare/ecole-sifton-oscar-9c173427,/daycare/ecole-sifton-oscar-DBDF5A15,mx_copy_of_bundled|high_same_street
ecole-sifton-school-prek-b6649b7c,mx-a9e5b6649b7c,mx,ecole-sifton-school-prek-5B4097E7,ab-F0955B4097E7,Ecole Sifton School Prek,ECOLE SIFTON SCHOOL PREK,4807 43 STREET,4807 43 STREET,Camrose,AB,T4V 1A9,T4V 1A9,identical_after_norm,/daycare/ecole-sifton-school-prek-b6649b7c,/daycare/ecole-sifton-school-prek-5B4097E7,mx_copy_of_bundled|high_same_street
first-steps-learning-centre-corner-campus-4966e96d,mx-156a4966e96d,mx,first-steps-learning-centre-corner-campus-2EC57814,ab-C1F72EC57814,First Steps Learning Centre - Corner Campus,FIRST STEPS LEARNING CENTRE - CORNER CAMPUS,4903 - 49 ST,4903 - 49 ST,Camrose,AB,T4V 1N3,T4V 1N3,identical_after_norm,/daycare/first-steps-learning-centre-corner-campus-4966e96d,/daycare/first-steps-learning-centre-corner-campus-2EC57814,mx_copy_of_bundled|high_same_street
first-steps-learning-centre-daycare-aafae5c4,mx-d322aafae5c4,mx,first-steps-learning-centre-daycare-D9B6A437,ab-6926D9B6A437,First Steps Learning Centre Daycare,FIRST STEPS LEARNING CENTRE DAYCARE,4920 48 STREET,4920 48 STREET,Camrose,AB,T4V 4L5,T4V 4L5,identical_after_norm,/daycare/first-steps-learning-centre-daycare-aafae5c4,/daycare/first-steps-learning-centre-daycare-D9B6A437,mx_copy_of_bundled|high_same_street
five-star-daycare-and-osc-003d8446,mx-c7cf003d8446,mx,five-star-daycare-osc-27877F7C,ab-615827877F7C,Five Star Daycare & Osc,FIVE STAR DAYCARE & OSC,5 - 5000 51 AVE,5 - 5000 51 AVE,Camrose,AB,T4V 0V6,T4V 0V6,identical_after_norm,/daycare/five-star-daycare-and-osc-003d8446,/daycare/five-star-daycare-osc-27877F7C,mx_copy_of_bundled|high_same_street
jolly-dreamers-daycare-7a24d7fe,mx-44ae7a24d7fe,mx,jolly-dreamers-daycare-766D7DE4,ab-98B2766D7DE4,Jolly Dreamers Daycare,JOLLY DREAMERS DAYCARE,4901 50 AVE,4901 50 AVE,Camrose,AB,T4V 0S0,T4V 0S0,identical_after_norm,/daycare/jolly-dreamers-daycare-7a24d7fe,/daycare/jolly-dreamers-daycare-766D7DE4,mx_copy_of_bundled|high_same_street
kids-campus-daycare-society-hall-37b190eb,mx-456437b190eb,mx,kids-campus-daycare-society-hall-479F8BFB,ab-8C25479F8BFB,Kids Campus Daycare Society Hall,KIDS CAMPUS DAYCARE SOCIETY HALL,4706 56 STREET,4706 56 STREET,Camrose,AB,T4V 5C2,T4V 5C2,identical_after_norm,/daycare/kids-campus-daycare-society-hall-37b190eb,/daycare/kids-campus-daycare-society-hall-479F8BFB,mx_copy_of_bundled|high_same_street
sparling-oscar-b5fde03c,mx-132ab5fde03c,mx,sparling-oscar-6D372EEB,ab-64EB6D372EEB,Sparling Oscar,SPARLING OSCAR,5216 52 AVE.,5216 52 AVE.,Camrose,AB,T4V 0X4,T4V 0X4,identical_after_norm,/daycare/sparling-oscar-b5fde03c,/daycare/sparling-oscar-6D372EEB,mx_copy_of_bundled|high_same_street
sparling-school-prek-368a5614,mx-3870368a5614,mx,sparling-school-prek-BD682F23,ab-AFA2BD682F23,Sparling School Prek,SPARLING SCHOOL PREK,5216 52 AVENUE,5216 52 AVENUE,Camrose,AB,T4V 0X4,T4V 0X4,identical_after_norm,/daycare/sparling-school-prek-368a5614,/daycare/sparling-school-prek-BD682F23,mx_copy_of_bundled|high_same_street
canmore-community-day-care-cfcc637a,mx-6225cfcc637a,mx,canmore-community-day-care-AB910EB6,ab-CB06AB910EB6,Canmore Community Day Care,CANMORE COMMUNITY DAY CARE,606B -  7 AVENUE,606B -  7 AVENUE,Canmore,AB,T1W 2H5,T1W 2H5,identical_after_norm,/daycare/canmore-community-day-care-cfcc637a,/daycare/canmore-community-day-care-AB910EB6,mx_copy_of_bundled|high_same_street
canmore-play-and-learn-preschool-c2a01cbb,mx-457ac2a01cbb,mx,canmore-play-learn-preschool-8BB69F25,ab-82C78BB69F25,Canmore Play & Learn Preschool,CANMORE PLAY & LEARN PRESCHOOL,1205 - 1 AVENUE,1205 - 1 AVENUE,Canmore,AB,T1W 1M5,T1W 1M5,identical_after_norm,/daycare/canmore-play-and-learn-preschool-c2a01cbb,/daycare/canmore-play-learn-preschool-8BB69F25,mx_copy_of_bundled|high_same_street
canmore-preschool-73ba539a,mx-3c6973ba539a,mx,canmore-preschool-1BF05B42,ab-E2C31BF05B42,Canmore Preschool,CANMORE PRESCHOOL,606A - 7 AVENUE,606A - 7 AVENUE,Canmore,AB,T1W 2H5,T1W 2H5,identical_after_norm,/daycare/canmore-preschool-73ba539a,/daycare/canmore-preschool-1BF05B42,mx_copy_of_bundled|high_same_street
caroline-early-learning-and-child-care-a33b5245,mx-ebb3a33b5245,mx,caroline-early-learning-and-child-care-3576EF3F,ab-070B3576EF3F,Caroline Early Learning And Child Care,CAROLINE EARLY LEARNING AND CHILD CARE,5103 48 AVENUE,5103 48 AVENUE,Caroline,AB,T0M 0M0,T0M 0M0,identical_after_norm,/daycare/caroline-early-learning-and-child-care-a33b5245,/daycare/caroline-early-learning-and-child-care-3576EF3F,mx_copy_of_bundled|high_same_street
lil-dreamers-daycare-8fb3732f,mx-8dc48fb3732f,mx,lil-dreamers-daycare-1953BD36,ab-90E01953BD36,Lil' Dreamers Daycare,LIL' DREAMERS DAYCARE,"11, 315 10 AVENUE","11, 315 10 AVENUE",Carstairs,AB,T0M 0N0,T0M 0N0,identical_after_norm,/daycare/lil-dreamers-daycare-8fb3732f,/daycare/lil-dreamers-daycare-1953BD36,mx_copy_of_bundled|high_same_street
shooting-stars-daycare-1d18ffaa,mx-2d101d18ffaa,mx,shooting-stars-daycare-71EB79DF,ab-CCEB71EB79DF,Shooting Stars Daycare,SHOOTING STARS DAYCARE,215 10 AVE,215 10 AVE,Carstairs,AB,T0M 0N0,T0M 0N0,identical_after_norm,/daycare/shooting-stars-daycare-1d18ffaa,/daycare/shooting-stars-daycare-71EB79DF,mx_copy_of_bundled|high_same_street
clairmont-playschool-09b38d8f,mx-726209b38d8f,mx,clairmont-playschool-7B407AA9,ab-E2D97B407AA9,Clairmont Playschool,CLAIRMONT PLAYSCHOOL,10407 - 97 STREET,10407 - 97 STREET,Clairmont,AB,T8X 5E8,T8X 5E8,identical_after_norm,/daycare/clairmont-playschool-09b38d8f,/daycare/clairmont-playschool-7B407AA9,mx_copy_of_bundled|high_same_street
connecting-dots-clairmont-school-587c3831,mx-1107587c3831,mx,connecting-dots-clairmont-school-B515C1E7,ab-8B6EB515C1E7,Connecting Dots - Clairmont School,CONNECTING DOTS - CLAIRMONT SCHOOL,10407 97 STREET,10407 97 STREET,Clairmont,AB,T8X 5E8,T8X 5E8,identical_after_norm,/daycare/connecting-dots-clairmont-school-587c3831,/daycare/connecting-dots-clairmont-school-B515C1E7,mx_copy_of_bundled|high_same_street
bgcf-jennie-emery-f4d35a59,mx-8b08f4d35a59,mx,bgcf-jennie-emery-E8779FD6,ab-A4A8E8779FD6,Bgcf - Jennie Emery,BGCF - JENNIE EMERY,1101 22 AVENUE,1101 22 AVENUE,Coaldale,AB,T1M 1N9,T1M 1N9,identical_after_norm,/daycare/bgcf-jennie-emery-f4d35a59,/daycare/bgcf-jennie-emery-E8779FD6,mx_copy_of_bundled|high_same_street
bgcf-st-joseph-0f809f00,mx-c83a0f809f00,mx,bgcf-st-joseph-675A5411,ab-58BF675A5411,Bgcf - St Joseph,BGCF - ST JOSEPH,1413 22 AVENUE,1413 22 AVENUE,Coaldale,AB,T1M 1L6,T1M 1L6,identical_after_norm,/daycare/bgcf-st-joseph-0f809f00,/daycare/bgcf-st-joseph-675A5411,mx_copy_of_bundled|high_same_street
child-s-pace-early-learning-centre-16bfb0b6,mx-8ec116bfb0b6,mx,child-s-pace-early-learning-centre-C08D8781,ab-CCEEC08D8781,Child'S Pace Early Learning Centre,CHILD'S PACE EARLY LEARNING CENTRE,1107 - 19A  AVENUE,1107 - 19A  AVENUE,Coaldale,AB,T1M 1A4,T1M 1A4,identical_after_norm,/daycare/child-s-pace-early-learning-centre-16bfb0b6,/daycare/child-s-pace-early-learning-centre-C08D8781,mx_copy_of_bundled|high_same_street
coaldale-child-care-33e37008,mx-b63a33e37008,mx,coaldale-child-care-5D5FEADF,ab-C6785D5FEADF,Coaldale Child Care,COALDALE CHILD CARE,D-1814 20 AVENUE,D-1814 20 AVENUE,Coaldale,AB,T1M 1N1,T1M 1N1,identical_after_norm,/daycare/coaldale-child-care-33e37008,/daycare/coaldale-child-care-5D5FEADF,mx_copy_of_bundled|high_same_street
bgc-cochrane-and-area-clubhouse-c7f870a8,mx-85d5c7f870a8,mx,bgc-cochrane-area-clubhouse-5585AE62,ab-82D25585AE62,Bgc Cochrane & Area Clubhouse,BGC COCHRANE & AREA CLUBHOUSE,80 1A HIGHWAY,80 1A HIGHWAY,Cochrane,AB,T4C 1E2,T4C 1E2,identical_after_norm,/daycare/bgc-cochrane-and-area-clubhouse-c7f870a8,/daycare/bgc-cochrane-area-clubhouse-5585AE62,mx_copy_of_bundled|high_same_street
happy-house-daycare-south-9a158f99,mx-06909a158f99,mx,happy-house-daycare-south-1A24D71F,ab-F9041A24D71F,Happy House Daycare (South),HAPPY HOUSE DAYCARE (SOUTH),5104 -56 ST,5104 -56 ST,Cold Lake,AB,T9M 1R2,T9M 1R2,identical_after_norm,/daycare/happy-house-daycare-south-9a158f99,/daycare/happy-house-daycare-south-1A24D71F,mx_copy_of_bundled|high_same_street
holy-cross-pre-school-838a6bd4,mx-6a8d838a6bd4,mx,holy-cross-pre-school-3144E2E6,ab-73513144E2E6,Holy Cross Pre-School,HOLY CROSS PRE-SCHOOL,5201 - 49 STREET,5201 - 49 STREET,Cold Lake,AB,T9M 0B9,T9M 0B9,identical_after_norm,/daycare/holy-cross-pre-school-838a6bd4,/daycare/holy-cross-pre-school-3144E2E6,mx_copy_of_bundled|high_same_street
kids-time-out-play-program-9e9d4928,mx-10ba9e9d4928,mx,kids-time-out-play-program-7809FAAF,ab-81CF7809FAAF,Kids Time Out Play Program,KIDS TIME OUT PLAY PROGRAM,301B 10 ST,301B 10 ST,Cold Lake,AB,T9M 1A5,T9M 1A5,identical_after_norm,/daycare/kids-time-out-play-program-9e9d4928,/daycare/kids-time-out-play-program-7809FAAF,mx_copy_of_bundled|high_same_street
les-kinou-choux-ecole-voyageur-29fee762,mx-0f2129fee762,mx,les-kinou-choux-ecole-voyageur-7BF7309A,ab-21987BF7309A,Les Kinou-Choux/Ecole Voyageur,LES KINOU-CHOUX/ECOLE VOYAGEUR,4719-69 AVENUE,4719-69 AVENUE,Cold Lake,AB,T9M 2E6,T9M 2E6,identical_after_norm,/daycare/les-kinou-choux-ecole-voyageur-29fee762,/daycare/les-kinou-choux-ecole-voyageur-7BF7309A,mx_copy_of_bundled|high_same_street
north-star-care-to-learn-preschool-4d5a0eb5,mx-06904d5a0eb5,mx,north-star-care-to-learn-preschool-4117A47E,ab-539C4117A47E,North Star Care To Learn Preschool,NORTH STAR CARE TO LEARN PRESCHOOL,5520-50 AVE,5520-50 AVE,Cold Lake,AB,T9M 1S9,T9M 1S9,identical_after_norm,/daycare/north-star-care-to-learn-preschool-4d5a0eb5,/daycare/north-star-care-to-learn-preschool-4117A47E,mx_copy_of_bundled|high_same_street
play-power-childcare-4efcbc64,mx-d2a04efcbc64,mx,play-power-childcare-A9B574D1,ab-7616A9B574D1,Play Power Childcare,PLAY POWER CHILDCARE,920 7 ST,920 7 ST,Cold Lake,AB,T9M 1M5,T9M 1M5,identical_after_norm,/daycare/play-power-childcare-4efcbc64,/daycare/play-power-childcare-A9B574D1,mx_copy_of_bundled|high_same_street
st-dominic-preschool-3b7f9ab5,mx-676e3b7f9ab5,mx,st-dominic-preschool-B633BE7C,ab-350DB633BE7C,St. Dominic Preschool,ST. DOMINIC PRESCHOOL,920-7 STREET,920-7 STREET,Cold Lake,AB,T9M 1M5,T9M 1M5,identical_after_norm,/daycare/st-dominic-preschool-3b7f9ab5,/daycare/st-dominic-preschool-B633BE7C,mx_copy_of_bundled|high_same_street
whimsy-childcare-67fba64c,mx-bc8267fba64c,mx,whimsy-childcare-8F43B2ED,ab-7CAE8F43B2ED,Whimsy Childcare,WHIMSY CHILDCARE,301A 10 STREET,301A 10 STREET,Cold Lake,AB,T9M 1A5,T9M 1A5,identical_after_norm,/daycare/whimsy-childcare-67fba64c,/daycare/whimsy-childcare-8F43B2ED,mx_copy_of_bundled|high_same_street
horace-allen-school-early-learning-program-208e6fea,mx-5d24208e6fea,mx,horace-allen-school-early-learning-program-5BDC88A2,ab-DCB65BDC88A2,Horace Allen School Early Learning Program,HORACE ALLEN SCHOOL EARLY LEARNING PROGRAM,2002 76 STREET,2002 76 STREET,Coleman,AB,T0K 0M0,T0K 0M0,identical_after_norm,/daycare/horace-allen-school-early-learning-program-208e6fea,/daycare/horace-allen-school-early-learning-program-5BDC88A2,mx_copy_of_bundled|high_same_street
kpsquared-early-learning-and-osc-d4f3307d,mx-cabcd4f3307d,mx,kpsquared-early-learning-osc-68FE5B05,ab-78D968FE5B05,Kpsquared Early Learning & Osc,KPSQUARED EARLY LEARNING & OSC,2002 76 STREET,2002 76 STREET,Coleman,AB,T0K 0M0,T0K 0M0,identical_after_norm,/daycare/kpsquared-early-learning-and-osc-d4f3307d,/daycare/kpsquared-early-learning-osc-68FE5B05,mx_copy_of_bundled|high_same_street
little-mountaineers-learning-centre-ltd-2bcf3e1e,mx-3be32bcf3e1e,mx,little-mountaineers-learning-centre-ltd-D42C4C95,ab-70A4D42C4C95,Little Mountaineers Learning Centre Ltd.,LITTLE MOUNTAINEERS LEARNING CENTRE LTD.,7632 - 17 AVENUE,7632 - 17 AVENUE,Coleman,AB,T0K 0M0,T0K 0M0,identical_after_norm,/daycare/little-mountaineers-learning-centre-ltd-2bcf3e1e,/daycare/little-mountaineers-learning-centre-ltd-D42C4C95,mx_copy_of_bundled|high_same_street
stepping-stones-daycare-c229db3e,mx-1376c229db3e,mx,stepping-stones-daycare-7BDB1243,ab-83757BDB1243,Stepping Stones Daycare,STEPPING STONES DAYCARE,5402 48 STREET,5402 48 STREET,Consort,AB,T0C 1B0,T0C 1B0,identical_after_norm,/daycare/stepping-stones-daycare-c229db3e,/daycare/stepping-stones-daycare-7BDB1243,mx_copy_of_bundled|high_same_street
delburne-playschool-1b834045,mx-dfaa1b834045,mx,delburne-playschool-F155D20E,ab-73DAF155D20E,Delburne Playschool,DELBURNE PLAYSCHOOL,2101 20 STREET,2101 20 STREET,Delburne,AB,T0M 0V0,T0M 0V0,identical_after_norm,/daycare/delburne-playschool-1b834045,/daycare/delburne-playschool-F155D20E,mx_copy_of_bundled|high_same_street
didsbury-preschool-fc33a8c6,mx-0011fc33a8c6,mx,didsbury-preschool-09410F8A,ab-ABB509410F8A,Didsbury Preschool,DIDSBURY PRESCHOOL,2154 - 18 AVENUE,2154 - 18 AVENUE,Didsbury,AB,T0M 0W0,T0M 0W0,identical_after_norm,/daycare/didsbury-preschool-fc33a8c6,/daycare/didsbury-preschool-09410F8A,mx_copy_of_bundled|high_same_street
kidsbury-day-care-centre-4df18e62,mx-b6914df18e62,mx,kidsbury-day-care-centre-98F1C95D,ab-5ED598F1C95D,Kidsbury Day Care Centre,KIDSBURY DAY CARE CENTRE,1703 - 20 AVENUE,1703 - 20 AVENUE,Didsbury,AB,T0M 0W0,T0M 0W0,identical_after_norm,/daycare/kidsbury-day-care-centre-4df18e62,/daycare/kidsbury-day-care-centre-98F1C95D,mx_copy_of_bundled|high_same_street
kidz-playhouse-daycare-5f7548df,mx-d03a5f7548df,mx,kidz-playhouse-daycare-15D4EBFF,ab-1D0D15D4EBFF,Kidz Playhouse Daycare,KIDZ PLAYHOUSE DAYCARE,1613 20 AVENUE,1613 20 AVENUE,Didsbury,AB,T0M 0W0,T0M 0W0,identical_after_norm,/daycare/kidz-playhouse-daycare-5f7548df,/daycare/kidz-playhouse-daycare-15D4EBFF,mx_copy_of_bundled|high_same_street
kidz-playhouse-osc-leap-program-effa8928,mx-68a6effa8928,mx,kidz-playhouse-osc-leap-program-E6ED76CF,ab-D82BE6ED76CF,Kidz Playhouse Osc 'Leap' Program,KIDZ PLAYHOUSE OSC 'LEAP' PROGRAM,2016 -23 ST,2016 -23 ST,Didsbury,AB,T0M 0W0,T0M 0W0,identical_after_norm,/daycare/kidz-playhouse-osc-leap-program-effa8928,/daycare/kidz-playhouse-osc-leap-program-E6ED76CF,mx_copy_of_bundled|high_same_street
drayton-valley-daycare-and-osc-e3bba9f8,mx-f978e3bba9f8,mx,drayton-valley-daycare-osc-E7B55A24,ab-8F93E7B55A24,Drayton Valley Daycare & Osc,DRAYTON VALLEY DAYCARE & OSC,4929 44 STREET,4929 44 STREET,Drayton Valley,AB,T7A 1H3,T7A 1H3,identical_after_norm,/daycare/drayton-valley-daycare-and-osc-e3bba9f8,/daycare/drayton-valley-daycare-osc-E7B55A24,mx_copy_of_bundled|high_same_street
drayton-valley-mighty-learners-centre-0ccfebd5,mx-fe030ccfebd5,mx,drayton-valley-mighty-learners-centre-EE718681,ab-E8ECEE718681,Drayton Valley Mighty Learners Centre,DRAYTON VALLEY MIGHTY LEARNERS CENTRE,5137 50 AVENUE,5137 50 AVENUE,Drayton Valley,AB,T7A 1J7,T7A 1J7,identical_after_norm,/daycare/drayton-valley-mighty-learners-centre-0ccfebd5,/daycare/drayton-valley-mighty-learners-centre-EE718681,mx_copy_of_bundled|high_same_street
drayton-valley-preschool-f400809d,mx-0353f400809d,mx,drayton-valley-preschool-EADFC672,ab-6AA0EADFC672,Drayton Valley Preschool,DRAYTON VALLEY PRESCHOOL,4813 49 AVENUE,4813 49 AVENUE,Drayton Valley,AB,T7A 1J2,T7A 1J2,identical_after_norm,/daycare/drayton-valley-preschool-f400809d,/daycare/drayton-valley-preschool-EADFC672,mx_copy_of_bundled|high_same_street
st-anthony-little-angels-catholic-preschool-osc-2adafda1,mx-09ce2adafda1,mx,st-anthony-little-angels-catholic-preschool-osc-2EAD0452,ab-97642EAD0452,St. Anthony Little Angels Catholic Preschool/Osc,ST. ANTHONY LITTLE ANGELS CATHOLIC PRESCHOOL/OSC,4921-43 STREET,4921-43 STREET,Drayton Valley,AB,T7A 1P5,T7A 1P5,identical_after_norm,/daycare/st-anthony-little-angels-catholic-preschool-osc-2adafda1,/daycare/st-anthony-little-angels-catholic-preschool-osc-2EAD0452,mx_copy_of_bundled|high_same_street
edgerton-eagles-nest-child-care-4c88dbb8,mx-da8a4c88dbb8,mx,edgerton-eagles-nest-child-care-9DEBB7A8,ab-2EB99DEBB7A8,Edgerton Eagles Nest Child Care,EDGERTON EAGLES NEST CHILD CARE,5216 53 ST,5216 53 ST,Edgerton,AB,T0B 1K0,T0B 1K0,identical_after_norm,/daycare/edgerton-eagles-nest-child-care-4c88dbb8,/daycare/edgerton-eagles-nest-child-care-9DEBB7A8,mx_copy_of_bundled|high_same_street
the-nest-daycare-d8eb83ad,mx-06a9d8eb83ad,mx,the-nest-daycare-2FF48E75,ab-212E2FF48E75,The Nest Daycare,THE NEST DAYCARE,5017 50 AVENUE,5017 50 AVENUE,Edgerton,AB,T0B 1K0,T0B 1K0,identical_after_norm,/daycare/the-nest-daycare-d8eb83ad,/daycare/the-nest-daycare-2FF48E75,mx_copy_of_bundled|high_same_street
a-place-to-grow-early-learning-and-care-4946b0c5,mx-0f144946b0c5,mx,a-place-to-grow-early-learning-and-care-118C77D0,ab-FFA4118C77D0,A Place To Grow Early Learning And Care,A PLACE TO GROW EARLY LEARNING AND CARE,2407 90B STREET,2407 90B STREET,Edmonton,AB,T6X 0P4,T6X 0P4,identical_after_norm,/daycare/a-place-to-grow-early-learning-and-care-4946b0c5,/daycare/a-place-to-grow-early-learning-and-care-118C77D0,mx_copy_of_bundled|high_same_street
a-r-c-candora-cac-75365bc7,mx-e1e675365bc7,mx,a-r-c-candora-cac-DD7B3F41,ab-D669DD7B3F41,A.R.C.-Candora Cac,A.R.C.-CANDORA CAC,3006 119 AVENUE,3006 119 AVENUE,Edmonton,AB,T5W 4T4,T5W 4T4,identical_after_norm,/daycare/a-r-c-candora-cac-75365bc7,/daycare/a-r-c-candora-cac-DD7B3F41,mx_copy_of_bundled|high_same_street
a1-daycare-and-osc-5fb9282f,mx-c02f5fb9282f,mx,a1-daycare-osc-AFDE76EC,ab-9C60AFDE76EC,A1 Daycare & Osc,A1 DAYCARE & OSC,8048 167 AVENUE,8048 167 AVENUE,Edmonton,AB,T5Z 0E5,T5Z 0E5,identical_after_norm,/daycare/a1-daycare-and-osc-5fb9282f,/daycare/a1-daycare-osc-AFDE76EC,mx_copy_of_bundled|high_same_street
abc-child-development-centre-97a85d56,mx-30e497a85d56,mx,abc-child-development-centre-22592472,ab-891622592472,Abc Child Development Centre,ABC CHILD DEVELOPMENT CENTRE,8B 11411 40 AVENUE,8B 11411 40 AVENUE,Edmonton,AB,T6J 0R4,T6J 0R4,identical_after_norm,/daycare/abc-child-development-centre-97a85d56,/daycare/abc-child-development-centre-22592472,mx_copy_of_bundled|high_same_street
adventure-time-daycare-915e0d54,mx-443d915e0d54,mx,adventure-time-daycare-865693B3,ab-8DF1865693B3,Adventure Time Daycare,ADVENTURE TIME DAYCARE,11306 107 AVE,11306 107 AVE,Edmonton,AB,T5H 0Y3,T5H 0Y3,identical_after_norm,/daycare/adventure-time-daycare-915e0d54,/daycare/adventure-time-daycare-865693B3,mx_copy_of_bundled|high_same_street
alder-academy-early-learning-society-downtown-site-86681d72,mx-170086681d72,mx,alder-academy-early-learning-society-downtown-si-072D286F,ab-E670072D286F,Alder Academy Early Learning Society Downtown Site,ALDER ACADEMY EARLY LEARNING SOCIETY DOWNTOWN SITE,10227 118 STREET,10227 118 STREET,Edmonton,AB,T5K 2V4,T5K 2V4,identical_after_norm,/daycare/alder-academy-early-learning-society-downtown-site-86681d72,/daycare/alder-academy-early-learning-society-downtown-si-072D286F,mx_copy_of_bundled|high_same_street
alder-academy-early-learning-society-millcreek-site-e51a25fe,mx-3cb6e51a25fe,mx,alder-academy-early-learning-society-millcreek-s-0B5643EA,ab-DB990B5643EA,Alder Academy Early Learning Society Millcreek Site,ALDER ACADEMY EARLY LEARNING SOCIETY MILLCREEK SITE,9735 80 AVENUE,9735 80 AVENUE,Edmonton,AB,T6E 1S8,T6E 1S8,identical_after_norm,/daycare/alder-academy-early-learning-society-millcreek-site-e51a25fe,/daycare/alder-academy-early-learning-society-millcreek-s-0B5643EA,mx_copy_of_bundled|high_same_street
aldergrove-community-league-child-care-3a1ca411,mx-19203a1ca411,mx,aldergrove-community-league-child-care-94DF7926,ab-329494DF7926,Aldergrove Community League Child Care,ALDERGROVE COMMUNITY LEAGUE CHILD CARE,8535 182 STREET,8535 182 STREET,Edmonton,AB,T5T 1X1,T5T 1X1,identical_after_norm,/daycare/aldergrove-community-league-child-care-3a1ca411,/daycare/aldergrove-community-league-child-care-94DF7926,mx_copy_of_bundled|high_same_street
allen-gray-child-development-centre-day-care-42961794,mx-069742961794,mx,allen-gray-child-development-centre-day-care-68DA573E,ab-21E268DA573E,Allen Gray Child Development Centre Day Care,ALLEN GRAY CHILD DEVELOPMENT CENTRE DAY CARE,5005 28 AVENUE,5005 28 AVENUE,Edmonton,AB,T6L 7G1,T6L 7G1,identical_after_norm,/daycare/allen-gray-child-development-centre-day-care-42961794,/daycare/allen-gray-child-development-centre-day-care-68DA573E,mx_copy_of_bundled|high_same_street
alta-montessori-daycare-adb6c3eb,mx-d6e7adb6c3eb,mx,alta-montessori-daycare-288672ED,ab-5263288672ED,Alta Montessori Daycare,ALTA MONTESSORI DAYCARE,101 14707 77 STREET,101 14707 77 STREET,Edmonton,AB,T5C 1E7,T5C 1E7,identical_after_norm,/daycare/alta-montessori-daycare-adb6c3eb,/daycare/alta-montessori-daycare-288672ED,mx_copy_of_bundled|high_same_street
angel-keepers-daycare-f9c366f7,mx-00fff9c366f7,mx,angel-keepers-daycare-956BD10B,ab-FCA8956BD10B,Angel Keepers Daycare,ANGEL KEEPERS DAYCARE,12839 50 STREET,12839 50 STREET,Edmonton,AB,T5A 4L8,T5A 4L8,identical_after_norm,/daycare/angel-keepers-daycare-f9c366f7,/daycare/angel-keepers-daycare-956BD10B,mx_copy_of_bundled|high_same_street
angels-daycare-c71a46d0,mx-92a0c71a46d0,mx,angels-daycare-4E4B3EC7,ab-09DF4E4B3EC7,Angels Daycare,ANGELS DAYCARE,7917 106 AVENUE,7917 106 AVENUE,Edmonton,AB,T6A 1H7,T6A 1H7,identical_after_norm,/daycare/angels-daycare-c71a46d0,/daycare/angels-daycare-4E4B3EC7,mx_copy_of_bundled|high_same_street
anne-s-kinder-kastle-80b9a6ee,mx-7a3780b9a6ee,mx,anne-s-kinder-kastle-6D0E7D22,ab-A5C26D0E7D22,Anne'S Kinder Kastle,ANNE'S KINDER KASTLE,7909 82 AVENUE,7909 82 AVENUE,Edmonton,AB,T6C 0Y1,T6C 0Y1,identical_after_norm,/daycare/anne-s-kinder-kastle-80b9a6ee,/daycare/anne-s-kinder-kastle-6D0E7D22,mx_copy_of_bundled|high_same_street
apollo-out-of-school-care-7061a4a1,mx-d7997061a4a1,mx,apollo-out-of-school-care-E87BDD08,ab-929CE87BDD08,Apollo Out Of School Care,APOLLO OUT OF SCHOOL CARE,6015 184 STREET,6015 184 STREET,Edmonton,AB,T6M 1T8,T6M 1T8,identical_after_norm,/daycare/apollo-out-of-school-care-7061a4a1,/daycare/apollo-out-of-school-care-E87BDD08,mx_copy_of_bundled|high_same_street
appleton-childcare-centre-8554f019,mx-c3028554f019,mx,appleton-childcare-centre-A21D55F6,ab-BB64A21D55F6,Appleton Childcare Centre,APPLETON CHILDCARE CENTRE,10344 119 STREET,10344 119 STREET,Edmonton,AB,T5K 1Z6,T5K 1Z6,identical_after_norm,/daycare/appleton-childcare-centre-8554f019,/daycare/appleton-childcare-centre-A21D55F6,mx_copy_of_bundled|high_same_street
aspen-after-school-care-4dd902d9,mx-35d04dd902d9,mx,aspen-after-school-care-9DE2B877,ab-AA019DE2B877,Aspen After School Care,ASPEN AFTER SCHOOL CARE,11807/11811- 40 AVE,11807/11811- 40 AVE,Edmonton,AB,T6J 0R8,T6J 0R8,identical_after_norm,/daycare/aspen-after-school-care-4dd902d9,/daycare/aspen-after-school-care-9DE2B877,mx_copy_of_bundled|high_same_street
avonmore-community-playschool-f00cef47,mx-d213f00cef47,mx,avonmore-community-playschool-324109C3,ab-385C324109C3,Avonmore Community Playschool,AVONMORE COMMUNITY PLAYSCHOOL,7902 - 73 AVENUE,7902 - 73 AVENUE,Edmonton,AB,T6C 0C5,T6C 0C5,identical_after_norm,/daycare/avonmore-community-playschool-f00cef47,/daycare/avonmore-community-playschool-324109C3,mx_copy_of_bundled|high_same_street
b-smart-learning-center-inc-e2011579,mx-a8b3e2011579,mx,b-smart-learning-center-inc-190531B5,ab-1072190531B5,B-Smart Learning Center Inc.,B-SMART LEARNING CENTER INC.,13639 66 STREET,13639 66 STREET,Edmonton,AB,T5C 0B8,T5C 0B8,identical_after_norm,/daycare/b-smart-learning-center-inc-e2011579,/daycare/b-smart-learning-center-inc-190531B5,mx_copy_of_bundled|high_same_street
balwin-day-care-centre-158d53cd,mx-d178158d53cd,mx,balwin-day-care-centre-A1F761A9,ab-1CA7A1F761A9,Balwin Day Care Centre,BALWIN DAY CARE CENTRE,13112 68 STREET,13112 68 STREET,Edmonton,AB,T5C 0E9,T5C 0E9,identical_after_norm,/daycare/balwin-day-care-centre-158d53cd,/daycare/balwin-day-care-centre-A1F761A9,mx_copy_of_bundled|high_same_street
balwin-learn-n-play-daycare-and-out-of-school-care-552a17a7,mx-4b5c552a17a7,mx,balwin-learn-n-play-daycare-out-of-school-care-9A6901CD,ab-0CF39A6901CD,Balwin Learn N Play Daycare & Out Of School Care,BALWIN LEARN N PLAY DAYCARE & OUT OF SCHOOL CARE,7115 132 AVENUE,7115 132 AVENUE,Edmonton,AB,T5C 2A7,T5C 2A7,identical_after_norm,/daycare/balwin-learn-n-play-daycare-and-out-of-school-care-552a17a7,/daycare/balwin-learn-n-play-daycare-out-of-school-care-9A6901CD,mx_copy_of_bundled|high_same_street
bambini-granville-c46feb9f,mx-4a0fc46feb9f,mx,bambini-granville-579F3F52,ab-08C7579F3F52,Bambini Granville,BAMBINI GRANVILLE,20930 62 AVENUE,20930 62 AVENUE,Edmonton,AB,T5T 4L7,T5T 4L7,identical_after_norm,/daycare/bambini-granville-c46feb9f,/daycare/bambini-granville-579F3F52,mx_copy_of_bundled|high_same_street
baturyn-community-league-playschool-01977dc9,mx-f46601977dc9,mx,baturyn-community-league-playschool-C712DF16,ab-F0B2C712DF16,Baturyn Community League Playschool,BATURYN COMMUNITY LEAGUE PLAYSCHOOL,10505 172 AVENUE,10505 172 AVENUE,Edmonton,AB,T5X 3X2,T5X 3X2,identical_after_norm,/daycare/baturyn-community-league-playschool-01977dc9,/daycare/baturyn-community-league-playschool-C712DF16,mx_copy_of_bundled|high_same_street
bebe-s-daycare-4bf02ba0,mx-92e74bf02ba0,mx,bebe-s-daycare-D6BE61F1,ab-F00FD6BE61F1,Bebe'S Daycare,BEBE'S DAYCARE,12124 161 AVENUE,12124 161 AVENUE,Edmonton,AB,T5X 5M8,T5X 5M8,identical_after_norm,/daycare/bebe-s-daycare-4bf02ba0,/daycare/bebe-s-daycare-D6BE61F1,mx_copy_of_bundled|high_same_street
between-friends-day-care-18cc3dbb,mx-258c18cc3dbb,mx,between-friends-day-care-CA5AF5D5,ab-20AECA5AF5D5,Between Friends Day Care,BETWEEN FRIENDS DAY CARE,10638 215 STREET,10638 215 STREET,Edmonton,AB,T5S 1T7,T5S 1T7,identical_after_norm,/daycare/between-friends-day-care-18cc3dbb,/daycare/between-friends-day-care-CA5AF5D5,mx_copy_of_bundled|high_same_street
beverly-day-care-society-and-family-resource-centre-0547cc0c,mx-1e700547cc0c,mx,beverly-day-care-society-family-resource-centre-F08E25F1,ab-2B0BF08E25F1,Beverly Day Care Society & Family Resource Centre,BEVERLY DAY CARE SOCIETY & FAMILY RESOURCE CENTRE,11005 34 STREET,11005 34 STREET,Edmonton,AB,T5W 1Y7,T5W 1Y7,identical_after_norm,/daycare/beverly-day-care-society-and-family-resource-centre-0547cc0c,/daycare/beverly-day-care-society-family-resource-centre-F08E25F1,mx_copy_of_bundled|high_same_street
blackmud-creek-child-care-b301bde1,mx-44e0b301bde1,mx,blackmud-creek-child-care-8B57F26A,ab-28C98B57F26A,Blackmud Creek Child Care,BLACKMUD CREEK CHILD CARE,1911/1925 105 STREET,1911/1925 105 STREET,Edmonton,AB,T6J 5V9,T6J 5V9,identical_after_norm,/daycare/blackmud-creek-child-care-b301bde1,/daycare/blackmud-creek-child-care-8B57F26A,mx_copy_of_bundled|high_same_street
blue-bird-child-care-centre-west-end-227a72fb,mx-2cb2227a72fb,mx,blue-bird-child-care-centre-west-end-87F12D3B,ab-DEF387F12D3B,Blue Bird Child Care Centre (West End),BLUE BIRD CHILD CARE CENTRE (WEST END),18204 84 AVENUE,18204 84 AVENUE,Edmonton,AB,T5T 2B4,T5T 2B4,identical_after_norm,/daycare/blue-bird-child-care-centre-west-end-227a72fb,/daycare/blue-bird-child-care-centre-west-end-87F12D3B,mx_copy_of_bundled|high_same_street
blue-quill-montessori-daycare-8c8c46f2,mx-26a98c8c46f2,mx,blue-quill-montessori-daycare-94C11E90,ab-BA1194C11E90,Blue Quill Montessori Daycare,BLUE QUILL MONTESSORI DAYCARE,2823/2809 116 STREET,2823/2809 116 STREET,Edmonton,AB,T6J 4R6,T6J 4R6,identical_after_norm,/daycare/blue-quill-montessori-daycare-8c8c46f2,/daycare/blue-quill-montessori-daycare-94C11E90,mx_copy_of_bundled|high_same_street
bluesky-day-care-cba94038,mx-efefcba94038,mx,bluesky-day-care-3BE8F33A,ab-D1933BE8F33A,Bluesky Day Care,BLUESKY DAY CARE,11909/11913 134 AVENUE,11909/11913 134 AVENUE,Edmonton,AB,T5E 1L4,T5E 1L4,identical_after_norm,/daycare/bluesky-day-care-cba94038,/daycare/bluesky-day-care-3BE8F33A,mx_copy_of_bundled|high_same_street
bonnie-doon-osc-bilingual-2907ee37,mx-7c022907ee37,mx,bonnie-doon-osc-bilingual-5644428C,ab-1E4E5644428C,Bonnie Doon Osc (Bilingual),BONNIE DOON OSC (BILINGUAL),8817 - 92 STREET,8817 - 92 STREET,Edmonton,AB,T6C 3P9,T6C 3P9,identical_after_norm,/daycare/bonnie-doon-osc-bilingual-2907ee37,/daycare/bonnie-doon-osc-bilingual-5644428C,mx_copy_of_bundled|high_same_street
bonnie-doon-playschool-29f8c384,mx-d82d29f8c384,mx,bonnie-doon-playschool-07A7FBDC,ab-92DC07A7FBDC,Bonnie Doon Playschool,BONNIE DOON PLAYSCHOOL,8631 81 STREET,8631 81 STREET,Edmonton,AB,T6C 2W1,T6C 2W1,identical_after_norm,/daycare/bonnie-doon-playschool-29f8c384,/daycare/bonnie-doon-playschool-07A7FBDC,mx_copy_of_bundled|high_same_street
brander-gardens-child-care-centre-1d950cbc,mx-3a1c1d950cbc,mx,brander-gardens-child-care-centre-FFA20132,ab-5DABFFA20132,Brander Gardens Child Care Centre,BRANDER GARDENS CHILD CARE CENTRE,14865 56 AVENUE,14865 56 AVENUE,Edmonton,AB,T6H 5G2,T6H 5G2,identical_after_norm,/daycare/brander-gardens-child-care-centre-1d950cbc,/daycare/brander-gardens-child-care-centre-FFA20132,mx_copy_of_bundled|high_same_street
bright-minds-academy-and-osc-st-boniface-dfe8ca79,mx-022adfe8ca79,mx,bright-minds-academy-osc-st-boniface-257B25AE,ab-D690257B25AE,Bright Minds Academy & Osc - St. Boniface,BRIGHT MINDS ACADEMY & OSC - ST. BONIFACE,11810 40 AVE,11810 40 AVE,Edmonton,AB,T6J 0R9,T6J 0R9,identical_after_norm,/daycare/bright-minds-academy-and-osc-st-boniface-dfe8ca79,/daycare/bright-minds-academy-osc-st-boniface-257B25AE,mx_copy_of_bundled|high_same_street
bright-minds-academy-and-osc-st-paul-34308544,mx-4e2d34308544,mx,bright-minds-academy-osc-st-paul-C095C0C8,ab-C1DCC095C0C8,Bright Minds Academy & Osc - St. Paul,BRIGHT MINDS ACADEMY & OSC - ST. PAUL,14410 - 96 AVE,14410 - 96 AVE,Edmonton,AB,T5N 0C7,T5N 0C7,identical_after_norm,/daycare/bright-minds-academy-and-osc-st-paul-34308544,/daycare/bright-minds-academy-osc-st-paul-C095C0C8,mx_copy_of_bundled|high_same_street
bright-minds-whyte-ave-child-care-4823ba56,mx-50c54823ba56,mx,bright-minds-whyte-ave-child-care-461AEB78,ab-389F461AEB78,Bright Minds Whyte Ave Child Care,BRIGHT MINDS WHYTE AVE CHILD CARE,8009 102 STREET,8009 102 STREET,Edmonton,AB,T6E 4A2,T6E 4A2,identical_after_norm,/daycare/bright-minds-whyte-ave-child-care-4823ba56,/daycare/bright-minds-whyte-ave-child-care-461AEB78,mx_copy_of_bundled|high_same_street
brightpath-millwoods-9647e232,mx-207a9647e232,mx,brightpath-millwoods-745BB29A,ab-819F745BB29A,Brightpath Millwoods,BRIGHTPATH MILLWOODS,2953 66 STREET,2953 66 STREET,Edmonton,AB,T6K 4C1,T6K 4C1,identical_after_norm,/daycare/brightpath-millwoods-9647e232,/daycare/brightpath-millwoods-745BB29A,mx_copy_of_bundled|high_same_street
brilliant-learners-daycare-and-osc-134c28f6,mx-0c46134c28f6,mx,brilliant-learners-daycare-and-osc-E42CDE00,ab-557BE42CDE00,Brilliant Learners Daycare And Osc,BRILLIANT LEARNERS DAYCARE AND OSC,6525 111 STREET,6525 111 STREET,Edmonton,AB,T6H 4R5,T6H 4R5,identical_after_norm,/daycare/brilliant-learners-daycare-and-osc-134c28f6,/daycare/brilliant-learners-daycare-and-osc-E42CDE00,mx_copy_of_bundled|high_same_street
brite-beginnings-early-learning-and-childcare-centre-b19ca7ec,mx-8513b19ca7ec,mx,brite-beginnings-early-learning-childcare-centre-140FF12F,ab-7A66140FF12F,Brite Beginnings Early Learning & Childcare Centre,BRITE BEGINNINGS EARLY LEARNING & CHILDCARE CENTRE,11120 28 AVENUE,11120 28 AVENUE,Edmonton,AB,T6J 4M2,T6J 4M2,identical_after_norm,/daycare/brite-beginnings-early-learning-and-childcare-centre-b19ca7ec,/daycare/brite-beginnings-early-learning-childcare-centre-140FF12F,mx_copy_of_bundled|high_same_street
bumble-bee-child-care-centre-33ceb54e,mx-9acc33ceb54e,mx,bumble-bee-child-care-centre-604EEDD4,ab-3A03604EEDD4,Bumble Bee Child Care Centre,BUMBLE BEE CHILD CARE CENTRE,11028 106 AVENUE,11028 106 AVENUE,Edmonton,AB,T5H 0R3,T5H 0R3,identical_after_norm,/daycare/bumble-bee-child-care-centre-33ceb54e,/daycare/bumble-bee-child-care-centre-604EEDD4,mx_copy_of_bundled|high_same_street
busy-kids-child-care-centre-f5595203,mx-cc07f5595203,mx,busy-kids-child-care-centre-FF7C50C8,ab-DA26FF7C50C8,Busy Kids Child Care Centre,BUSY KIDS CHILD CARE CENTRE,12621 153 AVENUE,12621 153 AVENUE,Edmonton,AB,T5X 5X8,T5X 5X8,identical_after_norm,/daycare/busy-kids-child-care-centre-f5595203,/daycare/busy-kids-child-care-centre-FF7C50C8,mx_copy_of_bundled|high_same_street
capilano-day-care-centre-b421ca55,mx-411eb421ca55,mx,capilano-day-care-centre-8164BA24,ab-DE888164BA24,Capilano Day Care Centre,CAPILANO DAY CARE CENTRE,4922 98 AVENUE,4922 98 AVENUE,Edmonton,AB,T6B 2Y7,T6B 2Y7,identical_after_norm,/daycare/capilano-day-care-centre-b421ca55,/daycare/capilano-day-care-centre-8164BA24,mx_copy_of_bundled|high_same_street
capilano-playschool-association-9de88b81,mx-3c0d9de88b81,mx,capilano-playschool-association-67279DE8,ab-CC7667279DE8,Capilano Playschool Association,CAPILANO PLAYSCHOOL ASSOCIATION,10534 - 62 STREET,10534 - 62 STREET,Edmonton,AB,T6A 2M3,T6A 2M3,identical_after_norm,/daycare/capilano-playschool-association-9de88b81,/daycare/capilano-playschool-association-67279DE8,mx_copy_of_bundled|high_same_street
castledowns-childcare-6d756c7f,mx-f4e86d756c7f,mx,castledowns-childcare-85276F41,ab-AD1385276F41,Castledowns Childcare,CASTLEDOWNS CHILDCARE,11852/11854 145 AVENUE,11852/11854 145 AVENUE,Edmonton,AB,T5X 2E3,T5X 2E3,identical_after_norm,/daycare/castledowns-childcare-6d756c7f,/daycare/castledowns-childcare-85276F41,mx_copy_of_bundled|high_same_street
centre-d-apprentissage-de-la-petite-enfance-la-colombe-faea56d4,mx-b750faea56d4,mx,centre-d-apprentissage-de-la-petite-enfance-la-c-AC53BC28,ab-A4E9AC53BC28,Centre D'Apprentissage De La Petite Enfance: La Colombe,CENTRE D'APPRENTISSAGE DE LA PETITE ENFANCE: LA COLOMBE,SUITE #120 8627 91 STREET,SUITE #120 8627 91 STREET,Edmonton,AB,T6C 3N1,T6C 3N1,identical_after_norm,/daycare/centre-d-apprentissage-de-la-petite-enfance-la-colombe-faea56d4,/daycare/centre-d-apprentissage-de-la-petite-enfance-la-c-AC53BC28,mx_copy_of_bundled|high_same_street
centre-d-experience-prescolaire-et-parascolaire-notre-dame-68326f52,mx-6db168326f52,mx,centre-d-experience-prescolaire-et-parascolaire--D0D6726B,ab-CA08D0D6726B,Centre D'Experience Prescolaire Et Parascolaire (Notre Dame),CENTRE D'EXPERIENCE PRESCOLAIRE ET PARASCOLAIRE (NOTRE DAME),15425 91 AVENUE,15425 91 AVENUE,Edmonton,AB,T5R 4Z7,T5R 4Z7,identical_after_norm,/daycare/centre-d-experience-prescolaire-et-parascolaire-notre-dame-68326f52,/daycare/centre-d-experience-prescolaire-et-parascolaire--D0D6726B,mx_copy_of_bundled|high_same_street
centre-d-experience-prescolaire-et-parascolaire-pere-lacombe-8fdfd3ee,mx-0a188fdfd3ee,mx,centre-d-experience-prescolaire-et-parascolaire--04B3EA35,ab-417F04B3EA35,Centre D'Experience Prescolaire Et Parascolaire (Pere Lacombe),CENTRE D'EXPERIENCE PRESCOLAIRE ET PARASCOLAIRE (PERE LACOMBE),10715 131A AVENUE,10715 131A AVENUE,Edmonton,AB,T5E 0X4,T5E 0X4,identical_after_norm,/daycare/centre-d-experience-prescolaire-et-parascolaire-pere-lacombe-8fdfd3ee,/daycare/centre-d-experience-prescolaire-et-parascolaire--04B3EA35,mx_copy_of_bundled|high_same_street
centre-d-experience-prescolaire-et-parascolaire-gabrielle-roy-82ef1d79,mx-5dcc82ef1d79,mx,centre-d-experience-prescolaire-et-parascolaire--6A83A31D,ab-3E066A83A31D,Centre D'Experience Prescolaire Et Parascolaire - Gabrielle Roy,CENTRE D'EXPERIENCE PRESCOLAIRE ET PARASCOLAIRE - GABRIELLE ROY,8728 93 AVENUE,8728 93 AVENUE,Edmonton,AB,T6C 1T8,T6C 1T8,identical_after_norm,/daycare/centre-d-experience-prescolaire-et-parascolaire-gabrielle-roy-82ef1d79,/daycare/centre-d-experience-prescolaire-et-parascolaire--6A83A31D,mx_copy_of_bundled|high_same_street
centre-d-experience-prescolaire-et-parascolaire-sainte-jeanne-d-arc-1e38abf7,mx-276d1e38abf7,mx,centre-d-experience-prescolaire-et-parascolaire--5EF0407C,ab-EE1B5EF0407C,Centre D'Experience Prescolaire Et Parascolaire-Sainte Jeanne D'Arc,CENTRE D'EXPERIENCE PRESCOLAIRE ET PARASCOLAIRE-SAINTE JEANNE D'ARC,8505 68A STREET,8505 68A STREET,Edmonton,AB,T6B 0J9,T6B 0J9,identical_after_norm,/daycare/centre-d-experience-prescolaire-et-parascolaire-sainte-jeanne-d-arc-1e38abf7,/daycare/centre-d-experience-prescolaire-et-parascolaire--5EF0407C,mx_copy_of_bundled|high_same_street
century-park-early-learning-and-child-care-centre-f6417cea,mx-ba86f6417cea,mx,century-park-early-learning-and-child-care-centr-5DA0ED33,ab-D4765DA0ED33,Century Park Early Learning And Child Care Centre,CENTURY PARK EARLY LEARNING AND CHILD CARE CENTRE,2349 111 STREET,2349 111 STREET,Edmonton,AB,T6J 5E5,T6J 5E5,identical_after_norm,/daycare/century-park-early-learning-and-child-care-centre-f6417cea,/daycare/century-park-early-learning-and-child-care-centr-5DA0ED33,mx_copy_of_bundled|high_same_street
children-of-the-world-daycare-ca9dce45,mx-e27eca9dce45,mx,children-of-the-world-daycare-7708CEF3,ab-BE117708CEF3,Children Of The World Daycare,CHILDREN OF THE WORLD DAYCARE,4047 106 STREET,4047 106 STREET,Edmonton,AB,T6J 3S3,T6J 3S3,identical_after_norm,/daycare/children-of-the-world-daycare-ca9dce45,/daycare/children-of-the-world-daycare-7708CEF3,mx_copy_of_bundled|high_same_street
children-s-day-out-27bfa6a7,mx-e5d727bfa6a7,mx,children-s-day-out-19EDE31A,ab-174F19EDE31A,Children'S Day Out,CHILDREN'S DAY OUT,RM 106 10005 84 STREET,RM 106 10005 84 STREET,Edmonton,AB,T6A 3P8,T6A 3P8,identical_after_norm,/daycare/children-s-day-out-27bfa6a7,/daycare/children-s-day-out-19EDE31A,mx_copy_of_bundled|high_same_street
children-s-explore-centre-0f16b16e,mx-72e60f16b16e,mx,children-s-explore-centre-2ED1C8B0,ab-6C802ED1C8B0,Children'S Explore Centre,CHILDREN'S EXPLORE CENTRE,3914/3916 118 AVENUE,3914/3916 118 AVENUE,Edmonton,AB,T5W 0Z9,T5W 0Z9,identical_after_norm,/daycare/children-s-explore-centre-0f16b16e,/daycare/children-s-explore-centre-2ED1C8B0,mx_copy_of_bundled|high_same_street
children-s-playce-child-care-centre-eadc39fd,mx-573beadc39fd,mx,children-s-playce-child-care-centre-A531AFE2,ab-BFE3A531AFE2,Children'S Playce Child Care Centre,CHILDREN'S PLAYCE CHILD CARE CENTRE,11844 103 STREET,11844 103 STREET,Edmonton,AB,T5G 2J2,T5G 2J2,identical_after_norm,/daycare/children-s-playce-child-care-centre-eadc39fd,/daycare/children-s-playce-child-care-centre-A531AFE2,mx_copy_of_bundled|high_same_street
city-west-childcare-a271019a,mx-1466a271019a,mx,city-west-childcare-4F56A741,ab-062D4F56A741,City West Childcare,CITY WEST CHILDCARE,9915 148 STREET,9915 148 STREET,Edmonton,AB,T5N 3G1,T5N 3G1,identical_after_norm,/daycare/city-west-childcare-a271019a,/daycare/city-west-childcare-4F56A741,mx_copy_of_bundled|high_same_street
community-options-early-learning-and-child-care-centre-3820d76e,mx-7c7f3820d76e,mx,community-options-early-learning-child-care-cent-3BCE70F4,ab-0C403BCE70F4,Community Options Early Learning & Child Care Centre,COMMUNITY OPTIONS EARLY LEARNING & CHILD CARE CENTRE,11130 - 131 STREET,11130 - 131 STREET,Edmonton,AB,T5M 1C1,T5M 1C1,identical_after_norm,/daycare/community-options-early-learning-and-child-care-centre-3820d76e,/daycare/community-options-early-learning-child-care-cent-3BCE70F4,mx_copy_of_bundled|high_same_street
cornerstone-child-development-centre-db477ea3,mx-5a20db477ea3,mx,cornerstone-child-development-centre-3A1647B2,ab-04833A1647B2,Cornerstone Child Development Centre,CORNERSTONE CHILD DEVELOPMENT CENTRE,7803 87 STREET,7803 87 STREET,Edmonton,AB,T6C 3G6,T6C 3G6,identical_after_norm,/daycare/cornerstone-child-development-centre-db477ea3,/daycare/cornerstone-child-development-centre-3A1647B2,mx_copy_of_bundled|high_same_street
country-club-day-care-f27e47b3,mx-533ef27e47b3,mx,country-club-day-care-1FCBF856,ab-9CE21FCBF856,Country Club Day Care,COUNTRY CLUB DAY CARE,462 6655 178 STREET,462 6655 178 STREET,Edmonton,AB,T5T 4J5,T5T 4J5,identical_after_norm,/daycare/country-club-day-care-f27e47b3,/daycare/country-club-day-care-1FCBF856,mx_copy_of_bundled|high_same_street
creative-kidz-daycare-002c19ba,mx-33bd002c19ba,mx,creative-kidz-daycare-9FF71FA2,ab-87279FF71FA2,Creative Kidz Daycare,CREATIVE KIDZ DAYCARE,7632 144 AVE,7632 144 AVE,Edmonton,AB,T5C 2R7,T5C 2R7,identical_after_norm,/daycare/creative-kidz-daycare-002c19ba,/daycare/creative-kidz-daycare-9FF71FA2,mx_copy_of_bundled|high_same_street
creative-minds-preschool-6c4f1588,mx-6bc86c4f1588,mx,creative-minds-preschool-B2B73148,ab-2A6EB2B73148,Creative Minds Preschool,CREATIVE MINDS PRESCHOOL,"UNIT 109, 6104 - 172 STREET","UNIT 109, 6104 - 172 STREET",Edmonton,AB,T6M 1G9,T6M 1G9,identical_after_norm,/daycare/creative-minds-preschool-6c4f1588,/daycare/creative-minds-preschool-B2B73148,mx_copy_of_bundled|high_same_street
crestwood-montessori-school-5904e2b6,mx-58525904e2b6,mx,crestwood-montessori-school-8807D89B,ab-9F3E8807D89B,Crestwood Montessori School,CRESTWOOD MONTESSORI SCHOOL,10042 - 164 STREET,10042 - 164 STREET,Edmonton,AB,T5P 4Y3,T5P 4Y3,identical_after_norm,/daycare/crestwood-montessori-school-5904e2b6,/daycare/crestwood-montessori-school-8807D89B,mx_copy_of_bundled|high_same_street
curious-learners-daycare-and-out-of-school-care-westmount-690d2efe,mx-3687690d2efe,mx,curious-learners-daycare-and-out-of-school-care--2FD99560,ab-887A2FD99560,Curious Learners Daycare And Out Of School Care Westmount,CURIOUS LEARNERS DAYCARE AND OUT OF SCHOOL CARE WESTMOUNT,11024 127 STREET,11024 127 STREET,Edmonton,AB,T5M 0T2,T5M 0T2,identical_after_norm,/daycare/curious-learners-daycare-and-out-of-school-care-westmount-690d2efe,/daycare/curious-learners-daycare-and-out-of-school-care--2FD99560,mx_copy_of_bundled|high_same_street
daly-grove-day-care-2c77a764,mx-16282c77a764,mx,daly-grove-day-care-6D1AEE67,ab-A70C6D1AEE67,Daly Grove Day Care,DALY GROVE DAY CARE,4231 23 AVENUE,4231 23 AVENUE,Edmonton,AB,T6L 5Z8,T6L 5Z8,identical_after_norm,/daycare/daly-grove-day-care-2c77a764,/daycare/daly-grove-day-care-6D1AEE67,mx_copy_of_bundled|high_same_street
daycare-kolobok-873f9bd4,mx-771b873f9bd4,mx,daycare-kolobok-FE2F391E,ab-074EFE2F391E,"Daycare ""Kolobok""","DAYCARE ""KOLOBOK""",19815 45 AVENUE,19815 45 AVENUE,Edmonton,AB,T6M 2N4,T6M 2N4,identical_after_norm,/daycare/daycare-kolobok-873f9bd4,/daycare/daycare-kolobok-FE2F391E,mx_copy_of_bundled|high_same_street
derrick-golf-and-winter-club-playroom-preschool-06a6e252,mx-70d206a6e252,mx,derrick-golf-and-winter-club-playroom-preschool-01D77E17,ab-AB8301D77E17,Derrick Golf And Winter Club Playroom Preschool,DERRICK GOLF AND WINTER CLUB PLAYROOM PRESCHOOL,3500 119 STREET,3500 119 STREET,Edmonton,AB,T6J 5P5,T6J 5P5,identical_after_norm,/daycare/derrick-golf-and-winter-club-playroom-preschool-06a6e252,/daycare/derrick-golf-and-winter-club-playroom-preschool-01D77E17,mx_copy_of_bundled|high_same_street
diamond-day-care-centre-aa9645e7,mx-fb1aaa9645e7,mx,diamond-day-care-centre-A87093C1,ab-D34FA87093C1,Diamond Day Care Centre,DIAMOND DAY CARE CENTRE,7510 132 AVENUE,7510 132 AVENUE,Edmonton,AB,T5C 2A9,T5C 2A9,identical_after_norm,/daycare/diamond-day-care-centre-aa9645e7,/daycare/diamond-day-care-centre-A87093C1,mx_copy_of_bundled|high_same_street
dickinsfield-child-development-center-a5039732,mx-bc33a5039732,mx,dickinsfield-child-development-center-48B4D0C8,ab-CDC448B4D0C8,Dickinsfield Child Development Center,DICKINSFIELD CHILD DEVELOPMENT CENTER,20 9228 144 AVE,20 9228 144 AVE,Edmonton,AB,T5E 6A3,T5E 6A3,identical_after_norm,/daycare/dickinsfield-child-development-center-a5039732,/daycare/dickinsfield-child-development-center-48B4D0C8,mx_copy_of_bundled|high_same_street
die-kleine-kinderschule-forest-heights-afda9a00,mx-0ba7afda9a00,mx,die-kleine-kinderschule-forest-heights-DBCCE9B0,ab-4E1EDBCCE9B0,Die Kleine Kinderschule (Forest Heights),DIE KLEINE KINDERSCHULE (FOREST HEIGHTS),10304 - 81 STREET,10304 - 81 STREET,Edmonton,AB,T6A 3X4,T6A 3X4,identical_after_norm,/daycare/die-kleine-kinderschule-forest-heights-afda9a00,/daycare/die-kleine-kinderschule-forest-heights-DBCCE9B0,mx_copy_of_bundled|high_same_street
die-kleine-kinderschule-rio-terrace-c1e4d14b,mx-339ac1e4d14b,mx,die-kleine-kinderschule-rio-terrace-041E7AD1,ab-3B81041E7AD1,Die Kleine Kinderschule (Rio Terrace),DIE KLEINE KINDERSCHULE (RIO TERRACE),7608 - 154 STREET,7608 - 154 STREET,Edmonton,AB,T5R 1R7,T5R 1R7,identical_after_norm,/daycare/die-kleine-kinderschule-rio-terrace-c1e4d14b,/daycare/die-kleine-kinderschule-rio-terrace-041E7AD1,mx_copy_of_bundled|high_same_street
dino-day-care-4da3875f,mx-4dae4da3875f,mx,dino-day-care-B6BDBF48,ab-E699B6BDBF48,Dino Day Care,DINO DAY CARE,12924/26 127 STREET,12924/26 127 STREET,Edmonton,AB,T5L 1A9,T5L 1A9,identical_after_norm,/daycare/dino-day-care-4da3875f,/daycare/dino-day-care-B6BDBF48,mx_copy_of_bundled|high_same_street
dinosaur-day-care-centre-69810a9d,mx-865b69810a9d,mx,dinosaur-day-care-centre-F33E7238,ab-4D07F33E7238,Dinosaur Day Care Centre,DINOSAUR DAY CARE CENTRE,13704 90A STREET,13704 90A STREET,Edmonton,AB,T5E 3P1,T5E 3P1,identical_after_norm,/daycare/dinosaur-day-care-centre-69810a9d,/daycare/dinosaur-day-care-centre-F33E7238,mx_copy_of_bundled|high_same_street
discoverers-daycare-397e7b99,mx-a965397e7b99,mx,discoverers-daycare-64EBC928,ab-961464EBC928,Discoverers' Daycare,DISCOVERERS' DAYCARE,10935 - 113 STREET,10935 - 113 STREET,Edmonton,AB,T5H 3J4,T5H 3J4,identical_after_norm,/daycare/discoverers-daycare-397e7b99,/daycare/discoverers-daycare-64EBC928,mx_copy_of_bundled|high_same_street
discovery-daycare-cbb63c12,mx-b24acbb63c12,mx,discovery-daycare-BBDD3CAC,ab-7707BBDD3CAC,Discovery Daycare,DISCOVERY DAYCARE,101 - 8703 91 STREET,101 - 8703 91 STREET,Edmonton,AB,T6C 4L4,T6C 4L4,identical_after_norm,/daycare/discovery-daycare-cbb63c12,/daycare/discovery-daycare-BBDD3CAC,mx_copy_of_bundled|high_same_street
discovery-out-of-school-care-rideau-park-32f75ee4,mx-8bff32f75ee4,mx,discovery-out-of-school-care-rideau-park-4FD47457,ab-53D44FD47457,Discovery Out Of School Care Rideau Park,DISCOVERY OUT OF SCHOOL CARE RIDEAU PARK,10605 42 AVE,10605 42 AVE,Edmonton,AB,T6J 3Z9,T6J 3Z9,identical_after_norm,/daycare/discovery-out-of-school-care-rideau-park-32f75ee4,/daycare/discovery-out-of-school-care-rideau-park-4FD47457,mx_copy_of_bundled|high_same_street
discovery-queen-alexandra-out-of-school-care-68372ef4,mx-1c1e68372ef4,mx,discovery-queen-alexandra-out-of-school-care-99CB0562,ab-3BE599CB0562,Discovery Queen Alexandra Out Of School Care,DISCOVERY QUEEN ALEXANDRA OUT OF SCHOOL CARE,7730 106 STREET,7730 106 STREET,Edmonton,AB,T6E 4W3,T6E 4W3,identical_after_norm,/daycare/discovery-queen-alexandra-out-of-school-care-68372ef4,/daycare/discovery-queen-alexandra-out-of-school-care-99CB0562,mx_copy_of_bundled|high_same_street
dunluce-preschool-society-d73cd671,mx-7dead73cd671,mx,dunluce-preschool-society-FD49F4A8,ab-B749FD49F4A8,Dunluce Preschool Society,DUNLUCE PRESCHOOL SOCIETY,11620 162 AVENUE,11620 162 AVENUE,Edmonton,AB,T5X 4L9,T5X 4L9,identical_after_norm,/daycare/dunluce-preschool-society-d73cd671,/daycare/dunluce-preschool-society-FD49F4A8,mx_copy_of_bundled|high_same_street
early-expressions-child-care-beaumaris-25d3fc0f,mx-c03325d3fc0f,mx,early-expressions-child-care-beaumaris-CF1671D8,ab-FE21CF1671D8,Early Expressions Child Care Beaumaris,EARLY EXPRESSIONS CHILD CARE BEAUMARIS,10419 158 AVENUE,10419 158 AVENUE,Edmonton,AB,T5X 5E5,T5X 5E5,identical_after_norm,/daycare/early-expressions-child-care-beaumaris-25d3fc0f,/daycare/early-expressions-child-care-beaumaris-CF1671D8,mx_copy_of_bundled|high_same_street
early-expressions-child-care-clareview-4bd1e0c3,mx-4e844bd1e0c3,mx,early-expressions-child-care-clareview-36656B95,ab-DEB936656B95,Early Expressions Child Care Clareview,EARLY EXPRESSIONS CHILD CARE CLAREVIEW,18 12981 50 STREET,18 12981 50 STREET,Edmonton,AB,T5A 3P3,T5A 3P3,identical_after_norm,/daycare/early-expressions-child-care-clareview-4bd1e0c3,/daycare/early-expressions-child-care-clareview-36656B95,mx_copy_of_bundled|high_same_street
early-learning-childcare-3a068a47,mx-5c613a068a47,mx,early-learning-childcare-FA193E88,ab-31F4FA193E88,Early Learning Childcare,EARLY LEARNING CHILDCARE,104-10305 100 AVENUE,104-10305 100 AVENUE,Edmonton,AB,T5J 3C8,T5J 3C8,identical_after_norm,/daycare/early-learning-childcare-3a068a47,/daycare/early-learning-childcare-FA193E88,mx_copy_of_bundled|high_same_street
early-learning-inclusive-childcare-inc-4ed665dc,mx-7fd64ed665dc,mx,early-learning-inclusive-childcare-inc-32621803,ab-C3E132621803,Early Learning Inclusive Childcare Inc.,EARLY LEARNING INCLUSIVE CHILDCARE INC.,13915 61 STREET,13915 61 STREET,Edmonton,AB,T5A 1P3,T5A 1P3,identical_after_norm,/daycare/early-learning-inclusive-childcare-inc-4ed665dc,/daycare/early-learning-inclusive-childcare-inc-32621803,mx_copy_of_bundled|high_same_street
ecole-enfantine-fbca4102,mx-3249fbca4102,mx,ecole-enfantine-040F68DC,ab-01AB040F68DC,Ecole Enfantine,ECOLE ENFANTINE,8728 - 93 AVENUE,8728 - 93 AVENUE,Edmonton,AB,T6C 1T8,T6C 1T8,identical_after_norm,/daycare/ecole-enfantine-fbca4102,/daycare/ecole-enfantine-040F68DC,mx_copy_of_bundled|high_same_street
edmonton-after-school-care-meadowlark-5b89aa0d,mx-77d35b89aa0d,mx,edmonton-after-school-care-meadowlark-2B0FA617,ab-E7422B0FA617,Edmonton After School Care - Meadowlark,EDMONTON AFTER SCHOOL CARE - MEADOWLARK,9150 160 STREET,9150 160 STREET,Edmonton,AB,T5R 2J2,T5R 2J2,identical_after_norm,/daycare/edmonton-after-school-care-meadowlark-5b89aa0d,/daycare/edmonton-after-school-care-meadowlark-2B0FA617,mx_copy_of_bundled|high_same_street
edmonton-hospital-workers-child-care-centre-94f20ed4,mx-71d594f20ed4,mx,edmonton-hospital-workers-child-care-centre-FFF01735,ab-5F9CFFF01735,Edmonton Hospital Workers Child Care Centre,EDMONTON HOSPITAL WORKERS CHILD CARE CENTRE,RM 134/135/136 10230 111 AVENUE,RM 134/135/136 10230 111 AVENUE,Edmonton,AB,T5G 0B7,T5G 0B7,identical_after_norm,/daycare/edmonton-hospital-workers-child-care-centre-94f20ed4,/daycare/edmonton-hospital-workers-child-care-centre-FFF01735,mx_copy_of_bundled|high_same_street
edmonton-islamic-school-society-ca4ce325,mx-971dca4ce325,mx,edmonton-islamic-school-society-D3985E5B,ab-C4FDD3985E5B,Edmonton Islamic School Society,EDMONTON ISLAMIC SCHOOL SOCIETY,13070 - 113 STREET,13070 - 113 STREET,Edmonton,AB,T5E 5A8,T5E 5A8,identical_after_norm,/daycare/edmonton-islamic-school-society-ca4ce325,/daycare/edmonton-islamic-school-society-D3985E5B,mx_copy_of_bundled|high_same_street
edmonton-kids-learning-daycare-and-osc-199899b8,mx-b512199899b8,mx,edmonton-kids-learning-daycare-and-osc-55B4C1CA,ab-719655B4C1CA,Edmonton Kids Learning Daycare And Osc,EDMONTON KIDS LEARNING DAYCARE AND OSC,9724 118 AVE,9724 118 AVE,Edmonton,AB,T5G 2B6,T5G 2B6,identical_after_norm,/daycare/edmonton-kids-learning-daycare-and-osc-199899b8,/daycare/edmonton-kids-learning-daycare-and-osc-55B4C1CA,mx_copy_of_bundled|high_same_street
edmonton-montessori-school-651a68d7,mx-a86e651a68d7,mx,edmonton-montessori-school-2600FD18,ab-F90E2600FD18,Edmonton Montessori School,EDMONTON MONTESSORI SCHOOL,9009 - 163 STREET,9009 - 163 STREET,Edmonton,AB,T5R 2N8,T5R 2N8,identical_after_norm,/daycare/edmonton-montessori-school-651a68d7,/daycare/edmonton-montessori-school-2600FD18,mx_copy_of_bundled|high_same_street
edmonton-morning-star-montessori-centre-fbcc0a41,mx-f102fbcc0a41,mx,edmonton-morning-star-montessori-centre-C0E601AB,ab-8CEFC0E601AB,Edmonton Morning Star Montessori Centre,EDMONTON MORNING STAR MONTESSORI CENTRE,7910 36 AVENUE,7910 36 AVENUE,Edmonton,AB,T6K 1H7,T6K 1H7,identical_after_norm,/daycare/edmonton-morning-star-montessori-centre-fbcc0a41,/daycare/edmonton-morning-star-montessori-centre-C0E601AB,mx_copy_of_bundled|high_same_street
edmonton-northwest-day-care-centre-568267bb,mx-45a9568267bb,mx,edmonton-northwest-day-care-centre-598F81E5,ab-D514598F81E5,Edmonton Northwest Day Care Centre,EDMONTON NORTHWEST DAY CARE CENTRE,12823 116 AVENUE,12823 116 AVENUE,Edmonton,AB,T5M 3C8,T5M 3C8,identical_after_norm,/daycare/edmonton-northwest-day-care-centre-568267bb,/daycare/edmonton-northwest-day-care-centre-598F81E5,mx_copy_of_bundled|high_same_street
edmonton-northwest-out-of-school-care-fb5cd5dc,mx-1266fb5cd5dc,mx,edmonton-northwest-out-of-school-care-F2045DE9,ab-B141F2045DE9,Edmonton Northwest Out Of School Care,EDMONTON NORTHWEST OUT OF SCHOOL CARE,11515 127 STREET,11515 127 STREET,Edmonton,AB,T5M 0V4,T5M 0V4,identical_after_norm,/daycare/edmonton-northwest-out-of-school-care-fb5cd5dc,/daycare/edmonton-northwest-out-of-school-care-F2045DE9,mx_copy_of_bundled|high_same_street
edmonton-region-child-care-association-belgravia-a574435d,mx-2526a574435d,mx,edmonton-region-child-care-association-belgravia-AAB4BC05,ab-CF75AAB4BC05,Edmonton Region Child Care Association (Belgravia),EDMONTON REGION CHILD CARE ASSOCIATION (BELGRAVIA),7302 118 STREET,7302 118 STREET,Edmonton,AB,T6G 1S4,T6G 1S4,identical_after_norm,/daycare/edmonton-region-child-care-association-belgravia-a574435d,/daycare/edmonton-region-child-care-association-belgravia-AAB4BC05,mx_copy_of_bundled|high_same_street
edmonton-region-child-care-association-malmo-bf804529,mx-215abf804529,mx,edmonton-region-child-care-association-malmo-366E97E9,ab-9A42366E97E9,Edmonton Region Child Care Association (Malmo),EDMONTON REGION CHILD CARE ASSOCIATION (MALMO),4716 115 STREET,4716 115 STREET,Edmonton,AB,T6H 3N8,T6H 3N8,identical_after_norm,/daycare/edmonton-region-child-care-association-malmo-bf804529,/daycare/edmonton-region-child-care-association-malmo-366E97E9,mx_copy_of_bundled|high_same_street
edmonton-region-child-care-association-st-stanislaus-541309e5,mx-f3d9541309e5,mx,edmonton-region-child-care-association-st-stanis-8E7CD226,ab-0F818E7CD226,Edmonton Region Child Care Association (St. Stanislaus),EDMONTON REGION CHILD CARE ASSOCIATION (ST. STANISLAUS),3855 114 STREET,3855 114 STREET,Edmonton,AB,T6J 1M3,T6J 1M3,identical_after_norm,/daycare/edmonton-region-child-care-association-st-stanislaus-541309e5,/daycare/edmonton-region-child-care-association-st-stanis-8E7CD226,mx_copy_of_bundled|high_same_street
edmonton-region-child-care-association-holy-spirit-359e7c5f,mx-7e81359e7c5f,mx,edmonton-region-child-care-association-holy-spir-6EC495CC,ab-1D5B6EC495CC,Edmonton Region Child Care Association - Holy Spirit,EDMONTON REGION CHILD CARE ASSOCIATION - HOLY SPIRIT,11223 51 AVENUE,11223 51 AVENUE,Edmonton,AB,T6H 0L5,T6H 0L5,identical_after_norm,/daycare/edmonton-region-child-care-association-holy-spirit-359e7c5f,/daycare/edmonton-region-child-care-association-holy-spir-6EC495CC,mx_copy_of_bundled|high_same_street
edmonton-region-child-care-association-windsor-park-5fd412d5,mx-20ab5fd412d5,mx,edmonton-region-child-care-association-windsor-p-BD9368BC,ab-7813BD9368BC,Edmonton Region Child Care Association - Windsor Park,EDMONTON REGION CHILD CARE ASSOCIATION - WINDSOR PARK,11733 87 AVENUE,11733 87 AVENUE,Edmonton,AB,T6G 0Y4,T6G 0Y4,identical_after_norm,/daycare/edmonton-region-child-care-association-windsor-park-5fd412d5,/daycare/edmonton-region-child-care-association-windsor-p-BD9368BC,mx_copy_of_bundled|high_same_street
edu-care-day-care-754a3248,mx-3196754a3248,mx,edu-care-day-care-A11E37F3,ab-F80DA11E37F3,Edu-Care Day Care,EDU-CARE DAY CARE,15641 96 AVENUE,15641 96 AVENUE,Edmonton,AB,T5P 2R7,T5P 2R7,identical_after_norm,/daycare/edu-care-day-care-754a3248,/daycare/edu-care-day-care-A11E37F3,mx_copy_of_bundled|high_same_street
educademy-early-learning-and-osc-b787b2c9,mx-cd0db787b2c9,mx,educademy-early-learning-osc-0C39FABD,ab-D81D0C39FABD,Educademy Early Learning & Osc,EDUCADEMY EARLY LEARNING & OSC,6108 28 AVENUE,6108 28 AVENUE,Edmonton,AB,T6L 6N4,T6L 6N4,identical_after_norm,/daycare/educademy-early-learning-and-osc-b787b2c9,/daycare/educademy-early-learning-osc-0C39FABD,mx_copy_of_bundled|high_same_street
ellerslie-road-preschool-grace-point-c41e0e62,mx-a41cc41e0e62,mx,ellerslie-road-preschool-grace-point-4589E86E,ab-B7A84589E86E,Ellerslie Road Preschool Grace Point,ELLERSLIE ROAD PRESCHOOL GRACE POINT,720 - 62 STREET,720 - 62 STREET,Edmonton,AB,T6X 0G3,T6X 0G3,identical_after_norm,/daycare/ellerslie-road-preschool-grace-point-c41e0e62,/daycare/ellerslie-road-preschool-grace-point-4589E86E,mx_copy_of_bundled|high_same_street
elm-early-learning-at-macewan-cc958149,mx-03d7cc958149,mx,elm-early-learning-at-macewan-A691C375,ab-179EA691C375,Elm (Early Learning At Macewan),ELM (EARLY LEARNING AT MACEWAN),ROOM 7-153 10700 104 AVENUE,ROOM 7-153 10700 104 AVENUE,Edmonton,AB,T5J 4S2,T5J 4S2,identical_after_norm,/daycare/elm-early-learning-at-macewan-cc958149,/daycare/elm-early-learning-at-macewan-A691C375,mx_copy_of_bundled|high_same_street
elmwood-before-and-after-school-child-care-dfde506c,mx-4eb1dfde506c,mx,elmwood-before-after-school-child-care-4E343FBC,ab-962B4E343FBC,Elmwood Before & After School Child Care,ELMWOOD BEFORE & AFTER SCHOOL CHILD CARE,16325 83 AVENUE,16325 83 AVENUE,Edmonton,AB,T5R 3V8,T5R 3V8,identical_after_norm,/daycare/elmwood-before-and-after-school-child-care-dfde506c,/daycare/elmwood-before-after-school-child-care-4E343FBC,mx_copy_of_bundled|high_same_street
first-choice-daycare-e5db8ec1,mx-0e5ae5db8ec1,mx,first-choice-daycare-4EA51BD0,ab-940E4EA51BD0,First Choice Daycare,FIRST CHOICE DAYCARE,12506 118 AVENUE,12506 118 AVENUE,Edmonton,AB,T5L 2K6,T5L 2K6,identical_after_norm,/daycare/first-choice-daycare-e5db8ec1,/daycare/first-choice-daycare-4EA51BD0,mx_copy_of_bundled|high_same_street
first-choice-osc-sherbrooke-e2de9383,mx-5bc1e2de9383,mx,first-choice-osc-sherbrooke-EF99E429,ab-B5C5EF99E429,First Choice Osc Sherbrooke,FIRST CHOICE OSC SHERBROOKE,12214 128 STREET,12214 128 STREET,Edmonton,AB,T5L 1C5,T5L 1C5,identical_after_norm,/daycare/first-choice-osc-sherbrooke-e2de9383,/daycare/first-choice-osc-sherbrooke-EF99E429,mx_copy_of_bundled|high_same_street
first-step-daycare-b9d5e9a2,mx-4053b9d5e9a2,mx,first-step-daycare-E059A140,ab-0DE2E059A140,First Step Daycare,FIRST STEP DAYCARE,UNIT 101 9810 137 AVENUE,UNIT 101 9810 137 AVENUE,Edmonton,AB,T5E 6W1,T5E 6W1,identical_after_norm,/daycare/first-step-daycare-b9d5e9a2,/daycare/first-step-daycare-E059A140,mx_copy_of_bundled|high_same_street
forest-heights-childcare-and-osc-95cc5d61,mx-de3a95cc5d61,mx,forest-heights-childcare-osc-CA41CECA,ab-2309CA41CECA,Forest Heights Childcare & Osc,FOREST HEIGHTS CHILDCARE & OSC,10118/10140 79 STREET,10118/10140 79 STREET,Edmonton,AB,T6A 3G3,T6A 3G3,identical_after_norm,/daycare/forest-heights-childcare-and-osc-95cc5d61,/daycare/forest-heights-childcare-osc-CA41CECA,mx_copy_of_bundled|high_same_street
fraser-community-child-care-centre-4cefc30c,mx-34fb4cefc30c,mx,fraser-community-child-care-centre-139B4794,ab-1232139B4794,Fraser Community Child Care Centre,FRASER COMMUNITY CHILD CARE CENTRE,2611/25 151 AVENUE,2611/25 151 AVENUE,Edmonton,AB,T5Y 2M4,T5Y 2M4,identical_after_norm,/daycare/fraser-community-child-care-centre-4cefc30c,/daycare/fraser-community-child-care-centre-139B4794,mx_copy_of_bundled|high_same_street
fraser-playschool-abb2aceb,mx-0cfcabb2aceb,mx,fraser-playschool-29922049,ab-433129922049,Fraser Playschool,FRASER PLAYSCHOOL,14720 21 STREET,14720 21 STREET,Edmonton,AB,T5Y 1S8,T5Y 1S8,identical_after_norm,/daycare/fraser-playschool-abb2aceb,/daycare/fraser-playschool-29922049,mx_copy_of_bundled|high_same_street
friendly-forest-childcare-centre-aae75416,mx-8a9aaae75416,mx,friendly-forest-childcare-centre-14A7C15C,ab-4C5914A7C15C,Friendly Forest Childcare Centre,FRIENDLY FOREST CHILDCARE CENTRE,16833 109 STREET,16833 109 STREET,Edmonton,AB,T5X 2R5,T5X 2R5,identical_after_norm,/daycare/friendly-forest-childcare-centre-aae75416,/daycare/friendly-forest-childcare-centre-14A7C15C,mx_copy_of_bundled|high_same_street
fulton-after-school-at-hardisty-d79a8d5a,mx-34d4d79a8d5a,mx,fulton-after-school-at-hardisty-65D1A8D1,ab-81F065D1A8D1,Fulton After School At Hardisty,FULTON AFTER SCHOOL AT HARDISTY,10534 62 STREET,10534 62 STREET,Edmonton,AB,T6A 2M3,T6A 2M3,identical_after_norm,/daycare/fulton-after-school-at-hardisty-d79a8d5a,/daycare/fulton-after-school-at-hardisty-65D1A8D1,mx_copy_of_bundled|high_same_street
fulton-after-school-care-e5a05137,mx-92b7e5a05137,mx,fulton-after-school-care-4AAC9C91,ab-87894AAC9C91,Fulton After School Care,FULTON AFTER SCHOOL CARE,10310 56 STREET,10310 56 STREET,Edmonton,AB,T6A 2J2,T6A 2J2,identical_after_norm,/daycare/fulton-after-school-care-e5a05137,/daycare/fulton-after-school-care-4AAC9C91,mx_copy_of_bundled|high_same_street
fulton-child-care-centre-638ab2c5,mx-6f60638ab2c5,mx,fulton-child-care-centre-8C02AA74,ab-816D8C02AA74,Fulton Child Care Centre,FULTON CHILD CARE CENTRE,10310 56 STREET,10310 56 STREET,Edmonton,AB,T6A 2J2,T6A 2J2,identical_after_norm,/daycare/fulton-child-care-centre-638ab2c5,/daycare/fulton-child-care-centre-8C02AA74,mx_copy_of_bundled|high_same_street
future-kids-daycare-and-afterschool-b85fea48,mx-eb9cb85fea48,mx,future-kids-daycare-afterschool-7D1005ED,ab-93CB7D1005ED,Future Kids Daycare & Afterschool,FUTURE KIDS DAYCARE & AFTERSCHOOL,5024 167 AVE,5024 167 AVE,Edmonton,AB,T5Y 4C5,T5Y 4C5,identical_after_norm,/daycare/future-kids-daycare-and-afterschool-b85fea48,/daycare/future-kids-daycare-afterschool-7D1005ED,mx_copy_of_bundled|high_same_street
future-mentors-daycare-and-osc-a9cfbff2,mx-95e8a9cfbff2,mx,future-mentors-daycare-and-osc-8EDA1F63,ab-FCB58EDA1F63,Future Mentors Daycare And Osc,FUTURE MENTORS DAYCARE AND OSC,10545 108 STREET,10545 108 STREET,Edmonton,AB,T5H 2Z8,T5H 2Z8,identical_after_norm,/daycare/future-mentors-daycare-and-osc-a9cfbff2,/daycare/future-mentors-daycare-and-osc-8EDA1F63,mx_copy_of_bundled|high_same_street
future-scholars-daycare-3db52050,mx-38e93db52050,mx,future-scholars-daycare-2DA2FEF0,ab-9A7E2DA2FEF0,Future Scholars Daycare,FUTURE SCHOLARS DAYCARE,8030 118 AVENUE,8030 118 AVENUE,Edmonton,AB,T5B 0R8,T5B 0R8,identical_after_norm,/daycare/future-scholars-daycare-3db52050,/daycare/future-scholars-daycare-2DA2FEF0,mx_copy_of_bundled|high_same_street
futurestars-child-development-centre-aa80d6c6,mx-1124aa80d6c6,mx,futurestars-child-development-centre-5513FCAC,ab-79C25513FCAC,Futurestars Child Development Centre,FUTURESTARS CHILD DEVELOPMENT CENTRE,10975 95 STREET,10975 95 STREET,Edmonton,AB,T5H 2E7,T5H 2E7,identical_after_norm,/daycare/futurestars-child-development-centre-aa80d6c6,/daycare/futurestars-child-development-centre-5513FCAC,mx_copy_of_bundled|high_same_street
garneau-after-school-centre-a72c3e80,mx-4a8fa72c3e80,mx,garneau-after-school-centre-22FD31B2,ab-EE0922FD31B2,Garneau After School Centre,GARNEAU AFTER SCHOOL CENTRE,10925 87 AVENUE,10925 87 AVENUE,Edmonton,AB,T6G 0X4,T6G 0X4,identical_after_norm,/daycare/garneau-after-school-centre-a72c3e80,/daycare/garneau-after-school-centre-22FD31B2,mx_copy_of_bundled|high_same_street
garneau-university-early-learning-centre-bef81854,mx-b5d0bef81854,mx,garneau-university-early-learning-centre-202280D3,ab-8A99202280D3,Garneau/University Early Learning Centre,GARNEAU/UNIVERSITY EARLY LEARNING CENTRE,10925 87 AVENUE,10925 87 AVENUE,Edmonton,AB,T6G 0X4,T6G 0X4,identical_after_norm,/daycare/garneau-university-early-learning-centre-bef81854,/daycare/garneau-university-early-learning-centre-202280D3,mx_copy_of_bundled|high_same_street
giggles-daycare-b12fbf51,mx-6a16b12fbf51,mx,giggles-daycare-1A5A71E3,ab-12C81A5A71E3,Giggles Daycare,GIGGLES DAYCARE,101-7120 101 AVENUE,101-7120 101 AVENUE,Edmonton,AB,T6A 0H9,T6A 0H9,identical_after_norm,/daycare/giggles-daycare-b12fbf51,/daycare/giggles-daycare-1A5A71E3,mx_copy_of_bundled|high_same_street
giggles-daycare-and-osc-f7f1b264,mx-0376f7f1b264,mx,giggles-daycare-osc-055B38BD,ab-0FC7055B38BD,Giggles Daycare & Osc,GIGGLES DAYCARE & OSC,7123 101 AVE,7123 101 AVE,Edmonton,AB,T6A 0H9,T6A 0H9,identical_after_norm,/daycare/giggles-daycare-and-osc-f7f1b264,/daycare/giggles-daycare-osc-055B38BD,mx_copy_of_bundled|high_same_street
glengarry-child-care-centre-073a3122,mx-7be0073a3122,mx,glengarry-child-care-centre-551352F8,ab-A3E4551352F8,Glengarry Child Care Centre,GLENGARRY CHILD CARE CENTRE,13315 89 STREET,13315 89 STREET,Edmonton,AB,T5E 3K3,T5E 3K3,identical_after_norm,/daycare/glengarry-child-care-centre-073a3122,/daycare/glengarry-child-care-centre-551352F8,mx_copy_of_bundled|high_same_street
glenora-child-care-29c49266,mx-ca9a29c49266,mx,glenora-child-care-C8AAA5CB,ab-9B13C8AAA5CB,Glenora Child Care,GLENORA CHILD CARE,10530 138 STREET,10530 138 STREET,Edmonton,AB,T5N 2J6,T5N 2J6,identical_after_norm,/daycare/glenora-child-care-29c49266,/daycare/glenora-child-care-C8AAA5CB,mx_copy_of_bundled|high_same_street
glenora-out-of-school-care-c9f99da7,mx-d006c9f99da7,mx,glenora-out-of-school-care-919C6DD8,ab-AA73919C6DD8,Glenora Out Of School Care,GLENORA OUT OF SCHOOL CARE,10405 142 STREET,10405 142 STREET,Edmonton,AB,T5N 2P3,T5N 2P3,identical_after_norm,/daycare/glenora-out-of-school-care-c9f99da7,/daycare/glenora-out-of-school-care-919C6DD8,mx_copy_of_bundled|high_same_street
glenora-preschool-04e83616,mx-1d4004e83616,mx,glenora-preschool-68856635,ab-314568856635,Glenora Preschool,GLENORA PRESCHOOL,10426 136 STREET,10426 136 STREET,Edmonton,AB,T5N 2J4,T5N 2J4,identical_after_norm,/daycare/glenora-preschool-04e83616,/daycare/glenora-preschool-68856635,mx_copy_of_bundled|high_same_street
glenwood-montessori-early-learning-centre-and-osc-bc0e5013,mx-9f65bc0e5013,mx,glenwood-montessori-early-learning-centre-and-os-CAA8EEF3,ab-FFEECAA8EEF3,Glenwood Montessori Early Learning Centre And Osc,GLENWOOD MONTESSORI EARLY LEARNING CENTRE AND OSC,16202 100 AVENUE,16202 100 AVENUE,Edmonton,AB,T5P 0L4,T5P 0L4,identical_after_norm,/daycare/glenwood-montessori-early-learning-centre-and-osc-bc0e5013,/daycare/glenwood-montessori-early-learning-centre-and-os-CAA8EEF3,mx_copy_of_bundled|high_same_street
gold-bar-day-care-ec5b8769,mx-9d73ec5b8769,mx,gold-bar-day-care-CACDE936,ab-3CAACACDE936,Gold Bar Day Care,GOLD BAR DAY CARE,10524 46 STREET,10524 46 STREET,Edmonton,AB,T6A 1Y3,T6A 1Y3,identical_after_norm,/daycare/gold-bar-day-care-ec5b8769,/daycare/gold-bar-day-care-CACDE936,mx_copy_of_bundled|high_same_street
gold-bar-preschool-7a5f0e9c,mx-885b7a5f0e9c,mx,gold-bar-preschool-E53EE376,ab-275AE53EE376,Gold Bar Preschool,GOLD BAR PRESCHOOL,RM 15 10524 46 STREET,RM 15 10524 46 STREET,Edmonton,AB,T6A 1Y3,T6A 1Y3,identical_after_norm,/daycare/gold-bar-preschool-7a5f0e9c,/daycare/gold-bar-preschool-E53EE376,mx_copy_of_bundled|high_same_street
gold-star-day-care-d31a095c,mx-d936d31a095c,mx,gold-star-day-care-59DFC09E,ab-C77B59DFC09E,Gold Star Day Care,GOLD STAR DAY CARE,16648 71 STREET,16648 71 STREET,Edmonton,AB,T5Z 0N5,T5Z 0N5,identical_after_norm,/daycare/gold-star-day-care-d31a095c,/daycare/gold-star-day-care-59DFC09E,mx_copy_of_bundled|high_same_street
gold-star-daycare-osc-north-6c9cb8de,mx-656f6c9cb8de,mx,gold-star-daycare-osc-north-6362A18E,ab-D9BC6362A18E,Gold Star Daycare Osc North,GOLD STAR DAYCARE OSC NORTH,7630 167 AVE,7630 167 AVE,Edmonton,AB,T5Z 3Y6,T5Z 3Y6,identical_after_norm,/daycare/gold-star-daycare-osc-north-6c9cb8de,/daycare/gold-star-daycare-osc-north-6362A18E,mx_copy_of_bundled|high_same_street
golden-apple-child-care-f83c4710,mx-70a8f83c4710,mx,golden-apple-child-care-31291F96,ab-E29331291F96,Golden Apple Child Care,GOLDEN APPLE CHILD CARE,4105 118 AVE,4105 118 AVE,Edmonton,AB,T5W 1A2,T5W 1A2,identical_after_norm,/daycare/golden-apple-child-care-f83c4710,/daycare/golden-apple-child-care-31291F96,mx_copy_of_bundled|high_same_street
green-circle-preschool-5f52ee93,mx-2b3c5f52ee93,mx,green-circle-preschool-FFD10D02,ab-4D72FFD10D02,Green Circle Preschool,GREEN CIRCLE PRESCHOOL,6703 - 112 STREET,6703 - 112 STREET,Edmonton,AB,T6H 3J9,T6H 3J9,identical_after_norm,/daycare/green-circle-preschool-5f52ee93,/daycare/green-circle-preschool-FFD10D02,mx_copy_of_bundled|high_same_street
guardians-child-care-and-out-of-school-care-3cc4624e,mx-6c2d3cc4624e,mx,guardians-child-care-and-out-of-school-care-D1E0C3EE,ab-64E4D1E0C3EE,Guardians Child Care And Out Of School Care,GUARDIANS CHILD CARE AND OUT OF SCHOOL CARE,7003 199 ST,7003 199 ST,Edmonton,AB,T5T 3A8,T5T 3A8,identical_after_norm,/daycare/guardians-child-care-and-out-of-school-care-3cc4624e,/daycare/guardians-child-care-and-out-of-school-care-D1E0C3EE,mx_copy_of_bundled|high_same_street
hampton-early-learning-and-child-care-centre-c4208aff,mx-d020c4208aff,mx,hampton-early-learning-and-child-care-centre-F9E0E4D9,ab-37DAF9E0E4D9,Hampton Early Learning And Child Care Centre,HAMPTON EARLY LEARNING AND CHILD CARE CENTRE,6230 199 STREET,6230 199 STREET,Edmonton,AB,T5T 2K4,T5T 2K4,identical_after_norm,/daycare/hampton-early-learning-and-child-care-centre-c4208aff,/daycare/hampton-early-learning-and-child-care-centre-F9E0E4D9,mx_copy_of_bundled|high_same_street
hazeldean-day-care-36e3be1a,mx-117436e3be1a,mx,hazeldean-day-care-42343508,ab-443642343508,Hazeldean Day Care,HAZELDEAN DAY CARE,9635 66 AVENUE,9635 66 AVENUE,Edmonton,AB,T6E 0M2,T6E 0M2,identical_after_norm,/daycare/hazeldean-day-care-36e3be1a,/daycare/hazeldean-day-care-42343508,mx_copy_of_bundled|high_same_street
headway-junior-kindergarten-7b33da71,mx-09b27b33da71,mx,headway-junior-kindergarten-32534986,ab-1E5432534986,Headway Junior Kindergarten,HEADWAY JUNIOR KINDERGARTEN,10435 76 STREET,10435 76 STREET,Edmonton,AB,T6A 3B1,T6A 3B1,identical_after_norm,/daycare/headway-junior-kindergarten-7b33da71,/daycare/headway-junior-kindergarten-32534986,mx_copy_of_bundled|high_same_street
helping-hands-early-learning-centre-daycare-2a9b9cb2,mx-ce192a9b9cb2,mx,helping-hands-early-learning-centre-daycare-10F1C95F,ab-970110F1C95F,Helping Hands Early Learning Centre (Daycare),HELPING HANDS EARLY LEARNING CENTRE (DAYCARE),10014 81 AVENUE,10014 81 AVENUE,Edmonton,AB,T6E 1W8,T6E 1W8,identical_after_norm,/daycare/helping-hands-early-learning-centre-daycare-2a9b9cb2,/daycare/helping-hands-early-learning-centre-daycare-10F1C95F,mx_copy_of_bundled|high_same_street
heritage-day-care-1-550ca40e,mx-2edd550ca40e,mx,heritage-day-care-1-A2E5289E,ab-8A7CA2E5289E,Heritage Day Care #1,HERITAGE DAY CARE #1,4 3002 106 STREET,4 3002 106 STREET,Edmonton,AB,T6J 5M5,T6J 5M5,identical_after_norm,/daycare/heritage-day-care-1-550ca40e,/daycare/heritage-day-care-1-A2E5289E,mx_copy_of_bundled|high_same_street
hermitage-playschool-association-e237fe98,mx-28b5e237fe98,mx,hermitage-playschool-association-0F2E501E,ab-E5960F2E501E,Hermitage Playschool Association,HERMITAGE PLAYSCHOOL ASSOCIATION,4214 127 AVENUE,4214 127 AVENUE,Edmonton,AB,T5A 3K6,T5A 3K6,identical_after_norm,/daycare/hermitage-playschool-association-e237fe98,/daycare/hermitage-playschool-association-0F2E501E,mx_copy_of_bundled|high_same_street
hi5-daycare-eb729c4b,mx-1ba0eb729c4b,mx,hi5-daycare-0A710987,ab-E15B0A710987,Hi5 Daycare,HI5 DAYCARE,4109 106 STREET,4109 106 STREET,Edmonton,AB,T6J 2S3,T6J 2S3,identical_after_norm,/daycare/hi5-daycare-eb729c4b,/daycare/hi5-daycare-0A710987,mx_copy_of_bundled|high_same_street
holy-child-after-school-care-program-society-a3f1c15b,mx-0955a3f1c15b,mx,holy-child-after-school-care-program-society-57284CC3,ab-331757284CC3,Holy Child After School Care Program Society,HOLY CHILD AFTER SCHOOL CARE PROGRAM SOCIETY,9844 110 STREET,9844 110 STREET,Edmonton,AB,T5K 1J2,T5K 1J2,identical_after_norm,/daycare/holy-child-after-school-care-program-society-a3f1c15b,/daycare/holy-child-after-school-care-program-society-57284CC3,mx_copy_of_bundled|high_same_street
ideal-west-day-care-centre-f0d54742,mx-e21cf0d54742,mx,ideal-west-day-care-centre-809300C3,ab-641C809300C3,Ideal West Day Care Centre,IDEAL WEST DAY CARE CENTRE,18244/48/32 89 AVENUE,18244/48/32 89 AVENUE,Edmonton,AB,T5T 2K6,T5T 2K6,identical_after_norm,/daycare/ideal-west-day-care-centre-f0d54742,/daycare/ideal-west-day-care-centre-809300C3,mx_copy_of_bundled|high_same_street
in-the-neighborhood-playschool-society-ac2d3fdc,mx-334fac2d3fdc,mx,in-the-neighborhood-playschool-society-B0B462F8,ab-E99BB0B462F8,In The Neighborhood Playschool Society,IN THE NEIGHBORHOOD PLAYSCHOOL SOCIETY,5804 38 AVENUE,5804 38 AVENUE,Edmonton,AB,T6L 3P5,T6L 3P5,identical_after_norm,/daycare/in-the-neighborhood-playschool-society-ac2d3fdc,/daycare/in-the-neighborhood-playschool-society-B0B462F8,mx_copy_of_bundled|high_same_street
inglewood-child-learning-centre-12433e28,mx-869012433e28,mx,inglewood-child-learning-centre-DC22EC2D,ab-B7FEDC22EC2D,Inglewood Child Learning Centre,INGLEWOOD CHILD LEARNING CENTRE,11437 124 STREET,11437 124 STREET,Edmonton,AB,T5M 0K4,T5M 0K4,identical_after_norm,/daycare/inglewood-child-learning-centre-12433e28,/daycare/inglewood-child-learning-centre-DC22EC2D,mx_copy_of_bundled|high_same_street
institut-guy-lacombe-de-la-famille-f0597396,mx-6cc6f0597396,mx,institut-guy-lacombe-de-la-famille-A9E34421,ab-72BDA9E34421,Institut Guy-Lacombe De La Famille,INSTITUT GUY-LACOMBE DE LA FAMILLE,114 8627 91 STREET,114 8627 91 STREET,Edmonton,AB,T6C 3N1,T6C 3N1,identical_after_norm,/daycare/institut-guy-lacombe-de-la-famille-f0597396,/daycare/institut-guy-lacombe-de-la-famille-A9E34421,mx_copy_of_bundled|high_same_street
intercultural-child-and-family-centre-7a0ad935,mx-3a787a0ad935,mx,intercultural-child-and-family-centre-917D2F45,ab-8396917D2F45,Intercultural Child And Family Centre,INTERCULTURAL CHILD AND FAMILY CENTRE,9538 107 AVENUE,9538 107 AVENUE,Edmonton,AB,T5H 0T7,T5H 0T7,identical_after_norm,/daycare/intercultural-child-and-family-centre-7a0ad935,/daycare/intercultural-child-and-family-centre-917D2F45,mx_copy_of_bundled|high_same_street
intercultural-child-and-family-centre-nq-f0f7d745,mx-4a02f0f7d745,mx,intercultural-child-and-family-centre-nq-AE0D1C16,ab-40EBAE0D1C16,Intercultural Child And Family Centre Nq,INTERCULTURAL CHILD AND FAMILY CENTRE NQ,10215 108 STREET,10215 108 STREET,Edmonton,AB,T5J 1L6,T5J 1L6,identical_after_norm,/daycare/intercultural-child-and-family-centre-nq-f0f7d745,/daycare/intercultural-child-and-family-centre-nq-AE0D1C16,mx_copy_of_bundled|high_same_street
international-center-of-early-learners-and-development-inc-daycare-8023286d,mx-a58a8023286d,mx,international-center-of-early-learners-developme-D4FC6476,ab-F28AD4FC6476,International Center Of Early Learners & Development Inc. (Daycare),INTERNATIONAL CENTER OF EARLY LEARNERS & DEVELOPMENT INC. (DAYCARE),10125 151 STREET,10125 151 STREET,Edmonton,AB,T5P 1T5,T5P 1T5,identical_after_norm,/daycare/international-center-of-early-learners-and-development-inc-daycare-8023286d,/daycare/international-center-of-early-learners-developme-D4FC6476,mx_copy_of_bundled|high_same_street
jackson-heights-stars-daycare-c1e51724,mx-486bc1e51724,mx,jackson-heights-stars-daycare-78EB7A28,ab-7A6678EB7A28,Jackson Heights Stars Daycare,JACKSON HEIGHTS STARS DAYCARE,5247 55 AVENUE,5247 55 AVENUE,Edmonton,AB,T6B 3V1,T6B 3V1,identical_after_norm,/daycare/jackson-heights-stars-daycare-c1e51724,/daycare/jackson-heights-stars-daycare-78EB7A28,mx_copy_of_bundled|high_same_street
jasper-place-family-resource-centre-cabrini-69e85111,mx-ff1869e85111,mx,jasper-place-family-resource-centre-cabrini-1BA88941,ab-CEE51BA88941,Jasper Place Family Resource Centre-Cabrini,JASPER PLACE FAMILY RESOURCE CENTRE-CABRINI,16811 88 AVE,16811 88 AVE,Edmonton,AB,T5R 5Y6,T5R 5Y6,identical_after_norm,/daycare/jasper-place-family-resource-centre-cabrini-69e85111,/daycare/jasper-place-family-resource-centre-cabrini-1BA88941,mx_copy_of_bundled|high_same_street
jasper-place-family-resource-centre-orange-hub-2ccf8f13,mx-fa832ccf8f13,mx,jasper-place-family-resource-centre-orange-hub-93906591,ab-84E793906591,Jasper Place Family Resource Centre-Orange Hub,JASPER PLACE FAMILY RESOURCE CENTRE-ORANGE HUB,"#413, 10045 156 STREET","#413, 10045 156 STREET",Edmonton,AB,T5P 2P7,T5P 2P7,identical_after_norm,/daycare/jasper-place-family-resource-centre-orange-hub-2ccf8f13,/daycare/jasper-place-family-resource-centre-orange-hub-93906591,mx_copy_of_bundled|high_same_street
just-for-kids-out-of-school-care-2925ad05,mx-97642925ad05,mx,just-for-kids-out-of-school-care-FE006B0E,ab-5A81FE006B0E,Just For Kids Out Of School Care,JUST FOR KIDS OUT OF SCHOOL CARE,7712 36 AVENUE,7712 36 AVENUE,Edmonton,AB,T6K 1H7,T6K 1H7,identical_after_norm,/daycare/just-for-kids-out-of-school-care-2925ad05,/daycare/just-for-kids-out-of-school-care-FE006B0E,mx_copy_of_bundled|high_same_street
just-n-daycare-centre-st-augustine-ce2126a2,mx-1140ce2126a2,mx,just-n-daycare-centre-st-augustine-15B78641,ab-7E0F15B78641,Just'N Daycare Centre St. Augustine,JUST'N DAYCARE CENTRE ST. AUGUSTINE,3808 106 STREET,3808 106 STREET,Edmonton,AB,T6J 1A5,T6J 1A5,identical_after_norm,/daycare/just-n-daycare-centre-st-augustine-ce2126a2,/daycare/just-n-daycare-centre-st-augustine-15B78641,mx_copy_of_bundled|high_same_street
just-n-daycare-our-lady-of-victories-10716a2e,mx-b80310716a2e,mx,just-n-daycare-our-lady-of-victories-55C1C9A6,ab-A32655C1C9A6,Just'N Daycare Our Lady Of Victories,JUST'N DAYCARE OUR LADY OF VICTORIES,7925 - 158 STREET,7925 - 158 STREET,Edmonton,AB,T5R 2B9,T5R 2B9,identical_after_norm,/daycare/just-n-daycare-our-lady-of-victories-10716a2e,/daycare/just-n-daycare-our-lady-of-victories-55C1C9A6,mx_copy_of_bundled|high_same_street
just-n-out-of-school-care-595489a8,mx-46e2595489a8,mx,just-n-out-of-school-care-605C4C8E,ab-A8EA605C4C8E,Just'N Out Of School Care,JUST'N OUT OF SCHOOL CARE,8405 175 STREET,8405 175 STREET,Edmonton,AB,T5T 0G9,T5T 0G9,identical_after_norm,/daycare/just-n-out-of-school-care-595489a8,/daycare/just-n-out-of-school-care-605C4C8E,mx_copy_of_bundled|high_same_street
just-n-out-of-school-care-our-lady-of-mt-carmel-a50d339f,mx-51caa50d339f,mx,just-n-out-of-school-care-our-lady-of-mt-carmel-D3EC7A8A,ab-2603D3EC7A8A,Just'N Out Of School Care Our Lady Of Mt.Carmel,JUST'N OUT OF SCHOOL CARE OUR LADY OF MT.CARMEL,10524 76 AVENUE,10524 76 AVENUE,Edmonton,AB,T6E 1L3,T6E 1L3,identical_after_norm,/daycare/just-n-out-of-school-care-our-lady-of-mt-carmel-a50d339f,/daycare/just-n-out-of-school-care-our-lady-of-mt-carmel-D3EC7A8A,mx_copy_of_bundled|high_same_street
kalyna-kids-66c0a364,mx-8d4066c0a364,mx,kalyna-kids-BEE600CD,ab-3C71BEE600CD,Kalyna Kids,KALYNA KIDS,11310 51 AVENUE,11310 51 AVENUE,Edmonton,AB,T6H 0L7,T6H 0L7,identical_after_norm,/daycare/kalyna-kids-66c0a364,/daycare/kalyna-kids-BEE600CD,mx_copy_of_bundled|high_same_street
kensington-early-learning-center-d9b46dab,mx-0ec8d9b46dab,mx,kensington-early-learning-center-B3B82724,ab-9070B3B82724,Kensington Early Learning Center,KENSINGTON EARLY LEARNING CENTER,12524 - 137 AVENUE,12524 - 137 AVENUE,Edmonton,AB,T5L 4Y5,T5L 4Y5,identical_after_norm,/daycare/kensington-early-learning-center-d9b46dab,/daycare/kensington-early-learning-center-B3B82724,mx_copy_of_bundled|high_same_street
kepler-academy-early-learning-and-childcare-college-plaza-6a43b96a,mx-cd4f6a43b96a,mx,kepler-academy-early-learning-childcare-college--E6A90976,ab-E641E6A90976,Kepler Academy Early Learning & Childcare College Plaza,KEPLER ACADEMY EARLY LEARNING & CHILDCARE COLLEGE PLAZA,#215 - 8215 112 STREET,#215 - 8215 112 STREET,Edmonton,AB,T6G 2C8,T6G 2C8,identical_after_norm,/daycare/kepler-academy-early-learning-and-childcare-college-plaza-6a43b96a,/daycare/kepler-academy-early-learning-childcare-college--E6A90976,mx_copy_of_bundled|high_same_street
kepler-academy-early-learning-and-childcare-sunlife-fa3513ad,mx-b25bfa3513ad,mx,kepler-academy-early-learning-childcare-sunlife-3253D2AA,ab-E0583253D2AA,Kepler Academy Early Learning & Childcare Sunlife,KEPLER ACADEMY EARLY LEARNING & CHILDCARE SUNLIFE,100 - 10123 99 STREET,100 - 10123 99 STREET,Edmonton,AB,T5J 3H1,T5J 3H1,identical_after_norm,/daycare/kepler-academy-early-learning-and-childcare-sunlife-fa3513ad,/daycare/kepler-academy-early-learning-childcare-sunlife-3253D2AA,mx_copy_of_bundled|high_same_street
kepler-academy-early-learning-and-childcare-westlink-975b8441,mx-6970975b8441,mx,kepler-academy-early-learning-childcare-westlink-30733A82,ab-DBB730733A82,Kepler Academy Early Learning & Childcare Westlink,KEPLER ACADEMY EARLY LEARNING & CHILDCARE WESTLINK,104 - 16826 107 AVENUE,104 - 16826 107 AVENUE,Edmonton,AB,T5P 4C3,T5P 4C3,identical_after_norm,/daycare/kepler-academy-early-learning-and-childcare-westlink-975b8441,/daycare/kepler-academy-early-learning-childcare-westlink-30733A82,mx_copy_of_bundled|high_same_street
kid-space-montessori-early-learning-centre-2ef25f31,mx-7d3f2ef25f31,mx,kid-space-montessori-early-learning-centre-6C578BF2,ab-A5CB6C578BF2,Kid Space Montessori Early Learning Centre,KID SPACE MONTESSORI EARLY LEARNING CENTRE,10888 98 STREET,10888 98 STREET,Edmonton,AB,T5H 2P5,T5H 2P5,identical_after_norm,/daycare/kid-space-montessori-early-learning-centre-2ef25f31,/daycare/kid-space-montessori-early-learning-centre-6C578BF2,mx_copy_of_bundled|high_same_street
kid-s-choice-castledowns-daycare-4d925850,mx-964b4d925850,mx,kid-s-choice-castledowns-daycare-AB9FFC76,ab-FEEAAB9FFC76,Kid'S Choice @ Castledowns Daycare,KID'S CHOICE @ CASTLEDOWNS DAYCARE,15143 - 121 STREET,15143 - 121 STREET,Edmonton,AB,T5X 3C8,T5X 3C8,identical_after_norm,/daycare/kid-s-choice-castledowns-daycare-4d925850,/daycare/kid-s-choice-castledowns-daycare-AB9FFC76,mx_copy_of_bundled|high_same_street
kidco-community-centre-fraser-school-91b1af33,mx-46aa91b1af33,mx,kidco-community-centre-fraser-school-B9414598,ab-50C2B9414598,Kidco Community Centre @ Fraser School,KIDCO COMMUNITY CENTRE @ FRASER SCHOOL,14904 21 STREET,14904 21 STREET,Edmonton,AB,T5Y 2L6,T5Y 2L6,identical_after_norm,/daycare/kidco-community-centre-fraser-school-91b1af33,/daycare/kidco-community-centre-fraser-school-B9414598,mx_copy_of_bundled|high_same_street
kids-and-company-edmonton-ice-b1aa4d6b,mx-b503b1aa4d6b,mx,kids-company-edmonton-ice-6052522F,ab-13DD6052522F,Kids & Company - Edmonton Ice,KIDS & COMPANY - EDMONTON ICE,"SUITE 400, 10111 104 AVENUE","SUITE 400, 10111 104 AVENUE",Edmonton,AB,T5J 0H8,T5J 0H8,identical_after_norm,/daycare/kids-and-company-edmonton-ice-b1aa4d6b,/daycare/kids-company-edmonton-ice-6052522F,mx_copy_of_bundled|high_same_street
kids-r-us-daycare-1-e1dfd542,mx-1b1ce1dfd542,mx,kids-r-us-daycare-1-64D8B248,ab-C8C764D8B248,Kids 'R' Us Daycare #1,KIDS 'R' US DAYCARE #1,12140 103 STREET,12140 103 STREET,Edmonton,AB,T5G 2J9,T5G 2J9,identical_after_norm,/daycare/kids-r-us-daycare-1-e1dfd542,/daycare/kids-r-us-daycare-1-64D8B248,mx_copy_of_bundled|high_same_street
kids-r-us-daycare-2-4f7f1029,mx-257b4f7f1029,mx,kids-r-us-daycare-2-13551861,ab-C18B13551861,Kids 'R' Us Daycare #2,KIDS 'R' US DAYCARE #2,10504 118 AVENUE,10504 118 AVENUE,Edmonton,AB,T5G 0P8,T5G 0P8,identical_after_norm,/daycare/kids-r-us-daycare-2-4f7f1029,/daycare/kids-r-us-daycare-2-13551861,mx_copy_of_bundled|high_same_street
kids-cove-daycare-231d907f,mx-04ff231d907f,mx,kids-cove-daycare-BC99A8A4,ab-1F2ABC99A8A4,Kids Cove Daycare,KIDS COVE DAYCARE,14928 45 AVENUE,14928 45 AVENUE,Edmonton,AB,T6H 5T5,T6H 5T5,identical_after_norm,/daycare/kids-cove-daycare-231d907f,/daycare/kids-cove-daycare-BC99A8A4,mx_copy_of_bundled|high_same_street
kids-garden-daycare-b92a2544,mx-b994b92a2544,mx,kids-garden-daycare-FC41E884,ab-6A7CFC41E884,Kids Garden Daycare,KIDS GARDEN DAYCARE,16708 100 STREET,16708 100 STREET,Edmonton,AB,T5X 2S9,T5X 2S9,identical_after_norm,/daycare/kids-garden-daycare-b92a2544,/daycare/kids-garden-daycare-FC41E884,mx_copy_of_bundled|high_same_street
kids-klub-magic-childcare-3851f9b3,mx-aeb23851f9b3,mx,kids-klub-magic-childcare-80D9B6D5,ab-56C680D9B6D5,Kids Klub Magic Childcare,KIDS KLUB MAGIC CHILDCARE,10304 108 STREET,10304 108 STREET,Edmonton,AB,T5J 1L9,T5J 1L9,identical_after_norm,/daycare/kids-klub-magic-childcare-3851f9b3,/daycare/kids-klub-magic-childcare-80D9B6D5,mx_copy_of_bundled|high_same_street
kids3-daycare-fb532dcc,mx-6262fb532dcc,mx,kids3-daycare-15ED36F1,ab-B85A15ED36F1,Kids3 Daycare,KIDS3 DAYCARE,217/218/219 10175 109 STREET,217/218/219 10175 109 STREET,Edmonton,AB,T5J 3P2,T5J 3P2,identical_after_norm,/daycare/kids3-daycare-fb532dcc,/daycare/kids3-daycare-15ED36F1,mx_copy_of_bundled|high_same_street
kidstown-day-care-92fa7ab6,mx-9b7b92fa7ab6,mx,kidstown-day-care-5C853A3B,ab-B74E5C853A3B,Kidstown Day Care,KIDSTOWN DAY CARE,9512/9544 163 STREET,9512/9544 163 STREET,Edmonton,AB,T5P 3M7,T5P 3M7,identical_after_norm,/daycare/kidstown-day-care-92fa7ab6,/daycare/kidstown-day-care-5C853A3B,mx_copy_of_bundled|high_same_street
kidswise-montessori-daycare-and-osc-bd9716cf,mx-b50fbd9716cf,mx,kidswise-montessori-daycare-osc-85FC507C,ab-E83A85FC507C,Kidswise Montessori Daycare & Osc,KIDSWISE MONTESSORI DAYCARE & OSC,8420 145 STREET,8420 145 STREET,Edmonton,AB,T5R 0T2,T5R 0T2,identical_after_norm,/daycare/kidswise-montessori-daycare-and-osc-bd9716cf,/daycare/kidswise-montessori-daycare-osc-85FC507C,mx_copy_of_bundled|high_same_street
kidswise-out-of-school-care-3fac31ec,mx-e8f73fac31ec,mx,kidswise-out-of-school-care-E29E7817,ab-8491E29E7817,Kidswise Out Of School Care,KIDSWISE OUT OF SCHOOL CARE,15108 76 AVENUE,15108 76 AVENUE,Edmonton,AB,T5R 2Z9,T5R 2Z9,identical_after_norm,/daycare/kidswise-out-of-school-care-3fac31ec,/daycare/kidswise-out-of-school-care-E29E7817,mx_copy_of_bundled|high_same_street
kidz-cove-childcare-606c70cb,mx-a091606c70cb,mx,kidz-cove-childcare-D6277B9A,ab-947FD6277B9A,Kidz Cove Childcare,KIDZ COVE CHILDCARE,4716 118 AVENUE,4716 118 AVENUE,Edmonton,AB,T5W 1B3,T5W 1B3,identical_after_norm,/daycare/kidz-cove-childcare-606c70cb,/daycare/kidz-cove-childcare-D6277B9A,mx_copy_of_bundled|high_same_street
kidz-hub-montessori-early-learning-center-and-osc-b87827a5,mx-e6c9b87827a5,mx,kidz-hub-montessori-early-learning-center-osc-AD4A20AE,ab-3C1BAD4A20AE,Kidz Hub Montessori Early Learning Center & Osc,KIDZ HUB MONTESSORI EARLY LEARNING CENTER & OSC,18040 98 AVENUE,18040 98 AVENUE,Edmonton,AB,T5T 3H6,T5T 3H6,identical_after_norm,/daycare/kidz-hub-montessori-early-learning-center-and-osc-b87827a5,/daycare/kidz-hub-montessori-early-learning-center-osc-AD4A20AE,mx_copy_of_bundled|high_same_street
kildare-childcare-and-osc-22406ce3,mx-7d1b22406ce3,mx,kildare-childcare-osc-59675F79,ab-66B759675F79,Kildare Childcare & Osc,KILDARE CHILDCARE & OSC,14015 82 STREET,14015 82 STREET,Edmonton,AB,T5E 2V6,T5E 2V6,identical_after_norm,/daycare/kildare-childcare-and-osc-22406ce3,/daycare/kildare-childcare-osc-59675F79,mx_copy_of_bundled|high_same_street
kinder-academy-daycare-3684b0f9,mx-14ae3684b0f9,mx,kinder-academy-daycare-840D3A24,ab-6580840D3A24,Kinder Academy Daycare,KINDER ACADEMY DAYCARE,11203 97 STREET,11203 97 STREET,Edmonton,AB,T5G 1X2,T5G 1X2,identical_after_norm,/daycare/kinder-academy-daycare-3684b0f9,/daycare/kinder-academy-daycare-840D3A24,mx_copy_of_bundled|high_same_street
kinder-campus-child-care-community-inc-hilltop-campus-14357b06,mx-c69014357b06,mx,kinder-campus-child-care-community-inc-hilltop-c-0915C9F8,ab-F85E0915C9F8,Kinder Campus Child Care Community Inc. (Hilltop Campus),KINDER CAMPUS CHILD CARE COMMUNITY INC. (HILLTOP CAMPUS),13611 119 STREET,13611 119 STREET,Edmonton,AB,T5E 5N3,T5E 5N3,identical_after_norm,/daycare/kinder-campus-child-care-community-inc-hilltop-campus-14357b06,/daycare/kinder-campus-child-care-community-inc-hilltop-c-0915C9F8,mx_copy_of_bundled|high_same_street
kinder-campus-childcare-community-inc-lion-s-gate-6146fb5d,mx-b3dc6146fb5d,mx,kinder-campus-childcare-community-inc-lion-s-gat-C175B58B,ab-1879C175B58B,Kinder Campus Childcare Community Inc. Lion'S Gate,KINDER CAMPUS CHILDCARE COMMUNITY INC. LION'S GATE,8612 122 AVE,8612 122 AVE,Edmonton,AB,T5B 1A7,T5B 1A7,identical_after_norm,/daycare/kinder-campus-childcare-community-inc-lion-s-gate-6146fb5d,/daycare/kinder-campus-childcare-community-inc-lion-s-gat-C175B58B,mx_copy_of_bundled|high_same_street
kinder-house-day-care-center-543bbde3,mx-8435543bbde3,mx,kinder-house-day-care-center-02071ABF,ab-D0AC02071ABF,Kinder House Day Care Center,KINDER HOUSE DAY CARE CENTER,15321 105 AVENUE,15321 105 AVENUE,Edmonton,AB,T5P 0T6,T5P 0T6,identical_after_norm,/daycare/kinder-house-day-care-center-543bbde3,/daycare/kinder-house-day-care-center-02071ABF,mx_copy_of_bundled|high_same_street
king-edward-child-care-centre-f08235ff,mx-b132f08235ff,mx,king-edward-child-care-centre-9C5918E2,ab-94299C5918E2,King Edward Child Care Centre,KING EDWARD CHILD CARE CENTRE,8530 101 STREET,8530 101 STREET,Edmonton,AB,T6E 3Z5,T6E 3Z5,identical_after_norm,/daycare/king-edward-child-care-centre-f08235ff,/daycare/king-edward-child-care-centre-9C5918E2,mx_copy_of_bundled|high_same_street
king-s-kidz-christian-preschool-1661bb90,mx-71251661bb90,mx,king-s-kidz-christian-preschool-CF158966,ab-4CDDCF158966,King'S Kidz Christian Preschool,KING'S KIDZ CHRISTIAN PRESCHOOL,13111 79 STREET,13111 79 STREET,Edmonton,AB,T5C 1J4,T5C 1J4,identical_after_norm,/daycare/king-s-kidz-christian-preschool-1661bb90,/daycare/king-s-kidz-christian-preschool-CF158966,mx_copy_of_bundled|high_same_street
klarvatten-plaza-daycare-0d58d549,mx-503b0d58d549,mx,klarvatten-plaza-daycare-BD8197F3,ab-2592BD8197F3,Klarvatten Plaza Daycare,KLARVATTEN PLAZA DAYCARE,16717 84 STREET,16717 84 STREET,Edmonton,AB,T5Z 0P9,T5Z 0P9,identical_after_norm,/daycare/klarvatten-plaza-daycare-0d58d549,/daycare/klarvatten-plaza-daycare-BD8197F3,mx_copy_of_bundled|high_same_street
la-perle-playschool-4a75b858,mx-a3064a75b858,mx,la-perle-playschool-6955ACC9,ab-C1BD6955ACC9,La Perle Playschool,LA PERLE PLAYSCHOOL,8535 182 STREET,8535 182 STREET,Edmonton,AB,T5T 1X1,T5T 1X1,identical_after_norm,/daycare/la-perle-playschool-4a75b858,/daycare/la-perle-playschool-6955ACC9,mx_copy_of_bundled|high_same_street
ladybug-playschool-association-18679e2b,mx-71c018679e2b,mx,ladybug-playschool-association-0166B8C3,ab-4CC30166B8C3,Ladybug Playschool Association,LADYBUG PLAYSCHOOL ASSOCIATION,6210 188 STREET,6210 188 STREET,Edmonton,AB,T5T 5T4,T5T 5T4,identical_after_norm,/daycare/ladybug-playschool-association-18679e2b,/daycare/ladybug-playschool-association-0166B8C3,mx_copy_of_bundled|high_same_street
lago-lindo-o-s-c-4d8ac075,mx-a23e4d8ac075,mx,lago-lindo-o-s-c-5D7E20F0,ab-59055D7E20F0,Lago Lindo O.S.C.,LAGO LINDO O.S.C.,15004 76 STREET,15004 76 STREET,Edmonton,AB,T5C 1C2,T5C 1C2,identical_after_norm,/daycare/lago-lindo-o-s-c-4d8ac075,/daycare/lago-lindo-o-s-c-5D7E20F0,mx_copy_of_bundled|high_same_street
lago-lindo-preschool-31a3cbc8,mx-bd0031a3cbc8,mx,lago-lindo-preschool-72F765B8,ab-09F672F765B8,Lago Lindo Preschool,LAGO LINDO PRESCHOOL,17123 95 STREET,17123 95 STREET,Edmonton,AB,T5Z 1Z9,T5Z 1Z9,identical_after_norm,/daycare/lago-lindo-preschool-31a3cbc8,/daycare/lago-lindo-preschool-72F765B8,mx_copy_of_bundled|high_same_street
lakeview-day-care-centre-c77dc2e2,mx-c5adc77dc2e2,mx,lakeview-day-care-centre-2B09F201,ab-E98C2B09F201,Lakeview Day Care Centre,LAKEVIEW DAY CARE CENTRE,12 9104 179 AVENUE,12 9104 179 AVENUE,Edmonton,AB,T5Z 2K9,T5Z 2K9,identical_after_norm,/daycare/lakeview-day-care-centre-c77dc2e2,/daycare/lakeview-day-care-centre-2B09F201,mx_copy_of_bundled|high_same_street
lansdowne-child-care-and-family-centre-a0c9ccff,mx-74e5a0c9ccff,mx,lansdowne-child-care-and-family-centre-8F985010,ab-FE808F985010,Lansdowne Child Care And Family Centre,LANSDOWNE CHILD CARE AND FAMILY CENTRE,12323 51 AVENUE,12323 51 AVENUE,Edmonton,AB,T6H 0M6,T6H 0M6,identical_after_norm,/daycare/lansdowne-child-care-and-family-centre-a0c9ccff,/daycare/lansdowne-child-care-and-family-centre-8F985010,mx_copy_of_bundled|high_same_street
laperle-child-development-centre-174d7e17,mx-2278174d7e17,mx,laperle-child-development-centre-F7282A9E,ab-21B6F7282A9E,Laperle Child Development Centre,LAPERLE CHILD DEVELOPMENT CENTRE,9742 182 STREET,9742 182 STREET,Edmonton,AB,T5T 3T9,T5T 3T9,identical_after_norm,/daycare/laperle-child-development-centre-174d7e17,/daycare/laperle-child-development-centre-F7282A9E,mx_copy_of_bundled|high_same_street
lauderdale-afterschool-care-e4b2546a,mx-3dc8e4b2546a,mx,lauderdale-afterschool-care-AAE3FA56,ab-79A9AAE3FA56,Lauderdale Afterschool Care,LAUDERDALE AFTERSCHOOL CARE,10816 129 AVENUE,10816 129 AVENUE,Edmonton,AB,T5E 5W9,T5E 5W9,identical_after_norm,/daycare/lauderdale-afterschool-care-e4b2546a,/daycare/lauderdale-afterschool-care-AAE3FA56,mx_copy_of_bundled|high_same_street
laurier-heights-out-of-school-care-f9760c82,mx-b83df9760c82,mx,laurier-heights-out-of-school-care-B7D4210A,ab-62A7B7D4210A,Laurier Heights Out Of School Care,LAURIER HEIGHTS OUT OF SCHOOL CARE,8210 142 STREET,8210 142 STREET,Edmonton,AB,T5R 0L9,T5R 0L9,identical_after_norm,/daycare/laurier-heights-out-of-school-care-f9760c82,/daycare/laurier-heights-out-of-school-care-B7D4210A,mx_copy_of_bundled|high_same_street
leaps-and-bounds-early-learning-centre-4d1104ac,mx-d2b14d1104ac,mx,leaps-bounds-early-learning-centre-4EBB0D61,ab-CD424EBB0D61,Leaps & Bounds Early Learning Centre,LEAPS & BOUNDS EARLY LEARNING CENTRE,2803 48 STREET,2803 48 STREET,Edmonton,AB,T6L 5T7,T6L 5T7,identical_after_norm,/daycare/leaps-and-bounds-early-learning-centre-4d1104ac,/daycare/leaps-bounds-early-learning-centre-4EBB0D61,mx_copy_of_bundled|high_same_street
learning-for-life-child-care-ca8e01af,mx-10a0ca8e01af,mx,learning-for-life-child-care-A65680AF,ab-12E2A65680AF,Learning For Life Child Care,LEARNING FOR LIFE CHILD CARE,3303 37 STREET,3303 37 STREET,Edmonton,AB,T6L 5P9,T6L 5P9,identical_after_norm,/daycare/learning-for-life-child-care-ca8e01af,/daycare/learning-for-life-child-care-A65680AF,mx_copy_of_bundled|high_same_street
learning-through-play-child-development-centre-63ef44a5,mx-3a5563ef44a5,mx,learning-through-play-child-development-centre-82EC16BF,ab-534282EC16BF,Learning Through Play Child Development Centre,LEARNING THROUGH PLAY CHILD DEVELOPMENT CENTRE,14618 50 STREET,14618 50 STREET,Edmonton,AB,T5A 4W9,T5A 4W9,identical_after_norm,/daycare/learning-through-play-child-development-centre-63ef44a5,/daycare/learning-through-play-child-development-centre-82EC16BF,mx_copy_of_bundled|high_same_street
learning-through-play-montessori-day-care-506c3f73,mx-62f4506c3f73,mx,learning-through-play-montessori-day-care-11DF0029,ab-BF2811DF0029,Learning Through Play Montessori Day Care,LEARNING THROUGH PLAY MONTESSORI DAY CARE,8620 91 STREET,8620 91 STREET,Edmonton,AB,T6C 3N2,T6C 3N2,identical_after_norm,/daycare/learning-through-play-montessori-day-care-506c3f73,/daycare/learning-through-play-montessori-day-care-11DF0029,mx_copy_of_bundled|high_same_street
les-tournesols-sunflowers-bilingual-montessori-centre-cbf4308d,mx-2862cbf4308d,mx,les-tournesols-sunflowers-bilingual-montessori-c-2456E62B,ab-FAB32456E62B,Les Tournesols/Sunflowers Bilingual Montessori Centre,LES TOURNESOLS/SUNFLOWERS BILINGUAL MONTESSORI CENTRE,7055 99 STREET,7055 99 STREET,Edmonton,AB,T6E 3R4,T6E 3R4,identical_after_norm,/daycare/les-tournesols-sunflowers-bilingual-montessori-centre-cbf4308d,/daycare/les-tournesols-sunflowers-bilingual-montessori-c-2456E62B,mx_copy_of_bundled|high_same_street
light-of-the-moon-kids-daycare-and-osc-ltd-3786965d,mx-b1cf3786965d,mx,light-of-the-moon-kids-daycare-osc-ltd-10AC766B,ab-6B7910AC766B,Light Of The Moon Kids Daycare & Osc Ltd.,LIGHT OF THE MOON KIDS DAYCARE & OSC LTD.,6304 129 AVENUE,6304 129 AVENUE,Edmonton,AB,T5A 0G1,T5A 0G1,identical_after_norm,/daycare/light-of-the-moon-kids-daycare-and-osc-ltd-3786965d,/daycare/light-of-the-moon-kids-daycare-osc-ltd-10AC766B,mx_copy_of_bundled|high_same_street
lil-saints-early-learning-center-b0ce02df,mx-ddfcb0ce02df,mx,lil-saints-early-learning-center-92FEBD8D,ab-7E5B92FEBD8D,Lil' Saints Early Learning Center,LIL' SAINTS EARLY LEARNING CENTER,6315 - 199 STREET,6315 - 199 STREET,Edmonton,AB,T5T 6N2,T5T 6N2,identical_after_norm,/daycare/lil-saints-early-learning-center-b0ce02df,/daycare/lil-saints-early-learning-center-92FEBD8D,mx_copy_of_bundled|high_same_street
lilliput-daycare-centre-d479f7cf,mx-65cfd479f7cf,mx,lilliput-daycare-centre-B85639D1,ab-7C76B85639D1,Lilliput Daycare Centre,LILLIPUT DAYCARE CENTRE,11214 109 AVENUE,11214 109 AVENUE,Edmonton,AB,T5H 1E1,T5H 1E1,identical_after_norm,/daycare/lilliput-daycare-centre-d479f7cf,/daycare/lilliput-daycare-centre-B85639D1,mx_copy_of_bundled|high_same_street
little-angels-daycare-466d8467,mx-1db4466d8467,mx,little-angels-daycare-8E376EAF,ab-E2498E376EAF,Little Angels' Daycare,LITTLE ANGELS' DAYCARE,10127 145 STREET,10127 145 STREET,Edmonton,AB,T5N 2X6,T5N 2X6,identical_after_norm,/daycare/little-angels-daycare-466d8467,/daycare/little-angels-daycare-8E376EAF,mx_copy_of_bundled|high_same_street
little-angels-daycare-and-out-of-school-care-8b89ee3d,mx-93748b89ee3d,mx,little-angels-daycare-and-out-of-school-care-4DA0C5E2,ab-2CFF4DA0C5E2,Little Angels' Daycare And Out Of School Care,LITTLE ANGELS' DAYCARE AND OUT OF SCHOOL CARE,10345 144 ST,10345 144 ST,Edmonton,AB,T5N 2V3,T5N 2V3,identical_after_norm,/daycare/little-angels-daycare-and-out-of-school-care-8b89ee3d,/daycare/little-angels-daycare-and-out-of-school-care-4DA0C5E2,mx_copy_of_bundled|high_same_street
little-aspen-playschool-0e528bc5,mx-d6610e528bc5,mx,little-aspen-playschool-E2D11FCA,ab-EA8AE2D11FCA,Little Aspen Playschool,LITTLE ASPEN PLAYSCHOOL,4030 117 STREET,4030 117 STREET,Edmonton,AB,T6J 2W5,T6J 2W5,identical_after_norm,/daycare/little-aspen-playschool-0e528bc5,/daycare/little-aspen-playschool-E2D11FCA,mx_copy_of_bundled|high_same_street
little-champs-daycare-centre-cd047520,mx-9347cd047520,mx,little-champs-daycare-centre-2BDF5609,ab-B04E2BDF5609,Little Champs Daycare Centre,LITTLE CHAMPS DAYCARE CENTRE,412 415 8170 50 STREET,412 415 8170 50 STREET,Edmonton,AB,T6B 1E6,T6B 1E6,identical_after_norm,/daycare/little-champs-daycare-centre-cd047520,/daycare/little-champs-daycare-centre-2BDF5609,mx_copy_of_bundled|high_same_street
little-einsteins-osc-at-baturyn-62adecf3,mx-802462adecf3,mx,little-einsteins-osc-at-baturyn-99C506A0,ab-3EF499C506A0,Little Einsteins Osc At Baturyn,LITTLE EINSTEINS OSC AT BATURYN,10603 172 AVENUE,10603 172 AVENUE,Edmonton,AB,T5X 4X4,T5X 4X4,identical_after_norm,/daycare/little-einsteins-osc-at-baturyn-62adecf3,/daycare/little-einsteins-osc-at-baturyn-99C506A0,mx_copy_of_bundled|high_same_street
little-einsteins-osc-at-st-charles-0f00d3b1,mx-aff30f00d3b1,mx,little-einsteins-osc-at-st-charles-8DC343C2,ab-BCDC8DC343C2,Little Einsteins Osc At St. Charles,LITTLE EINSTEINS OSC AT ST. CHARLES,105 10423 172 AVENUE,105 10423 172 AVENUE,Edmonton,AB,T5X 4X4,T5X 4X4,identical_after_norm,/daycare/little-einsteins-osc-at-st-charles-0f00d3b1,/daycare/little-einsteins-osc-at-st-charles-8DC343C2,mx_copy_of_bundled|high_same_street
little-flowers-day-care-90c294fd,mx-386f90c294fd,mx,little-flowers-day-care-6164A141,ab-AA796164A141,Little Flowers Day Care,LITTLE FLOWERS DAY CARE,2304 38 STREET,2304 38 STREET,Edmonton,AB,T6L 4K9,T6L 4K9,identical_after_norm,/daycare/little-flowers-day-care-90c294fd,/daycare/little-flowers-day-care-6164A141,mx_copy_of_bundled|high_same_street
little-friends-nursery-centre-a37e8be0,mx-20bea37e8be0,mx,little-friends-nursery-centre-66FFD683,ab-0F9366FFD683,Little Friends Nursery Centre,LITTLE FRIENDS NURSERY CENTRE,9915 148 STREET,9915 148 STREET,Edmonton,AB,T5N 3G1,T5N 3G1,identical_after_norm,/daycare/little-friends-nursery-centre-a37e8be0,/daycare/little-friends-nursery-centre-66FFD683,mx_copy_of_bundled|high_same_street
little-genius-daycare-ltd-9d864e08,mx-4d9f9d864e08,mx,little-genius-daycare-ltd-614622EB,ab-14DA614622EB,Little Genius Daycare Ltd.,LITTLE GENIUS DAYCARE LTD.,13931 140 STREET,13931 140 STREET,Edmonton,AB,T6V 1J7,T6V 1J7,identical_after_norm,/daycare/little-genius-daycare-ltd-9d864e08,/daycare/little-genius-daycare-ltd-614622EB,mx_copy_of_bundled|high_same_street
little-golden-daycare-e236c94e,mx-f3f3e236c94e,mx,little-golden-daycare-3DAC6311,ab-D4793DAC6311,Little Golden Daycare,LITTLE GOLDEN DAYCARE,11007/11015 107 AVENUE,11007/11015 107 AVENUE,Edmonton,AB,T5H 0X6,T5H 0X6,identical_after_norm,/daycare/little-golden-daycare-e236c94e,/daycare/little-golden-daycare-3DAC6311,mx_copy_of_bundled|high_same_street
little-haven-day-care-93e400ae,mx-60b793e400ae,mx,little-haven-day-care-3D555BBE,ab-E7323D555BBE,Little Haven Day Care,LITTLE HAVEN DAY CARE,3721 118 AVENUE,3721 118 AVENUE,Edmonton,AB,T5W 0Z3,T5W 0Z3,identical_after_norm,/daycare/little-haven-day-care-93e400ae,/daycare/little-haven-day-care-3D555BBE,mx_copy_of_bundled|high_same_street
little-lions-daycare-c558b78b,mx-4851c558b78b,mx,little-lions-daycare-792A9D74,ab-7398792A9D74,Little Lions Daycare,LITTLE LIONS DAYCARE,7407 98 AVE,7407 98 AVE,Edmonton,AB,T6A 0A8,T6A 0A8,identical_after_norm,/daycare/little-lions-daycare-c558b78b,/daycare/little-lions-daycare-792A9D74,mx_copy_of_bundled|high_same_street
little-munchkins-childcare-82c04444,mx-7cab82c04444,mx,little-munchkins-childcare-0CA6DC3F,ab-92570CA6DC3F,Little Munchkins Childcare,LITTLE MUNCHKINS CHILDCARE,"#317, 7004 149 AVENUE","#317, 7004 149 AVENUE",Edmonton,AB,T5C 2V3,T5C 2V3,identical_after_norm,/daycare/little-munchkins-childcare-82c04444,/daycare/little-munchkins-childcare-0CA6DC3F,mx_copy_of_bundled|high_same_street
little-people-s-daycare-8a503d21,mx-c81b8a503d21,mx,little-people-s-daycare-AFD4CAC4,ab-BCACAFD4CAC4,Little People'S Daycare,LITTLE PEOPLE'S DAYCARE,2461 104 STREET,2461 104 STREET,Edmonton,AB,T6J 4R1,T6J 4R1,identical_after_norm,/daycare/little-people-s-daycare-8a503d21,/daycare/little-people-s-daycare-AFD4CAC4,mx_copy_of_bundled|high_same_street
little-peoples-heritage-out-of-school-care-f888a343,mx-76cdf888a343,mx,little-peoples-heritage-out-of-school-care-795C9AEC,ab-6EA9795C9AEC,Little Peoples @ Heritage Out Of School Care,LITTLE PEOPLES @ HERITAGE OUT OF SCHOOL CARE,3034 106 STREET,3034 106 STREET,Edmonton,AB,T6J 5M5,T6J 5M5,identical_after_norm,/daycare/little-peoples-heritage-out-of-school-care-f888a343,/daycare/little-peoples-heritage-out-of-school-care-795C9AEC,mx_copy_of_bundled|high_same_street
lollypop-day-care-1-8a7143b3,mx-21eb8a7143b3,mx,lollypop-day-care-1-EA5FA0D3,ab-5022EA5FA0D3,Lollypop Day Care #1,LOLLYPOP DAY CARE #1,5320/5322 118 AVENUE,5320/5322 118 AVENUE,Edmonton,AB,T5W 1C4,T5W 1C4,identical_after_norm,/daycare/lollypop-day-care-1-8a7143b3,/daycare/lollypop-day-care-1-EA5FA0D3,mx_copy_of_bundled|high_same_street
londonderry-child-development-society-23b0c9fe,mx-8d5523b0c9fe,mx,londonderry-child-development-society-8933783E,ab-39888933783E,Londonderry Child Development Society,LONDONDERRY CHILD DEVELOPMENT SOCIETY,13931 - 140 STREET,13931 - 140 STREET,Edmonton,AB,T6V 1J7,T6V 1J7,identical_after_norm,/daycare/londonderry-child-development-society-23b0c9fe,/daycare/londonderry-child-development-society-8933783E,mx_copy_of_bundled|high_same_street
lorelei-daycare-centre-37ddcccd,mx-3a0637ddcccd,mx,lorelei-daycare-centre-A73309D9,ab-40D7A73309D9,Lorelei Daycare Centre,LORELEI DAYCARE CENTRE,10815 164 AVENUE,10815 164 AVENUE,Edmonton,AB,T5X 2B7,T5X 2B7,identical_after_norm,/daycare/lorelei-daycare-centre-37ddcccd,/daycare/lorelei-daycare-centre-A73309D9,mx_copy_of_bundled|high_same_street
magical-minds-daycare-and-osc-ltd-7a1ee6ec,mx-4b297a1ee6ec,mx,magical-minds-daycare-and-osc-ltd-01111098,ab-214A01111098,Magical Minds Daycare  And Osc Ltd,MAGICAL MINDS DAYCARE  AND OSC LTD,171-4211 106 STREET,171-4211 106 STREET,Edmonton,AB,T6J 6P3,T6J 6P3,identical_after_norm,/daycare/magical-minds-daycare-and-osc-ltd-7a1ee6ec,/daycare/magical-minds-daycare-and-osc-ltd-01111098,mx_copy_of_bundled|high_same_street
malmo-prekindergarten-993a7f1b,mx-1d41993a7f1b,mx,malmo-prekindergarten-35EA6B10,ab-D55D35EA6B10,Malmo Prekindergarten,MALMO PREKINDERGARTEN,4716 - 115 STREET,4716 - 115 STREET,Edmonton,AB,T6H 3N8,T6H 3N8,identical_after_norm,/daycare/malmo-prekindergarten-993a7f1b,/daycare/malmo-prekindergarten-35EA6B10,mx_copy_of_bundled|high_same_street
mama-roza-garden-childcare-6afb244e,mx-38536afb244e,mx,mama-roza-garden-childcare-63B32A41,ab-A0F363B32A41,Mama Roza Garden Childcare,MAMA ROZA GARDEN CHILDCARE,104 11010 101 STREET,104 11010 101 STREET,Edmonton,AB,T5H 4B9,T5H 4B9,identical_after_norm,/daycare/mama-roza-garden-childcare-6afb244e,/daycare/mama-roza-garden-childcare-63B32A41,mx_copy_of_bundled|high_same_street
mama-s-daycare-2-84e3e1b7,mx-d0c784e3e1b7,mx,mama-s-daycare-2-93CEA718,ab-7BAD93CEA718,Mama'S Daycare #2,MAMA'S DAYCARE #2,6516 118 AVENUE,6516 118 AVENUE,Edmonton,AB,T5W 1G6,T5W 1G6,identical_after_norm,/daycare/mama-s-daycare-2-84e3e1b7,/daycare/mama-s-daycare-2-93CEA718,mx_copy_of_bundled|high_same_street
maria-montessori-stepping-stones-child-development-centre-414a05ba,mx-e97f414a05ba,mx,maria-montessori-stepping-stones-child-developme-24E327CF,ab-A32124E327CF,Maria Montessori Stepping Stones Child Development Centre,MARIA MONTESSORI STEPPING STONES CHILD DEVELOPMENT CENTRE,3379/3381/3383 28A AVENUE,3379/3381/3383 28A AVENUE,Edmonton,AB,T6T 0P9,T6T 0P9,identical_after_norm,/daycare/maria-montessori-stepping-stones-child-development-centre-414a05ba,/daycare/maria-montessori-stepping-stones-child-developme-24E327CF,mx_copy_of_bundled|high_same_street
maria-montessori-stepping-stones-child-development-centre-82-street-ee70e5c1,mx-6cc1ee70e5c1,mx,maria-montessori-stepping-stones-child-developme-79FC89E4,ab-F1CE79FC89E4,Maria Montessori Stepping Stones Child Development Centre-82 Street,MARIA MONTESSORI STEPPING STONES CHILD DEVELOPMENT CENTRE-82 STREET,11730 82 STREET,11730 82 STREET,Edmonton,AB,T5B 2W1,T5B 2W1,identical_after_norm,/daycare/maria-montessori-stepping-stones-child-development-centre-82-street-ee70e5c1,/daycare/maria-montessori-stepping-stones-child-developme-79FC89E4,mx_copy_of_bundled|high_same_street
martha-s-day-care-f21cd1ab,mx-495ff21cd1ab,mx,martha-s-day-care-02F8E819,ab-96F302F8E819,Martha'S Day Care,MARTHA'S DAY CARE,7240 180 STREET,7240 180 STREET,Edmonton,AB,T5T 3B1,T5T 3B1,identical_after_norm,/daycare/martha-s-day-care-f21cd1ab,/daycare/martha-s-day-care-02F8E819,mx_copy_of_bundled|high_same_street
mckee-after-school-program-a86f6a74,mx-be2ba86f6a74,mx,mckee-after-school-program-C1E23085,ab-190FC1E23085,Mckee After School Program,MCKEE AFTER SCHOOL PROGRAM,10725 51 AVENUE,10725 51 AVENUE,Edmonton,AB,T6H 0L3,T6H 0L3,identical_after_norm,/daycare/mckee-after-school-program-a86f6a74,/daycare/mckee-after-school-program-C1E23085,mx_copy_of_bundled|high_same_street
mckernan-child-care-society-after-school-5848f509,mx-f6c95848f509,mx,mckernan-child-care-society-after-school-5FA9FF52,ab-6F785FA9FF52,Mckernan Child Care Society After School,MCKERNAN CHILD CARE SOCIETY AFTER SCHOOL,11341 78 AVE,11341 78 AVE,Edmonton,AB,T6G 0N1,T6G 0N1,identical_after_norm,/daycare/mckernan-child-care-society-after-school-5848f509,/daycare/mckernan-child-care-society-after-school-5FA9FF52,mx_copy_of_bundled|high_same_street
mckernan-child-development-centre-760526e3,mx-9472760526e3,mx,mckernan-child-development-centre-304B5568,ab-2521304B5568,Mckernan Child Development Centre,MCKERNAN CHILD DEVELOPMENT CENTRE,11103 76 AVENUE,11103 76 AVENUE,Edmonton,AB,T6G 0J9,T6G 0J9,identical_after_norm,/daycare/mckernan-child-development-centre-760526e3,/daycare/mckernan-child-development-centre-304B5568,mx_copy_of_bundled|high_same_street
mcleod-community-early-learning-and-child-care-center-770d65fb,mx-5617770d65fb,mx,mcleod-community-early-learning-and-child-care-c-89F84CD4,ab-0ABD89F84CD4,Mcleod Community Early Learning And Child Care Center,MCLEOD COMMUNITY EARLY LEARNING AND CHILD CARE CENTER,5812 149 AVENUE,5812 149 AVENUE,Edmonton,AB,T5A 3A7,T5A 3A7,identical_after_norm,/daycare/mcleod-community-early-learning-and-child-care-center-770d65fb,/daycare/mcleod-community-early-learning-and-child-care-c-89F84CD4,mx_copy_of_bundled|high_same_street
mcleod-day-care-c6d4995c,mx-2bbdc6d4995c,mx,mcleod-day-care-CBC419E7,ab-AC2DCBC419E7,Mcleod Day Care,MCLEOD DAY CARE,5914 153 AVE,5914 153 AVE,Edmonton,AB,T5Y 2W1,T5Y 2W1,identical_after_norm,/daycare/mcleod-day-care-c6d4995c,/daycare/mcleod-day-care-CBC419E7,mx_copy_of_bundled|high_same_street
meadowlark-park-day-care-4115cecb,mx-0af54115cecb,mx,meadowlark-park-day-care-8DF3CB14,ab-A7EF8DF3CB14,Meadowlark Park Day Care,MEADOWLARK PARK DAY CARE,9325 165 STREET,9325 165 STREET,Edmonton,AB,T5R 2S5,T5R 2S5,identical_after_norm,/daycare/meadowlark-park-day-care-4115cecb,/daycare/meadowlark-park-day-care-8DF3CB14,mx_copy_of_bundled|high_same_street
mikey-s-day-care-6d354003,mx-fa7f6d354003,mx,mikey-s-day-care-71F39C9D,ab-59FA71F39C9D,Mikey'S Day Care,MIKEY'S DAY CARE,10110 107 AVENUE,10110 107 AVENUE,Edmonton,AB,T5H 0V5,T5H 0V5,identical_after_norm,/daycare/mikey-s-day-care-6d354003,/daycare/mikey-s-day-care-71F39C9D,mx_copy_of_bundled|high_same_street
millcreek-s-finest-child-care-centre-9534d135,mx-19db9534d135,mx,millcreek-s-finest-child-care-centre-747EEB56,ab-EDA2747EEB56,Millcreek'S Finest Child Care Centre,MILLCREEK'S FINEST CHILD CARE CENTRE,9425 76 AVENUE,9425 76 AVENUE,Edmonton,AB,T6C 0J8,T6C 0J8,identical_after_norm,/daycare/millcreek-s-finest-child-care-centre-9534d135,/daycare/millcreek-s-finest-child-care-centre-747EEB56,mx_copy_of_bundled|high_same_street
mini-friends-daycare-d67a4b5a,mx-d035d67a4b5a,mx,mini-friends-daycare-6079E371,ab-2E266079E371,Mini Friends Daycare,MINI FRIENDS DAYCARE,14510 118 STREET,14510 118 STREET,Edmonton,AB,T5X 1T3,T5X 1T3,identical_after_norm,/daycare/mini-friends-daycare-d67a4b5a,/daycare/mini-friends-daycare-6079E371,mx_copy_of_bundled|high_same_street
mini-explorers-childcare-and-osc-ltd-c183280a,mx-6528c183280a,mx,mini-explorers-childcare-osc-ltd-FF921D7A,ab-8725FF921D7A,Mini-Explorers Childcare & Osc Ltd,MINI-EXPLORERS CHILDCARE & OSC LTD,1851 94 STREET,1851 94 STREET,Edmonton,AB,T6N 1E6,T6N 1E6,identical_after_norm,/daycare/mini-explorers-childcare-and-osc-ltd-c183280a,/daycare/mini-explorers-childcare-osc-ltd-FF921D7A,mx_copy_of_bundled|high_same_street
mom-s-choice-lymburn-daycare-f84dfafc,mx-8789f84dfafc,mx,mom-s-choice-lymburn-daycare-39275B02,ab-F4AF39275B02,Mom'S Choice @ Lymburn Daycare,MOM'S CHOICE @ LYMBURN DAYCARE,7522 178 ST,7522 178 ST,Edmonton,AB,T5T 2Y5,T5T 2Y5,identical_after_norm,/daycare/mom-s-choice-lymburn-daycare-f84dfafc,/daycare/mom-s-choice-lymburn-daycare-39275B02,mx_copy_of_bundled|high_same_street
mom-s-dream-daycare-ltd-pilgrim-79d06dae,mx-b14d79d06dae,mx,mom-s-dream-daycare-ltd-pilgrim-5112C495,ab-C84D5112C495,Mom'S Dream Daycare Ltd. Pilgrim,MOM'S DREAM DAYCARE LTD. PILGRIM,9008 135 AVE,9008 135 AVE,Edmonton,AB,T5E 1N4,T5E 1N4,identical_after_norm,/daycare/mom-s-dream-daycare-ltd-pilgrim-79d06dae,/daycare/mom-s-dream-daycare-ltd-pilgrim-5112C495,mx_copy_of_bundled|high_same_street
monarch-out-of-school-care-f5c33c5c,mx-7714f5c33c5c,mx,monarch-out-of-school-care-15AF339D,ab-756115AF339D,Monarch Out Of School Care,MONARCH OUT OF SCHOOL CARE,10210 108 AVENUE,10210 108 AVENUE,Edmonton,AB,T5H 1A8,T5H 1A8,identical_after_norm,/daycare/monarch-out-of-school-care-f5c33c5c,/daycare/monarch-out-of-school-care-15AF339D,mx_copy_of_bundled|high_same_street
montessori-and-me-737676ac,mx-6e4b737676ac,mx,montessori-me-CA2A69A1,ab-2113CA2A69A1,Montessori & Me,MONTESSORI & ME,16018 104 AVE,16018 104 AVE,Edmonton,AB,T5P 0S3,T5P 0S3,identical_after_norm,/daycare/montessori-and-me-737676ac,/daycare/montessori-me-CA2A69A1,mx_copy_of_bundled|high_same_street
montessori-bilingual-academy-bbd834a8,mx-d742bbd834a8,mx,montessori-bilingual-academy-C1B0EFF5,ab-1325C1B0EFF5,Montessori Bilingual Academy,MONTESSORI BILINGUAL ACADEMY,13/14/15 16629 83 AVENUE,13/14/15 16629 83 AVENUE,Edmonton,AB,T5R 3V8,T5R 3V8,identical_after_norm,/daycare/montessori-bilingual-academy-bbd834a8,/daycare/montessori-bilingual-academy-C1B0EFF5,mx_copy_of_bundled|high_same_street
montessori-early-learning-child-care-d9b92810,mx-51bfd9b92810,mx,montessori-early-learning-child-care-73F7CF8B,ab-5F7773F7CF8B,Montessori Early Learning Child Care,MONTESSORI EARLY LEARNING CHILD CARE,4208 107 STREET,4208 107 STREET,Edmonton,AB,T6J 2R9,T6J 2R9,identical_after_norm,/daycare/montessori-early-learning-child-care-d9b92810,/daycare/montessori-early-learning-child-care-73F7CF8B,mx_copy_of_bundled|high_same_street
montessori-play-and-learn-centre-ltd-dc0e14f7,mx-39e8dc0e14f7,mx,montessori-play-and-learn-centre-ltd-DB83FF9E,ab-E180DB83FF9E,Montessori Play And Learn Centre Ltd.,MONTESSORI PLAY AND LEARN CENTRE LTD.,10815 76 AVE,10815 76 AVE,Edmonton,AB,T6E 1M1,T6E 1M1,identical_after_norm,/daycare/montessori-play-and-learn-centre-ltd-dc0e14f7,/daycare/montessori-play-and-learn-centre-ltd-DB83FF9E,mx_copy_of_bundled|high_same_street
montessori-school-house-day-care-44dd53ec,mx-921044dd53ec,mx,montessori-school-house-day-care-E22739CA,ab-8774E22739CA,Montessori School House Day Care,MONTESSORI SCHOOL HOUSE DAY CARE,4004 114 STREET,4004 114 STREET,Edmonton,AB,T6J 1M6,T6J 1M6,identical_after_norm,/daycare/montessori-school-house-day-care-44dd53ec,/daycare/montessori-school-house-day-care-E22739CA,mx_copy_of_bundled|high_same_street
motherhood-childcare-41a40127,mx-16aa41a40127,mx,motherhood-childcare-2E55B9E0,ab-9CCC2E55B9E0,Motherhood Childcare,MOTHERHOOD CHILDCARE,11468 112 AVE,11468 112 AVE,Edmonton,AB,T5G 0H6,T5G 0H6,identical_after_norm,/daycare/motherhood-childcare-41a40127,/daycare/motherhood-childcare-2E55B9E0,mx_copy_of_bundled|high_same_street
mount-pleasant-day-care-centre-bb33cf15,mx-efe5bb33cf15,mx,mount-pleasant-day-care-centre-59CA8B07,ab-D3BD59CA8B07,Mount Pleasant Day Care Centre,MOUNT PLEASANT DAY CARE CENTRE,5329 106 STREET,5329 106 STREET,Edmonton,AB,T6H 2T2,T6H 2T2,identical_after_norm,/daycare/mount-pleasant-day-care-centre-bb33cf15,/daycare/mount-pleasant-day-care-centre-59CA8B07,mx_copy_of_bundled|high_same_street
my-daycare-early-learning-and-child-care-centre-309579ef,mx-a1eb309579ef,mx,my-daycare-early-learning-and-child-care-centre-1BF064BB,ab-26C51BF064BB,My Daycare Early Learning And Child Care Centre,MY DAYCARE EARLY LEARNING AND CHILD CARE CENTRE,14920 93 AVE,14920 93 AVE,Edmonton,AB,T5R 5H2,T5R 5H2,identical_after_norm,/daycare/my-daycare-early-learning-and-child-care-centre-309579ef,/daycare/my-daycare-early-learning-and-child-care-centre-1BF064BB,mx_copy_of_bundled|high_same_street
nebula-academy-daycare-8b8b699f,mx-78198b8b699f,mx,nebula-academy-daycare-8F3A8F76,ab-F4FA8F3A8F76,Nebula  Academy Daycare,NEBULA  ACADEMY DAYCARE,12023 81 STREET,12023 81 STREET,Edmonton,AB,T5B 2S9,T5B 2S9,identical_after_norm,/daycare/nebula-academy-daycare-8b8b699f,/daycare/nebula-academy-daycare-8F3A8F76,mx_copy_of_bundled|high_same_street
next-level-childcare-2ecb2273,mx-71412ecb2273,mx,next-level-childcare-0B8611A6,ab-2B450B8611A6,Next Level Childcare,NEXT LEVEL CHILDCARE,10531 74 AVENUE,10531 74 AVENUE,Edmonton,AB,T6E 5M9,T6E 5M9,identical_after_norm,/daycare/next-level-childcare-2ecb2273,/daycare/next-level-childcare-0B8611A6,mx_copy_of_bundled|high_same_street
north-east-child-care-society-p-f-s-a-c-b27f15f4,mx-c7d5b27f15f4,mx,north-east-child-care-society-p-f-s-a-c-1F24207A,ab-F4001F24207A,North East Child Care Society P.F.S.A.C.,NORTH EAST CHILD CARE SOCIETY P.F.S.A.C.,13915 61 STREET,13915 61 STREET,Edmonton,AB,T5A 1P3,T5A 1P3,identical_after_norm,/daycare/north-east-child-care-society-p-f-s-a-c-b27f15f4,/daycare/north-east-child-care-society-p-f-s-a-c-1F24207A,mx_copy_of_bundled|high_same_street
north-glenora-playschool-502bc8d9,mx-11df502bc8d9,mx,north-glenora-playschool-FC0BAFAC,ab-DD4FFC0BAFAC,North Glenora Playschool,NORTH GLENORA PLAYSCHOOL,13535 - 109A  AVENUE,13535 - 109A  AVENUE,Edmonton,AB,T5M 3Z4,T5M 3Z4,identical_after_norm,/daycare/north-glenora-playschool-502bc8d9,/daycare/north-glenora-playschool-FC0BAFAC,mx_copy_of_bundled|high_same_street
northeast-child-care-centre-2-program-for-school-age-children-0d5528b1,mx-51870d5528b1,mx,northeast-child-care-centre-2-program-for-school-2C03BF85,ab-B93B2C03BF85,Northeast Child Care Centre #2 Program For School Age Children,NORTHEAST CHILD CARE CENTRE #2 PROGRAM FOR SCHOOL AGE CHILDREN,104/106-7220 144 AVENUE,104/106-7220 144 AVENUE,Edmonton,AB,T5C 2R7,T5C 2R7,identical_after_norm,/daycare/northeast-child-care-centre-2-program-for-school-age-children-0d5528b1,/daycare/northeast-child-care-centre-2-program-for-school-2C03BF85,mx_copy_of_bundled|high_same_street
northeast-christian-preschool-505bf56f,mx-c049505bf56f,mx,northeast-christian-preschool-DBC19FE9,ab-74CDDBC19FE9,Northeast Christian Preschool,NORTHEAST CHRISTIAN PRESCHOOL,5940 159 AVENUE,5940 159 AVENUE,Edmonton,AB,T5Y 0J5,T5Y 0J5,identical_after_norm,/daycare/northeast-christian-preschool-505bf56f,/daycare/northeast-christian-preschool-DBC19FE9,mx_copy_of_bundled|high_same_street
northeast-day-care-centre-1-e9fec7cf,mx-8828e9fec7cf,mx,northeast-day-care-centre-1-018E41CD,ab-6F06018E41CD,Northeast Day Care Centre #1,NORTHEAST DAY CARE CENTRE #1,205-7210 144 AVENUE,205-7210 144 AVENUE,Edmonton,AB,T5C 2R7,T5C 2R7,identical_after_norm,/daycare/northeast-day-care-centre-1-e9fec7cf,/daycare/northeast-day-care-centre-1-018E41CD,mx_copy_of_bundled|high_same_street
northgate-childcare-centre-22e09e6c,mx-821322e09e6c,mx,northgate-childcare-centre-103BE3BB,ab-C243103BE3BB,Northgate Childcare Centre,NORTHGATE CHILDCARE CENTRE,9535 135 AVE,9535 135 AVE,Edmonton,AB,T5E 1N8,T5E 1N8,identical_after_norm,/daycare/northgate-childcare-centre-22e09e6c,/daycare/northgate-childcare-centre-103BE3BB,mx_copy_of_bundled|high_same_street
norwood-child-and-family-resource-centre-early-start-e64ca041,mx-7c31e64ca041,mx,norwood-child-family-resource-centre-early-start-055B9A0E,ab-D222055B9A0E,Norwood Child & Family Resource Centre ( Early Start ),NORWOOD CHILD & FAMILY RESOURCE CENTRE ( EARLY START ),9516 114 AVENUE,9516 114 AVENUE,Edmonton,AB,T5G 0K7,T5G 0K7,identical_after_norm,/daycare/norwood-child-and-family-resource-centre-early-start-e64ca041,/daycare/norwood-child-family-resource-centre-early-start-055B9A0E,mx_copy_of_bundled|high_same_street
norwood-kids-daycare-and-out-of-school-care-aaff8233,mx-9bcaaaff8233,mx,norwood-kids-daycare-out-of-school-care-D9785669,ab-78F2D9785669,Norwood Kids Daycare & Out Of School Care,NORWOOD KIDS DAYCARE & OUT OF SCHOOL CARE,UNIT 136 11332 95 ST,UNIT 136 11332 95 ST,Edmonton,AB,T5J 0V4,T5J 0V4,identical_after_norm,/daycare/norwood-kids-daycare-and-out-of-school-care-aaff8233,/daycare/norwood-kids-daycare-out-of-school-care-D9785669,mx_copy_of_bundled|high_same_street
ottewell-community-league-playschool-55edbe0b,mx-4c6f55edbe0b,mx,ottewell-community-league-playschool-3D714525,ab-DE3F3D714525,Ottewell Community League Playschool,OTTEWELL COMMUNITY LEAGUE PLAYSCHOOL,5920 93A AVENUE,5920 93A AVENUE,Edmonton,AB,T6B 0X2,T6B 0X2,identical_after_norm,/daycare/ottewell-community-league-playschool-55edbe0b,/daycare/ottewell-community-league-playschool-3D714525,mx_copy_of_bundled|high_same_street
ottewell-day-care-ltd-c3ac9c8f,mx-faddc3ac9c8f,mx,ottewell-day-care-ltd-83A69286,ab-332B83A69286,Ottewell Day Care Ltd.,OTTEWELL DAY CARE LTD.,5024 106 AVENUE,5024 106 AVENUE,Edmonton,AB,T6A 1E9,T6A 1E9,identical_after_norm,/daycare/ottewell-day-care-ltd-c3ac9c8f,/daycare/ottewell-day-care-ltd-83A69286,mx_copy_of_bundled|high_same_street
oxford-child-development-centre-029c2bed,mx-bdb2029c2bed,mx,oxford-child-development-centre-2F3BEEBD,ab-7F702F3BEEBD,Oxford Child Development Centre,OXFORD CHILD DEVELOPMENT CENTRE,7650 156 STREET,7650 156 STREET,Edmonton,AB,T5R 4K7,T5R 4K7,identical_after_norm,/daycare/oxford-child-development-centre-029c2bed,/daycare/oxford-child-development-centre-2F3BEEBD,mx_copy_of_bundled|high_same_street
oxford-child-development-centre-after-school-care-120bc325,mx-abe7120bc325,mx,oxford-child-development-centre-after-school-car-54C76A5A,ab-33FD54C76A5A,Oxford Child Development Centre After School Care,OXFORD CHILD DEVELOPMENT CENTRE AFTER SCHOOL CARE,7608 154 STREET,7608 154 STREET,Edmonton,AB,T5R 1R7,T5R 1R7,identical_after_norm,/daycare/oxford-child-development-centre-after-school-care-120bc325,/daycare/oxford-child-development-centre-after-school-car-54C76A5A,mx_copy_of_bundled|high_same_street
palisades-child-care-7ef6fd39,mx-49817ef6fd39,mx,palisades-child-care-6FEBAE89,ab-458B6FEBAE89,Palisades Child Care,PALISADES CHILD CARE,12903 140 AVENUE,12903 140 AVENUE,Edmonton,AB,T6B 0A3,T6B 0A3,identical_after_norm,/daycare/palisades-child-care-7ef6fd39,/daycare/palisades-child-care-6FEBAE89,mx_copy_of_bundled|high_same_street
panda-cub-house-childcare-centre-e4a70548,mx-4bf4e4a70548,mx,panda-cub-house-childcare-centre-4A4F755D,ab-7C824A4F755D,Panda Cub House Childcare Centre,PANDA CUB HOUSE CHILDCARE CENTRE,16203 55 STREET,16203 55 STREET,Edmonton,AB,T5Y 0G1,T5Y 0G1,identical_after_norm,/daycare/panda-cub-house-childcare-centre-e4a70548,/daycare/panda-cub-house-childcare-centre-4A4F755D,mx_copy_of_bundled|high_same_street
paradise-learning-centre-fa7e958e,mx-3dccfa7e958e,mx,paradise-learning-centre-1E5DE21F,ab-55391E5DE21F,Paradise Learning Centre,PARADISE LEARNING CENTRE,10704 70 AVENUE,10704 70 AVENUE,Edmonton,AB,T6H 2G5,T6H 2G5,identical_after_norm,/daycare/paradise-learning-centre-fa7e958e,/daycare/paradise-learning-centre-1E5DE21F,mx_copy_of_bundled|high_same_street
parkdale-out-of-school-care-0cde8710,mx-e90d0cde8710,mx,parkdale-out-of-school-care-117A9593,ab-A517117A9593,Parkdale Out Of School Care,PARKDALE OUT OF SCHOOL CARE,9303 150 AVE,9303 150 AVE,Edmonton,AB,T5E 2N7,T5E 2N7,identical_after_norm,/daycare/parkdale-out-of-school-care-0cde8710,/daycare/parkdale-out-of-school-care-117A9593,mx_copy_of_bundled|high_same_street
parkview-preschool-9fa9baec,mx-294a9fa9baec,mx,parkview-preschool-DFD0D7FB,ab-F48FDFD0D7FB,Parkview Preschool,PARKVIEW PRESCHOOL,"2ND FLOOR, 9135 146 STREET","2ND FLOOR, 9135 146 STREET",Edmonton,AB,T5R 4L5,T5R 4L5,identical_after_norm,/daycare/parkview-preschool-9fa9baec,/daycare/parkview-preschool-DFD0D7FB,mx_copy_of_bundled|high_same_street
pebbles-daycare-75e994fc,mx-db3375e994fc,mx,pebbles-daycare-5C72C8C0,ab-7D735C72C8C0,Pebbles Daycare,PEBBLES DAYCARE,7720 130 AVENUE,7720 130 AVENUE,Edmonton,AB,T5C 1Y2,T5C 1Y2,identical_after_norm,/daycare/pebbles-daycare-75e994fc,/daycare/pebbles-daycare-5C72C8C0,mx_copy_of_bundled|high_same_street
pink-elephant-day-care-532d3d2d,mx-8a3c532d3d2d,mx,pink-elephant-day-care-86F9BC8E,ab-4F1E86F9BC8E,Pink Elephant Day Care,PINK ELEPHANT DAY CARE,8735 132 AVENUE,8735 132 AVENUE,Edmonton,AB,T5E 0X7,T5E 0X7,identical_after_norm,/daycare/pink-elephant-day-care-532d3d2d,/daycare/pink-elephant-day-care-86F9BC8E,mx_copy_of_bundled|high_same_street
playcare-daycare-97a634c5,mx-678d97a634c5,mx,playcare-daycare-F353F6D0,ab-5407F353F6D0,Playcare Daycare,PLAYCARE DAYCARE,100-6104 172 STREET,100-6104 172 STREET,Edmonton,AB,T6M 1G9,T6M 1G9,identical_after_norm,/daycare/playcare-daycare-97a634c5,/daycare/playcare-daycare-F353F6D0,mx_copy_of_bundled|high_same_street
pops-day-care-centre-b99667dd,mx-4d36b99667dd,mx,pops-day-care-centre-77247C19,ab-4E0D77247C19,Pops Day Care Centre,POPS DAY CARE CENTRE,6421 118 AVENUE,6421 118 AVENUE,Edmonton,AB,T5W 1G4,T5W 1G4,identical_after_norm,/daycare/pops-day-care-centre-b99667dd,/daycare/pops-day-care-centre-77247C19,mx_copy_of_bundled|high_same_street
precious-angels-ltd-90149911,mx-925690149911,mx,precious-angels-ltd-39AADA83,ab-381839AADA83,Precious Angels Ltd.,PRECIOUS ANGELS LTD.,10915 110 STREET,10915 110 STREET,Edmonton,AB,T5H 3E3,T5H 3E3,identical_after_norm,/daycare/precious-angels-ltd-90149911,/daycare/precious-angels-ltd-39AADA83,mx_copy_of_bundled|high_same_street
prematernelle-manon-garderie-6490dd59,mx-98ea6490dd59,mx,prematernelle-manon-garderie-34C4C6B0,ab-E45D34C4C6B0,Prematernelle Manon/Garderie,PREMATERNELLE MANON/GARDERIE,8505 68A STREET,8505 68A STREET,Edmonton,AB,T6B 0J9,T6B 0J9,identical_after_norm,/daycare/prematernelle-manon-garderie-6490dd59,/daycare/prematernelle-manon-garderie-34C4C6B0,mx_copy_of_bundled|high_same_street
preschool-scholars-33f8d956,mx-0f3e33f8d956,mx,preschool-scholars-1185FF19,ab-36831185FF19,Preschool Scholars,PRESCHOOL SCHOLARS,202 3323 34 STREET,202 3323 34 STREET,Edmonton,AB,T6T 2K6,T6T 2K6,identical_after_norm,/daycare/preschool-scholars-33f8d956,/daycare/preschool-scholars-1185FF19,mx_copy_of_bundled|high_same_street
prescolaire-des-petites-etoiles-f46d4ab9,mx-60b3f46d4ab9,mx,prescolaire-des-petites-etoiles-D01EBCD4,ab-0604D01EBCD4,Prescolaire Des Petites Etoiles,PRESCOLAIRE DES PETITES ETOILES,10209 123 STREET,10209 123 STREET,Edmonton,AB,T5N 1N3,T5N 1N3,identical_after_norm,/daycare/prescolaire-des-petites-etoiles-f46d4ab9,/daycare/prescolaire-des-petites-etoiles-D01EBCD4,mx_copy_of_bundled|high_same_street
primrose-out-of-school-care-ab10923c,mx-5b41ab10923c,mx,primrose-out-of-school-care-D8075E5E,ab-FBA4D8075E5E,Primrose Out Of School Care,PRIMROSE OUT OF SCHOOL CARE,6811 92A AVE.,6811 92A AVE.,Edmonton,AB,T6B 2C7,T6B 2C7,identical_after_norm,/daycare/primrose-out-of-school-care-ab10923c,/daycare/primrose-out-of-school-care-D8075E5E,mx_copy_of_bundled|high_same_street
primrose-place-family-centre-3b6e9c4d,mx-1dff3b6e9c4d,mx,primrose-place-family-centre-5D414404,ab-226A5D414404,Primrose Place Family Centre,PRIMROSE PLACE FAMILY CENTRE,6311 92 AVENUE,6311 92 AVENUE,Edmonton,AB,T6B 0S3,T6B 0S3,identical_after_norm,/daycare/primrose-place-family-centre-3b6e9c4d,/daycare/primrose-place-family-centre-5D414404,mx_copy_of_bundled|high_same_street
progressive-academy-day-care-a075a9e3,mx-7d76a075a9e3,mx,progressive-academy-day-care-20E53395,ab-217C20E53395,Progressive Academy Day Care,PROGRESSIVE ACADEMY DAY CARE,13212 106 AVENUE,13212 106 AVENUE,Edmonton,AB,T5N 1A3,T5N 1A3,identical_after_norm,/daycare/progressive-academy-day-care-a075a9e3,/daycare/progressive-academy-day-care-20E53395,mx_copy_of_bundled|high_same_street
pumpkin-patch-daycare-3c64025c,mx-b5703c64025c,mx,pumpkin-patch-daycare-4E6BF57F,ab-D5844E6BF57F,Pumpkin Patch Daycare,PUMPKIN PATCH DAYCARE,13430 132A STREET,13430 132A STREET,Edmonton,AB,T5L 1S3,T5L 1S3,identical_after_norm,/daycare/pumpkin-patch-daycare-3c64025c,/daycare/pumpkin-patch-daycare-4E6BF57F,mx_copy_of_bundled|high_same_street
r-and-s-out-of-school-care-074324bf,mx-7073074324bf,mx,r-s-out-of-school-care-2ADC49B6,ab-4DA92ADC49B6,R & S Out Of School Care,R & S OUT OF SCHOOL CARE,11445 40 AVENUE,11445 40 AVENUE,Edmonton,AB,T6J 0R4,T6J 0R4,identical_after_norm,/daycare/r-and-s-out-of-school-care-074324bf,/daycare/r-s-out-of-school-care-2ADC49B6,mx_copy_of_bundled|high_same_street
red-apple-daycare-94c799aa,mx-3db194c799aa,mx,red-apple-daycare-68399189,ab-AEDD68399189,Red Apple Daycare,RED APPLE DAYCARE,#100/101 8944 182 STREET,#100/101 8944 182 STREET,Edmonton,AB,T5T 2E3,T5T 2E3,identical_after_norm,/daycare/red-apple-daycare-94c799aa,/daycare/red-apple-daycare-68399189,mx_copy_of_bundled|high_same_street
richard-secord-out-of-school-care-61962806,mx-358d61962806,mx,richard-secord-out-of-school-care-563B05CB,ab-84E9563B05CB,Richard Secord Out Of School Care,RICHARD SECORD OUT OF SCHOOL CARE,4025 117 STREET,4025 117 STREET,Edmonton,AB,T6J 1T4,T6J 1T4,identical_after_norm,/daycare/richard-secord-out-of-school-care-61962806,/daycare/richard-secord-out-of-school-care-563B05CB,mx_copy_of_bundled|high_same_street
richard-secord-out-of-school-care-2-66308824,mx-34fa66308824,mx,richard-secord-out-of-school-care-2-3B5C5C68,ab-11B33B5C5C68,Richard Secord Out Of School Care #2,RICHARD SECORD OUT OF SCHOOL CARE #2,3935 114 STREET,3935 114 STREET,Edmonton,AB,T6J 1M3,T6J 1M3,identical_after_norm,/daycare/richard-secord-out-of-school-care-2-66308824,/daycare/richard-secord-out-of-school-care-2-3B5C5C68,mx_copy_of_bundled|high_same_street
rio-terrace-community-preschool-d8396967,mx-0d98d8396967,mx,rio-terrace-community-preschool-A46AF9F4,ab-9F28A46AF9F4,Rio Terrace Community Preschool,RIO TERRACE COMMUNITY PRESCHOOL,15500 76 AVENUE,15500 76 AVENUE,Edmonton,AB,T5R 4L8,T5R 4L8,identical_after_norm,/daycare/rio-terrace-community-preschool-d8396967,/daycare/rio-terrace-community-preschool-A46AF9F4,mx_copy_of_bundled|high_same_street
rise-n-shine-early-learning-centre-b1970984,mx-42adb1970984,mx,rise-n-shine-early-learning-centre-B9DC75EA,ab-341CB9DC75EA,Rise 'N Shine Early Learning Centre,RISE 'N SHINE EARLY LEARNING CENTRE,2362 23 AVE,2362 23 AVE,Edmonton,AB,T6T 0R1,T6T 0R1,identical_after_norm,/daycare/rise-n-shine-early-learning-centre-b1970984,/daycare/rise-n-shine-early-learning-centre-B9DC75EA,mx_copy_of_bundled|high_same_street
rising-scholars-montessori-inc-ea674803,mx-cb8aea674803,mx,rising-scholars-montessori-inc-2F8AD947,ab-89B32F8AD947,Rising Scholars Montessori Inc.,RISING SCHOLARS MONTESSORI INC.,101 1207 91 STREET,101 1207 91 STREET,Edmonton,AB,T6X 1E9,T6X 1E9,identical_after_norm,/daycare/rising-scholars-montessori-inc-ea674803,/daycare/rising-scholars-montessori-inc-2F8AD947,mx_copy_of_bundled|high_same_street
riverdale-community-childcare-centre-970b2e94,mx-2bda970b2e94,mx,riverdale-community-childcare-centre-801CC8B2,ab-C2C9801CC8B2,Riverdale Community Childcare Centre,RIVERDALE COMMUNITY CHILDCARE CENTRE,9231 100 AVENUE,9231 100 AVENUE,Edmonton,AB,T5H 1W8,T5H 1W8,identical_after_norm,/daycare/riverdale-community-childcare-centre-970b2e94,/daycare/riverdale-community-childcare-centre-801CC8B2,mx_copy_of_bundled|high_same_street
riverdale-out-of-school-care-cc8c44c7,mx-2d98cc8c44c7,mx,riverdale-out-of-school-care-047E1F1B,ab-5184047E1F1B,Riverdale Out Of School Care,RIVERDALE OUT OF SCHOOL CARE,8901 101 AVENUE,8901 101 AVENUE,Edmonton,AB,T5H 0B1,T5H 0B1,identical_after_norm,/daycare/riverdale-out-of-school-care-cc8c44c7,/daycare/riverdale-out-of-school-care-047E1F1B,mx_copy_of_bundled|high_same_street
rotary-early-learning-program-childcare-6be6908b,mx-35a86be6908b,mx,rotary-early-learning-program-childcare-7D02D3D5,ab-1FD37D02D3D5,Rotary Early Learning Program Childcare,ROTARY EARLY LEARNING PROGRAM CHILDCARE,"#106, 6770 129 AVENUE","#106, 6770 129 AVENUE",Edmonton,AB,T5C 1V7,T5C 1V7,identical_after_norm,/daycare/rotary-early-learning-program-childcare-6be6908b,/daycare/rotary-early-learning-program-childcare-7D02D3D5,mx_copy_of_bundled|high_same_street
royal-alex-daycare-3c69bf08,mx-3a0a3c69bf08,mx,royal-alex-daycare-F076C6B6,ab-DEC3F076C6B6,Royal Alex Daycare,ROYAL ALEX DAYCARE,10106 111 AVE,10106 111 AVE,Edmonton,AB,T5G 0B4,T5G 0B4,identical_after_norm,/daycare/royal-alex-daycare-3c69bf08,/daycare/royal-alex-daycare-F076C6B6,mx_copy_of_bundled|high_same_street
shining-start-north-daycare-4486639d,mx-80e54486639d,mx,shining-start-north-daycare-FAEA4139,ab-FA66FAEA4139,Shining Start North Daycare,SHINING START NORTH DAYCARE,11515 71 STREET,11515 71 STREET,Edmonton,AB,T5B 1V9,T5B 1V9,identical_after_norm,/daycare/shining-start-north-daycare-4486639d,/daycare/shining-start-north-daycare-FAEA4139,mx_copy_of_bundled|high_same_street
shower-with-love-daycare-and-osc-ltd-30d23604,mx-7b4b30d23604,mx,shower-with-love-daycare-and-osc-ltd-FA8721AD,ab-264BFA8721AD,Shower With Love Daycare And Osc Ltd,SHOWER WITH LOVE DAYCARE AND OSC LTD,12115/12119-54 STREET,12115/12119-54 STREET,Edmonton,AB,T5W 3N4,T5W 3N4,identical_after_norm,/daycare/shower-with-love-daycare-and-osc-ltd-30d23604,/daycare/shower-with-love-daycare-and-osc-ltd-FA8721AD,mx_copy_of_bundled|high_same_street
sisem-daycare-centre-d39f6d7f,mx-8c67d39f6d7f,mx,sisem-daycare-centre-5A926DEC,ab-110C5A926DEC,Sisem (Daycare) Centre,SISEM (DAYCARE) CENTRE,11435 106 STREET,11435 106 STREET,Edmonton,AB,T5G 2P8,T5G 2P8,identical_after_norm,/daycare/sisem-daycare-centre-d39f6d7f,/daycare/sisem-daycare-centre-5A926DEC,mx_copy_of_bundled|high_same_street
skazka-south-daycare-9c96f7fe,mx-f3009c96f7fe,mx,skazka-south-daycare-368CBBC0,ab-68FB368CBBC0,Skazka South Daycare,SKAZKA SOUTH DAYCARE,10715 40 AVE,10715 40 AVE,Edmonton,AB,T6J 2G1,T6J 2G1,identical_after_norm,/daycare/skazka-south-daycare-9c96f7fe,/daycare/skazka-south-daycare-368CBBC0,mx_copy_of_bundled|high_same_street
smart-choice-daycare-9043e6c4,mx-bb279043e6c4,mx,smart-choice-daycare-81130E58,ab-6A0F81130E58,Smart Choice Daycare,SMART CHOICE DAYCARE,12138 161 AVENUE,12138 161 AVENUE,Edmonton,AB,T5X 5M8,T5X 5M8,identical_after_norm,/daycare/smart-choice-daycare-9043e6c4,/daycare/smart-choice-daycare-81130E58,mx_copy_of_bundled|high_same_street
smart-choice-daycare-and-o-s-c-4ddc3d37,mx-67cf4ddc3d37,mx,smart-choice-daycare-and-o-s-c-90F74C1C,ab-A65390F74C1C,Smart Choice Daycare And O.S.C.,SMART CHOICE DAYCARE AND O.S.C.,11624 81 STREET,11624 81 STREET,Edmonton,AB,T5B 2S2,T5B 2S2,identical_after_norm,/daycare/smart-choice-daycare-and-o-s-c-4ddc3d37,/daycare/smart-choice-daycare-and-o-s-c-90F74C1C,mx_copy_of_bundled|high_same_street
smart-kids-daycare-and-osc-6f9d78e2,mx-75ee6f9d78e2,mx,smart-kids-daycare-osc-8817760A,ab-C9888817760A,Smart Kids Daycare & Osc,SMART KIDS DAYCARE & OSC,6622 127 AVE,6622 127 AVE,Edmonton,AB,T5C 1R6,T5C 1R6,identical_after_norm,/daycare/smart-kids-daycare-and-osc-6f9d78e2,/daycare/smart-kids-daycare-osc-8817760A,mx_copy_of_bundled|high_same_street
society-of-blue-quill-playschool-0baf61fe,mx-c4f30baf61fe,mx,society-of-blue-quill-playschool-1C6A8C6D,ab-44F31C6A8C6D,Society Of Blue Quill Playschool,SOCIETY OF BLUE QUILL PLAYSCHOOL,11304 - 25 AVENUE,11304 - 25 AVENUE,Edmonton,AB,T6J 5B1,T6J 5B1,identical_after_norm,/daycare/society-of-blue-quill-playschool-0baf61fe,/daycare/society-of-blue-quill-playschool-1C6A8C6D,mx_copy_of_bundled|high_same_street
southview-child-care-b53c906d,mx-934bb53c906d,mx,southview-child-care-BC4EA210,ab-8F91BC4EA210,Southview Child Care,SOUTHVIEW CHILD CARE,3650 91 STREET,3650 91 STREET,Edmonton,AB,T6E 6P1,T6E 6P1,identical_after_norm,/daycare/southview-child-care-b53c906d,/daycare/southview-child-care-BC4EA210,mx_copy_of_bundled|high_same_street
sports-for-kids-d82de40d,mx-244fd82de40d,mx,sports-for-kids-7DBE9794,ab-E0B57DBE9794,Sports For Kids,SPORTS FOR KIDS,12840 109 AVENUE,12840 109 AVENUE,Edmonton,AB,T5M 2E8,T5M 2E8,identical_after_norm,/daycare/sports-for-kids-d82de40d,/daycare/sports-for-kids-7DBE9794,mx_copy_of_bundled|high_same_street
sports-for-kids-katherine-therrian-location-224b0ddc,mx-844c224b0ddc,mx,sports-for-kids-katherine-therrian-location-8FBCA8C3,ab-BBD78FBCA8C3,Sports For Kids (Katherine Therrian Location),SPORTS FOR KIDS (KATHERINE THERRIAN LOCATION),15040 118 STREET,15040 118 STREET,Edmonton,AB,T5X 1Y7,T5X 1Y7,identical_after_norm,/daycare/sports-for-kids-katherine-therrian-location-224b0ddc,/daycare/sports-for-kids-katherine-therrian-location-8FBCA8C3,mx_copy_of_bundled|high_same_street
st-basil-s-sadochok-4165abe0,mx-95304165abe0,mx,st-basil-s-sadochok-4423C9D9,ab-E5B44423C9D9,St. Basil'S Sadochok,ST. BASIL'S SADOCHOK,10819 71 AVENUE,10819 71 AVENUE,Edmonton,AB,T6E 0X8,T6E 0X8,identical_after_norm,/daycare/st-basil-s-sadochok-4165abe0,/daycare/st-basil-s-sadochok-4423C9D9,mx_copy_of_bundled|high_same_street
st-bernadette-osc-ii-73ea56a5,mx-435e73ea56a5,mx,st-bernadette-osc-ii-B9F5DA72,ab-E164B9F5DA72,St. Bernadette Osc Ii,ST. BERNADETTE OSC II,11917 40 STREET,11917 40 STREET,Edmonton,AB,T5W 2L1,T5W 2L1,identical_after_norm,/daycare/st-bernadette-osc-ii-73ea56a5,/daycare/st-bernadette-osc-ii-B9F5DA72,mx_copy_of_bundled|high_same_street
st-bernadette-out-of-school-care-5b5c11dd,mx-bb455b5c11dd,mx,st-bernadette-out-of-school-care-E66BAC02,ab-4F5BE66BAC02,St. Bernadette Out Of School Care,ST. BERNADETTE OUT OF SCHOOL CARE,15120 104 AVE,15120 104 AVE,Edmonton,AB,T5P 0R5,T5P 0R5,identical_after_norm,/daycare/st-bernadette-out-of-school-care-5b5c11dd,/daycare/st-bernadette-out-of-school-care-E66BAC02,mx_copy_of_bundled|high_same_street
st-dominic-out-of-school-care-1baf4193,mx-67901baf4193,mx,st-dominic-out-of-school-care-AAECF751,ab-D74EAAECF751,St. Dominic Out Of School Care,ST. DOMINIC OUT OF SCHOOL CARE,5804 144 AVENUE,5804 144 AVENUE,Edmonton,AB,T5A 1K5,T5A 1K5,identical_after_norm,/daycare/st-dominic-out-of-school-care-1baf4193,/daycare/st-dominic-out-of-school-care-AAECF751,mx_copy_of_bundled|high_same_street
st-francis-childcare-ltd-day-care-8272df55,mx-4a148272df55,mx,st-francis-childcare-ltd-day-care-65C081EF,ab-E10865C081EF,St. Francis Childcare Ltd. (Day Care),ST. FRANCIS CHILDCARE LTD. (DAY CARE),6614 129 AVENUE,6614 129 AVENUE,Edmonton,AB,T5C 1V7,T5C 1V7,identical_after_norm,/daycare/st-francis-childcare-ltd-day-care-8272df55,/daycare/st-francis-childcare-ltd-day-care-65C081EF,mx_copy_of_bundled|high_same_street
st-josaphat-s-ukrainian-playschool-506af11b,mx-cfe1506af11b,mx,st-josaphat-s-ukrainian-playschool-2646396E,ab-74692646396E,St. Josaphat'S Ukrainian Playschool,ST. JOSAPHAT'S UKRAINIAN PLAYSCHOOL,8735 132 AVE,8735 132 AVE,Edmonton,AB,T5E 0X7,T5E 0X7,identical_after_norm,/daycare/st-josaphat-s-ukrainian-playschool-506af11b,/daycare/st-josaphat-s-ukrainian-playschool-2646396E,mx_copy_of_bundled|high_same_street
st-timothy-s-daycare-96c403f8,mx-daec96c403f8,mx,st-timothy-s-daycare-9CD578BB,ab-40799CD578BB,St. Timothy'S Daycare,ST. TIMOTHY'S DAYCARE,14330 117 STREET,14330 117 STREET,Edmonton,AB,T5X 1S6,T5X 1S6,identical_after_norm,/daycare/st-timothy-s-daycare-96c403f8,/daycare/st-timothy-s-daycare-9CD578BB,mx_copy_of_bundled|high_same_street
star-learners-daycare-and-osc-starling-d304adcf,mx-7565d304adcf,mx,star-learners-daycare-osc-starling-54821D4C,ab-706F54821D4C,Star Learners Daycare & Osc Starling,STAR LEARNERS DAYCARE & OSC STARLING,13215 199 STREET,13215 199 STREET,Edmonton,AB,T5V 1T7,T5V 1T7,identical_after_norm,/daycare/star-learners-daycare-and-osc-starling-d304adcf,/daycare/star-learners-daycare-osc-starling-54821D4C,mx_copy_of_bundled|high_same_street
stepping-stones-academy-child-development-centre-e37233b0,mx-dfafe37233b0,mx,stepping-stones-academy-child-development-centre-35362D3A,ab-EE9C35362D3A,Stepping Stones Academy Child Development Centre,STEPPING STONES ACADEMY CHILD DEVELOPMENT CENTRE,12518 132 AVE,12518 132 AVE,Edmonton,AB,T5L 3P9,T5L 3P9,identical_after_norm,/daycare/stepping-stones-academy-child-development-centre-e37233b0,/daycare/stepping-stones-academy-child-development-centre-35362D3A,mx_copy_of_bundled|high_same_street
strathcona-tender-loving-day-care-6b7a59ff,mx-dec56b7a59ff,mx,strathcona-tender-loving-day-care-F728F1DF,ab-16ACF728F1DF,Strathcona Tender Loving Day Care,STRATHCONA TENDER LOVING DAY CARE,UNIT 102 9932 81 AVE,UNIT 102 9932 81 AVE,Edmonton,AB,T6E 1W6,T6E 1W6,identical_after_norm,/daycare/strathcona-tender-loving-day-care-6b7a59ff,/daycare/strathcona-tender-loving-day-care-F728F1DF,mx_copy_of_bundled|high_same_street
students-union-and-community-early-learning-centre-74cf4417,mx-fd3174cf4417,mx,students-union-and-community-early-learning-cent-F6D92DAA,ab-E4A7F6D92DAA,Students' Union And Community Early Learning Centre,STUDENTS' UNION AND COMMUNITY EARLY LEARNING CENTRE,8917 112 STREET,8917 112 STREET,Edmonton,AB,T6G 2C5,T6G 2C5,identical_after_norm,/daycare/students-union-and-community-early-learning-centre-74cf4417,/daycare/students-union-and-community-early-learning-cent-F6D92DAA,mx_copy_of_bundled|high_same_street
sunflower-operating-as-st-gerard-day-care-357ea3e6,mx-7a3f357ea3e6,mx,sunflower-operating-as-st-gerard-day-care-FFBBE00A,ab-4449FFBBE00A,Sunflower Operating As St. Gerard Day Care,SUNFLOWER OPERATING AS ST. GERARD DAY CARE,12415 85 STREET,12415 85 STREET,Edmonton,AB,T5B 3H3,T5B 3H3,identical_after_norm,/daycare/sunflower-operating-as-st-gerard-day-care-357ea3e6,/daycare/sunflower-operating-as-st-gerard-day-care-FFBBE00A,mx_copy_of_bundled|high_same_street
sunny-bunny-daycare-492e0e9d,mx-2392492e0e9d,mx,sunny-bunny-daycare-CFBDC147,ab-06C3CFBDC147,Sunny Bunny Daycare,SUNNY BUNNY DAYCARE,14105 94 STREET,14105 94 STREET,Edmonton,AB,T5E 6B2,T5E 6B2,identical_after_norm,/daycare/sunny-bunny-daycare-492e0e9d,/daycare/sunny-bunny-daycare-CFBDC147,mx_copy_of_bundled|high_same_street
sunrise-learning-out-of-school-care-7f1e1498,mx-53bc7f1e1498,mx,sunrise-learning-out-of-school-care-4843CDD9,ab-2E464843CDD9,Sunrise Learning Out Of School Care,SUNRISE LEARNING OUT OF SCHOOL CARE,10925 139 STREET,10925 139 STREET,Edmonton,AB,T5M 1P8,T5M 1P8,identical_after_norm,/daycare/sunrise-learning-out-of-school-care-7f1e1498,/daycare/sunrise-learning-out-of-school-care-4843CDD9,mx_copy_of_bundled|high_same_street
sunshine-academy-day-care-1fb8242f,mx-509e1fb8242f,mx,sunshine-academy-day-care-16EE76EB,ab-F06E16EE76EB,Sunshine Academy Day Care,SUNSHINE ACADEMY DAY CARE,4206 66 STREET,4206 66 STREET,Edmonton,AB,T6K 4A2,T6K 4A2,identical_after_norm,/daycare/sunshine-academy-day-care-1fb8242f,/daycare/sunshine-academy-day-care-16EE76EB,mx_copy_of_bundled|high_same_street
sunshine-child-care-center-7bb1edc2,mx-814d7bb1edc2,mx,sunshine-child-care-center-595EFDC4,ab-DFAA595EFDC4,Sunshine Child Care Center,SUNSHINE CHILD CARE CENTER,3516/3528 137 AVENUE,3516/3528 137 AVENUE,Edmonton,AB,T5Y 1Y7,T5Y 1Y7,identical_after_norm,/daycare/sunshine-child-care-center-7bb1edc2,/daycare/sunshine-child-care-center-595EFDC4,mx_copy_of_bundled|high_same_street
super-stars-daycare-and-after-school-programs-ltd-92c65930,mx-0bae92c65930,mx,super-stars-daycare-and-after-school-programs-lt-3A447F26,ab-01B53A447F26,Super Stars Daycare And After School Programs Ltd.,SUPER STARS DAYCARE AND AFTER SCHOOL PROGRAMS LTD.,12410 137 AVENUE,12410 137 AVENUE,Edmonton,AB,T5L 4C2,T5L 4C2,identical_after_norm,/daycare/super-stars-daycare-and-after-school-programs-ltd-92c65930,/daycare/super-stars-daycare-and-after-school-programs-lt-3A447F26,mx_copy_of_bundled|high_same_street
superheroes-daycare-727b2d20,mx-19a5727b2d20,mx,superheroes-daycare-D39377ED,ab-C3B1D39377ED,Superheroes Daycare,SUPERHEROES DAYCARE,9159 25 AVENUE,9159 25 AVENUE,Edmonton,AB,T6N 0A5,T6N 0A5,identical_after_norm,/daycare/superheroes-daycare-727b2d20,/daycare/superheroes-daycare-D39377ED,mx_copy_of_bundled|high_same_street
suzuki-out-of-school-care-47686f40,mx-c62547686f40,mx,suzuki-out-of-school-care-8FDCD492,ab-85828FDCD492,Suzuki Out Of School Care,SUZUKI OUT OF SCHOOL CARE,10720 54 STREET,10720 54 STREET,Edmonton,AB,T6A 2H9,T6A 2H9,identical_after_norm,/daycare/suzuki-out-of-school-care-47686f40,/daycare/suzuki-out-of-school-care-8FDCD492,mx_copy_of_bundled|high_same_street
sweet-time-daycare-e9199410,mx-3543e9199410,mx,sweet-time-daycare-1BC628D6,ab-A0521BC628D6,Sweet Time Daycare,SWEET TIME DAYCARE,12706 68 STREET,12706 68 STREET,Edmonton,AB,T5C 0E4,T5C 0E4,identical_after_norm,/daycare/sweet-time-daycare-e9199410,/daycare/sweet-time-daycare-1BC628D6,mx_copy_of_bundled|high_same_street
talmud-torah-early-childhood-development-centre-7a424768,mx-e1a77a424768,mx,talmud-torah-early-childhood-development-centre-99AB7A4D,ab-7AFA99AB7A4D,Talmud Torah Early Childhood Development Centre,TALMUD TORAH EARLY CHILDHOOD DEVELOPMENT CENTRE,6320 172 STREET,6320 172 STREET,Edmonton,AB,T5T 6H1,T5T 6H1,identical_after_norm,/daycare/talmud-torah-early-childhood-development-centre-7a424768,/daycare/talmud-torah-early-childhood-development-centre-99AB7A4D,mx_copy_of_bundled|high_same_street
tara-s-daycare-d693c99e,mx-6084d693c99e,mx,tara-s-daycare-DA5AD3CF,ab-2B38DA5AD3CF,Tara'S Daycare,TARA'S DAYCARE,13227 132 STREET,13227 132 STREET,Edmonton,AB,T5L 1R9,T5L 1R9,identical_after_norm,/daycare/tara-s-daycare-d693c99e,/daycare/tara-s-daycare-DA5AD3CF,mx_copy_of_bundled|high_same_street
tawa-montessori-daycare-and-out-of-school-care-7dc8b9da,mx-1e917dc8b9da,mx,tawa-montessori-daycare-and-out-of-school-care-A8BB20F1,ab-76B2A8BB20F1,Tawa Montessori Daycare And Out Of School Care,TAWA MONTESSORI DAYCARE AND OUT OF SCHOOL CARE,100 3017 66 STREET,100 3017 66 STREET,Edmonton,AB,T6K 4B2,T6K 4B2,identical_after_norm,/daycare/tawa-montessori-daycare-and-out-of-school-care-7dc8b9da,/daycare/tawa-montessori-daycare-and-out-of-school-care-A8BB20F1,mx_copy_of_bundled|high_same_street
tender-touch-daycare-99143c31,mx-4ea799143c31,mx,tender-touch-daycare-3F58FF32,ab-4DC03F58FF32,Tender Touch Daycare,TENDER TOUCH DAYCARE,11735 83 STREET,11735 83 STREET,Edmonton,AB,T5B 2Z1,T5B 2Z1,identical_after_norm,/daycare/tender-touch-daycare-99143c31,/daycare/tender-touch-daycare-3F58FF32,mx_copy_of_bundled|high_same_street
terra-child-and-family-support-centre-f0f14f3b,mx-2315f0f14f3b,mx,terra-child-and-family-support-centre-F546805D,ab-9123F546805D,Terra Child And Family Support Centre,TERRA CHILD AND FAMILY SUPPORT CENTRE,9359 67A STREET,9359 67A STREET,Edmonton,AB,T6B 1R7,T6B 1R7,identical_after_norm,/daycare/terra-child-and-family-support-centre-f0f14f3b,/daycare/terra-child-and-family-support-centre-F546805D,mx_copy_of_bundled|high_same_street
terrace-heights-child-care-and-osc-7a8a5cb0,mx-17d07a8a5cb0,mx,terrace-heights-child-care-and-osc-A7F53BC5,ab-5969A7F53BC5,Terrace Heights Child Care And Osc,TERRACE HEIGHTS CHILD CARE AND OSC,7469 101 AVENUE,7469 101 AVENUE,Edmonton,AB,T6A 3Z5,T6A 3Z5,identical_after_norm,/daycare/terrace-heights-child-care-and-osc-7a8a5cb0,/daycare/terrace-heights-child-care-and-osc-A7F53BC5,mx_copy_of_bundled|high_same_street
the-champions-academy-8ced52b6,mx-cc488ced52b6,mx,the-champions-academy-F5F1B8DA,ab-E6BFF5F1B8DA,The Champions Academy,THE CHAMPIONS ACADEMY,6814 104 STREET,6814 104 STREET,Edmonton,AB,T6H 2L6,T6H 2L6,identical_after_norm,/daycare/the-champions-academy-8ced52b6,/daycare/the-champions-academy-F5F1B8DA,mx_copy_of_bundled|high_same_street
the-learning-seed-daycare-program-cf324f35,mx-155ecf324f35,mx,the-learning-seed-daycare-program-8CB447AA,ab-9CE18CB447AA,The Learning Seed Daycare Program,THE LEARNING SEED DAYCARE PROGRAM,13620 93 STREET,13620 93 STREET,Edmonton,AB,T5E 4E3,T5E 4E3,identical_after_norm,/daycare/the-learning-seed-daycare-program-cf324f35,/daycare/the-learning-seed-daycare-program-8CB447AA,mx_copy_of_bundled|high_same_street
the-meadows-early-learning-and-child-care-7280f0a2,mx-070d7280f0a2,mx,the-meadows-early-learning-and-child-care-248D2EBB,ab-3869248D2EBB,The Meadows Early Learning And Child Care,THE MEADOWS EARLY LEARNING AND CHILD CARE,3828 17 STREET,3828 17 STREET,Edmonton,AB,T6T 0C2,T6T 0C2,identical_after_norm,/daycare/the-meadows-early-learning-and-child-care-7280f0a2,/daycare/the-meadows-early-learning-and-child-care-248D2EBB,mx_copy_of_bundled|high_same_street
the-montessori-child-development-centre-daycare-4aa1bab3,mx-30084aa1bab3,mx,the-montessori-child-development-centre-daycare-641F7609,ab-AC3D641F7609,The Montessori Child Development Centre Daycare,THE MONTESSORI CHILD DEVELOPMENT CENTRE DAYCARE,10616 34 STREET,10616 34 STREET,Edmonton,AB,T5W 1Y2,T5W 1Y2,identical_after_norm,/daycare/the-montessori-child-development-centre-daycare-4aa1bab3,/daycare/the-montessori-child-development-centre-daycare-641F7609,mx_copy_of_bundled|high_same_street
the-sunshine-factory-day-care-ltd-7dee8147,mx-39fd7dee8147,mx,the-sunshine-factory-day-care-ltd-1B0A2BE3,ab-BE681B0A2BE3,The Sunshine Factory (Day Care) Ltd.,THE SUNSHINE FACTORY (DAY CARE) LTD.,17115/17119 64 AVENUE,17115/17119 64 AVENUE,Edmonton,AB,T5T 2K3,T5T 2K3,identical_after_norm,/daycare/the-sunshine-factory-day-care-ltd-7dee8147,/daycare/the-sunshine-factory-day-care-ltd-1B0A2BE3,mx_copy_of_bundled|high_same_street
tiny-tots-day-care-07cfd7fd,mx-b8d707cfd7fd,mx,tiny-tots-day-care-EB8D9477,ab-9EF3EB8D9477,Tiny Tots Day Care,TINY TOTS DAY CARE,7246B 101 AVENUE,7246B 101 AVENUE,Edmonton,AB,T6A 0J1,T6A 0J1,identical_after_norm,/daycare/tiny-tots-day-care-07cfd7fd,/daycare/tiny-tots-day-care-EB8D9477,mx_copy_of_bundled|high_same_street
tiny-town-daycare-ltd-be42d2bc,mx-e2e9be42d2bc,mx,tiny-town-daycare-ltd-FDEC1747,ab-3999FDEC1747,Tiny Town Daycare Ltd.,TINY TOWN DAYCARE LTD.,"203, 10430 61 AVENUE","203, 10430 61 AVENUE",Edmonton,AB,T6H 2J3,T6H 2J3,identical_after_norm,/daycare/tiny-town-daycare-ltd-be42d2bc,/daycare/tiny-town-daycare-ltd-FDEC1747,mx_copy_of_bundled|high_same_street
tipaskan-educational-day-care-c6ed0196,mx-4844c6ed0196,mx,tipaskan-educational-day-care-0D0F8DCA,ab-37F60D0F8DCA,Tipaskan Educational Day Care,TIPASKAN EDUCATIONAL DAY CARE,3216 82 STREET,3216 82 STREET,Edmonton,AB,T6K 3Y3,T6K 3Y3,identical_after_norm,/daycare/tipaskan-educational-day-care-c6ed0196,/daycare/tipaskan-educational-day-care-0D0F8DCA,mx_copy_of_bundled|high_same_street
tots-2-kids-day-care-and-out-of-school-care-eebc82bf,mx-ba46eebc82bf,mx,tots-2-kids-day-care-out-of-school-care-E3995DF8,ab-3CC9E3995DF8,Tots 2 Kids Day Care & Out Of School Care,TOTS 2 KIDS DAY CARE & OUT OF SCHOOL CARE,14804 78 STREET,14804 78 STREET,Edmonton,AB,T5C 1H9,T5C 1H9,identical_after_norm,/daycare/tots-2-kids-day-care-and-out-of-school-care-eebc82bf,/daycare/tots-2-kids-day-care-out-of-school-care-E3995DF8,mx_copy_of_bundled|high_same_street
town-kids-daycare-and-osc-32003b1f,mx-3b3832003b1f,mx,town-kids-daycare-and-osc-DBBF57CB,ab-44A1DBBF57CB,Town Kids Daycare And Osc,TOWN KIDS DAYCARE AND OSC,14550 72 STREET,14550 72 STREET,Edmonton,AB,T5C 0N8,T5C 0N8,identical_after_norm,/daycare/town-kids-daycare-and-osc-32003b1f,/daycare/town-kids-daycare-and-osc-DBBF57CB,mx_copy_of_bundled|high_same_street
tree-of-colours-christian-daycare-f02bca12,mx-85d2f02bca12,mx,tree-of-colours-christian-daycare-414F689D,ab-574E414F689D,Tree Of Colours Christian Daycare,TREE OF COLOURS CHRISTIAN DAYCARE,4925 134 AVENUE,4925 134 AVENUE,Edmonton,AB,T5A 3R9,T5A 3R9,identical_after_norm,/daycare/tree-of-colours-christian-daycare-f02bca12,/daycare/tree-of-colours-christian-daycare-414F689D,mx_copy_of_bundled|high_same_street
university-and-community-early-learning-centre-7f3d7290,mx-e1d37f3d7290,mx,university-and-community-early-learning-centre-7C45A71B,ab-DA567C45A71B,University And Community Early Learning Centre,UNIVERSITY AND COMMUNITY EARLY LEARNING CENTRE,8720 118 STREET,8720 118 STREET,Edmonton,AB,T6G 1T5,T6G 1T5,identical_after_norm,/daycare/university-and-community-early-learning-centre-7f3d7290,/daycare/university-and-community-early-learning-centre-7C45A71B,mx_copy_of_bundled|high_same_street
university-infant-toddler-centre-dc729b69,mx-d912dc729b69,mx,university-infant-toddler-centre-3427413D,ab-9FAD3427413D,University Infant Toddler Centre,UNIVERSITY INFANT TODDLER CENTRE,THE CHILD CARE CENTRE - U OF A,THE CHILD CARE CENTRE - U OF A,Edmonton,AB,T6G 2E1,T6G 2E1,identical_after_norm,/daycare/university-infant-toddler-centre-dc729b69,/daycare/university-infant-toddler-centre-3427413D,mx_copy_of_bundled|high_same_postal
university-tender-loving-daycare-eb1fb619,mx-9595eb1fb619,mx,university-tender-loving-daycare-97B4603B,ab-9BD397B4603B,University Tender Loving Daycare,UNIVERSITY TENDER LOVING DAYCARE,11224 76 AVENUE,11224 76 AVENUE,Edmonton,AB,T6G 0K1,T6G 0K1,identical_after_norm,/daycare/university-tender-loving-daycare-eb1fb619,/daycare/university-tender-loving-daycare-97B4603B,mx_copy_of_bundled|high_same_street
vcare-montessori-daycare-preschool-and-osc-670e8fb8,mx-d398670e8fb8,mx,vcare-montessori-daycare-preschool-osc-DE15AA5B,ab-0AC3DE15AA5B,Vcare Montessori Daycare Preschool & Osc,VCARE MONTESSORI DAYCARE PRESCHOOL & OSC,"6304,6306,6310 106 STREET","6304,6306,6310 106 STREET",Edmonton,AB,T5G 0X9,T5G 0X9,identical_after_norm,/daycare/vcare-montessori-daycare-preschool-and-osc-670e8fb8,/daycare/vcare-montessori-daycare-preschool-osc-DE15AA5B,mx_copy_of_bundled|high_same_street
vicky-s-before-and-after-school-care-program-dc7cbbd3,mx-d7f3dc7cbbd3,mx,vicky-s-before-after-school-care-program-DBC088F2,ab-D0FBDBC088F2,Vicky'S Before & After School Care Program,VICKY'S BEFORE & AFTER SCHOOL CARE PROGRAM,5347 112 AVENUE,5347 112 AVENUE,Edmonton,AB,T5W 0N6,T5W 0N6,identical_after_norm,/daycare/vicky-s-before-and-after-school-care-program-dc7cbbd3,/daycare/vicky-s-before-after-school-care-program-DBC088F2,mx_copy_of_bundled|high_same_street
wee-world-day-care-daa565d1,mx-338bdaa565d1,mx,wee-world-day-care-264803D4,ab-F96C264803D4,Wee World Day Care,WEE WORLD DAY CARE,10217 164 AVENUE,10217 164 AVENUE,Edmonton,AB,T5X 3C9,T5X 3C9,identical_after_norm,/daycare/wee-world-day-care-daa565d1,/daycare/wee-world-day-care-264803D4,mx_copy_of_bundled|high_same_street
wellington-park-playschool-21adde67,mx-734821adde67,mx,wellington-park-playschool-AAED57E5,ab-B6EAAAED57E5,Wellington Park Playschool,WELLINGTON PARK PLAYSCHOOL,13440 132 STREET,13440 132 STREET,Edmonton,AB,T5L 4A4,T5L 4A4,identical_after_norm,/daycare/wellington-park-playschool-21adde67,/daycare/wellington-park-playschool-AAED57E5,mx_copy_of_bundled|high_same_street
west-edmonton-playschool-society-e949a425,mx-9a6de949a425,mx,west-edmonton-playschool-society-56533500,ab-A80D56533500,West Edmonton Playschool Society,WEST EDMONTON PLAYSCHOOL SOCIETY,15525 84 AVENUE,15525 84 AVENUE,Edmonton,AB,T5R 3Y1,T5R 3Y1,identical_after_norm,/daycare/west-edmonton-playschool-society-e949a425,/daycare/west-edmonton-playschool-society-56533500,mx_copy_of_bundled|high_same_street
west-end-montessori-school-6801143f,mx-f6dd6801143f,mx,west-end-montessori-school-47A6C533,ab-350047A6C533,West End Montessori School,WEST END MONTESSORI SCHOOL,15120 104 AVE,15120 104 AVE,Edmonton,AB,T5P 0R5,T5P 0R5,identical_after_norm,/daycare/west-end-montessori-school-6801143f,/daycare/west-end-montessori-school-47A6C533,mx_copy_of_bundled|high_same_street
westend-community-playschool-parents-association-8e589862,mx-a2328e589862,mx,westend-community-playschool-parents-association-AD04FA06,ab-885DAD04FA06,Westend Community Playschool Parents Association,WESTEND COMMUNITY PLAYSCHOOL PARENTS ASSOCIATION,15108 - 76 AVENUE,15108 - 76 AVENUE,Edmonton,AB,T5R 2Z9,T5R 2Z9,identical_after_norm,/daycare/westend-community-playschool-parents-association-8e589862,/daycare/westend-community-playschool-parents-association-AD04FA06,mx_copy_of_bundled|high_same_street
westmount-discovery-time-preschool-491a86b9,mx-9af6491a86b9,mx,westmount-discovery-time-preschool-BDB9A44C,ab-1BD6BDB9A44C,Westmount Discovery Time Preschool,WESTMOUNT DISCOVERY TIME PRESCHOOL,10970 127 STREET,10970 127 STREET,Edmonton,AB,T5M 0S9,T5M 0S9,identical_after_norm,/daycare/westmount-discovery-time-preschool-491a86b9,/daycare/westmount-discovery-time-preschool-BDB9A44C,mx_copy_of_bundled|high_same_street
white-hall-day-care-ltd-canora-branch-7b1b3699,mx-45ec7b1b3699,mx,white-hall-day-care-ltd-canora-branch-9537345C,ab-D0239537345C,White Hall Day Care Ltd. - Canora Branch,WHITE HALL DAY CARE LTD. - CANORA BRANCH,15450 105 AVENUE,15450 105 AVENUE,Edmonton,AB,T5P 0T7,T5P 0T7,identical_after_norm,/daycare/white-hall-day-care-ltd-canora-branch-7b1b3699,/daycare/white-hall-day-care-ltd-canora-branch-9537345C,mx_copy_of_bundled|high_same_street
wild-heart-children-s-centre-f68fc5a3,mx-0a56f68fc5a3,mx,wild-heart-children-s-centre-01A1B8BA,ab-793901A1B8BA,Wild Heart Children'S Centre,WILD HEART CHILDREN'S CENTRE,7803 87 STREET,7803 87 STREET,Edmonton,AB,T6C 3G6,T6C 3G6,identical_after_norm,/daycare/wild-heart-children-s-centre-f68fc5a3,/daycare/wild-heart-children-s-centre-01A1B8BA,mx_copy_of_bundled|high_same_street
wildwood-childcare-f8cbe313,mx-d499f8cbe313,mx,wildwood-childcare-E959C50E,ab-2817E959C50E,Wildwood Childcare,WILDWOOD CHILDCARE,1774 34 AVENUE,1774 34 AVENUE,Edmonton,AB,T6T 1B1,T6T 1B1,identical_after_norm,/daycare/wildwood-childcare-f8cbe313,/daycare/wildwood-childcare-E959C50E,mx_copy_of_bundled|high_same_street
willow-wood-christian-preschool-9e7162d3,mx-7f359e7162d3,mx,willow-wood-christian-preschool-92E3121B,ab-5CB392E3121B,Willow Wood Christian Preschool,WILLOW WOOD CHRISTIAN PRESCHOOL,14204 - 25 STREET,14204 - 25 STREET,Edmonton,AB,T5Y 1G5,T5Y 1G5,identical_after_norm,/daycare/willow-wood-christian-preschool-9e7162d3,/daycare/willow-wood-christian-preschool-92E3121B,mx_copy_of_bundled|high_same_street
windsor-park-co-operative-nursery-school-b42c9a9e,mx-96d3b42c9a9e,mx,windsor-park-co-operative-nursery-school-486067CE,ab-F98E486067CE,Windsor Park Co-Operative Nursery School,WINDSOR PARK CO-OPERATIVE NURSERY SCHOOL,11840 87 AVENUE,11840 87 AVENUE,Edmonton,AB,T6G 2S3,T6G 2S3,identical_after_norm,/daycare/windsor-park-co-operative-nursery-school-b42c9a9e,/daycare/windsor-park-co-operative-nursery-school-486067CE,mx_copy_of_bundled|high_same_street
wise-wondergarten-nursery-school-b09efb6a,mx-6088b09efb6a,mx,wise-wondergarten-nursery-school-456C96A0,ab-029F456C96A0,Wise Wondergarten Nursery School,WISE WONDERGARTEN NURSERY SCHOOL,7211 96A AVENUE,7211 96A AVENUE,Edmonton,AB,T6B 1B5,T6B 1B5,identical_after_norm,/daycare/wise-wondergarten-nursery-school-b09efb6a,/daycare/wise-wondergarten-nursery-school-456C96A0,mx_copy_of_bundled|high_same_street
wonder-world-callingwood-day-care-612b475d,mx-3325612b475d,mx,wonder-world-callingwood-day-care-617072DB,ab-0AAC617072DB,Wonder World Callingwood Day Care,WONDER WORLD CALLINGWOOD DAY CARE,6703/6709 177 STREET,6703/6709 177 STREET,Edmonton,AB,T5T 4K3,T5T 4K3,identical_after_norm,/daycare/wonder-world-callingwood-day-care-612b475d,/daycare/wonder-world-callingwood-day-care-617072DB,mx_copy_of_bundled|high_same_street
woodcroft-community-playschool-17c81ba1,mx-6a8f17c81ba1,mx,woodcroft-community-playschool-E0134665,ab-546AE0134665,Woodcroft Community Playschool,WOODCROFT COMMUNITY PLAYSCHOOL,2ND FLOOR 13915 115 AVENUE,2ND FLOOR 13915 115 AVENUE,Edmonton,AB,T5M 4B6,T5M 4B6,identical_after_norm,/daycare/woodcroft-community-playschool-17c81ba1,/daycare/woodcroft-community-playschool-E0134665,mx_copy_of_bundled|high_same_street
world-of-kids-day-care-77ae447f,mx-782577ae447f,mx,world-of-kids-day-care-B86FA31F,ab-811DB86FA31F,World Of Kids Day Care,WORLD OF KIDS DAY CARE,6611 93A AVENUE,6611 93A AVENUE,Edmonton,AB,T6B 0X1,T6B 0X1,identical_after_norm,/daycare/world-of-kids-day-care-77ae447f,/daycare/world-of-kids-day-care-B86FA31F,mx_copy_of_bundled|high_same_street
ymca-bishop-savaryn-out-of-school-care-73485356,mx-7a1773485356,mx,ymca-bishop-savaryn-out-of-school-care-ECCBBEE8,ab-23D8ECCBBEE8,Ymca Bishop Savaryn Out Of School Care,YMCA BISHOP SAVARYN OUT OF SCHOOL CARE,16227 109 STREET,16227 109 STREET,Edmonton,AB,T5X 2R2,T5X 2R2,identical_after_norm,/daycare/ymca-bishop-savaryn-out-of-school-care-73485356,/daycare/ymca-bishop-savaryn-out-of-school-care-ECCBBEE8,mx_copy_of_bundled|high_same_street
ymca-blue-quill-out-of-school-care-16b93b59,mx-ade516b93b59,mx,ymca-blue-quill-out-of-school-care-25D9714C,ab-CA1325D9714C,Ymca Blue Quill Out Of School Care,YMCA BLUE QUILL OUT OF SCHOOL CARE,11350 25 AVE,11350 25 AVE,Edmonton,AB,T6J 5B1,T6J 5B1,identical_after_norm,/daycare/ymca-blue-quill-out-of-school-care-16b93b59,/daycare/ymca-blue-quill-out-of-school-care-25D9714C,mx_copy_of_bundled|high_same_street
ymca-brookside-out-of-school-care-104cb467,mx-4057104cb467,mx,ymca-brookside-out-of-school-care-983A79BA,ab-FCC3983A79BA,Ymca Brookside Out Of School Care,YMCA BROOKSIDE OUT OF SCHOOL CARE,5504 143 STREET,5504 143 STREET,Edmonton,AB,T6H 4E5,T6H 4E5,identical_after_norm,/daycare/ymca-brookside-out-of-school-care-104cb467,/daycare/ymca-brookside-out-of-school-care-983A79BA,mx_copy_of_bundled|high_same_street
ymca-castledowns-child-care-f70412d7,mx-ee65f70412d7,mx,ymca-castledowns-child-care-87177E77,ab-E5F887177E77,Ymca Castledowns Child Care,YMCA CASTLEDOWNS CHILD CARE,11510 153 AVENUE,11510 153 AVENUE,Edmonton,AB,T5X 6A3,T5X 6A3,identical_after_norm,/daycare/ymca-castledowns-child-care-f70412d7,/daycare/ymca-castledowns-child-care-87177E77,mx_copy_of_bundled|high_same_street
ymca-clareview-child-care-dfc6895b,mx-8694dfc6895b,mx,ymca-clareview-child-care-0B254865,ab-BE1B0B254865,Ymca Clareview Child Care,YMCA CLAREVIEW CHILD CARE,3802 139 AVENUE,3802 139 AVENUE,Edmonton,AB,T5Y 3G4,T5Y 3G4,identical_after_norm,/daycare/ymca-clareview-child-care-dfc6895b,/daycare/ymca-clareview-child-care-0B254865,mx_copy_of_bundled|high_same_street
ymca-david-thomas-king-out-of-school-care-5909f293,mx-3c635909f293,mx,ymca-david-thomas-king-out-of-school-care-AA742D6A,ab-137CAA742D6A,Ymca David Thomas King Out Of School Care,YMCA DAVID THOMAS KING OUT OF SCHOOL CARE,22707 97 AVENUE,22707 97 AVENUE,Edmonton,AB,T5T 5X7,T5T 5X7,identical_after_norm,/daycare/ymca-david-thomas-king-out-of-school-care-5909f293,/daycare/ymca-david-thomas-king-out-of-school-care-AA742D6A,mx_copy_of_bundled|high_same_street
ymca-father-leo-green-out-of-school-care-4690d2ec,mx-bcb94690d2ec,mx,ymca-father-leo-green-out-of-school-care-A18A1048,ab-744BA18A1048,Ymca Father Leo Green Out Of School Care,YMCA FATHER LEO GREEN OUT OF SCHOOL CARE,7512 144 AVENUE,7512 144 AVENUE,Edmonton,AB,T5C 2R4,T5C 2R4,identical_after_norm,/daycare/ymca-father-leo-green-out-of-school-care-4690d2ec,/daycare/ymca-father-leo-green-out-of-school-care-A18A1048,mx_copy_of_bundled|high_same_street
ymca-forest-heights-out-of-school-care-2bed3fbf,mx-8e692bed3fbf,mx,ymca-forest-heights-out-of-school-care-3347FE98,ab-74443347FE98,Ymca Forest Heights Out Of School Care,YMCA FOREST HEIGHTS OUT OF SCHOOL CARE,10304 81 STREET,10304 81 STREET,Edmonton,AB,T6A 3X4,T6A 3X4,identical_after_norm,/daycare/ymca-forest-heights-out-of-school-care-2bed3fbf,/daycare/ymca-forest-heights-out-of-school-care-3347FE98,mx_copy_of_bundled|high_same_street
ymca-james-gibbons-out-of-school-care-555ec0e0,mx-d018555ec0e0,mx,ymca-james-gibbons-out-of-school-care-B8E29783,ab-A532B8E29783,Ymca James Gibbons Out Of School Care,YMCA JAMES GIBBONS OUT OF SCHOOL CARE,8945 153 STREET,8945 153 STREET,Edmonton,AB,T5J 1E3,T5J 1E3,identical_after_norm,/daycare/ymca-james-gibbons-out-of-school-care-555ec0e0,/daycare/ymca-james-gibbons-out-of-school-care-B8E29783,mx_copy_of_bundled|high_same_street
ymca-jamie-platz-child-care-d5d7a7e9,mx-ecc3d5d7a7e9,mx,ymca-jamie-platz-child-care-4DA5A3AF,ab-98CB4DA5A3AF,Ymca Jamie Platz Child Care,YMCA JAMIE PLATZ CHILD CARE,7121 178 STREET,7121 178 STREET,Edmonton,AB,T5T 5T9,T5T 5T9,identical_after_norm,/daycare/ymca-jamie-platz-child-care-d5d7a7e9,/daycare/ymca-jamie-platz-child-care-4DA5A3AF,mx_copy_of_bundled|high_same_street
ymca-mount-pleasant-out-of-school-care-645ad5f5,mx-6b53645ad5f5,mx,ymca-mount-pleasant-out-of-school-care-B62F7CCE,ab-3E1BB62F7CCE,Ymca Mount Pleasant Out Of School Care,YMCA MOUNT PLEASANT OUT OF SCHOOL CARE,10541 60A AVENUE,10541 60A AVENUE,Edmonton,AB,T6H 1K4,T6H 1K4,identical_after_norm,/daycare/ymca-mount-pleasant-out-of-school-care-645ad5f5,/daycare/ymca-mount-pleasant-out-of-school-care-B62F7CCE,mx_copy_of_bundled|high_same_street
ymca-parkallen-child-care-6d0df011,mx-b0796d0df011,mx,ymca-parkallen-child-care-9E4137A2,ab-C7C59E4137A2,Ymca Parkallen Child Care,YMCA PARKALLEN CHILD CARE,6703 112 STREET,6703 112 STREET,Edmonton,AB,T6H 3J9,T6H 3J9,identical_after_norm,/daycare/ymca-parkallen-child-care-6d0df011,/daycare/ymca-parkallen-child-care-9E4137A2,mx_copy_of_bundled|high_same_street
ymca-shirley-stollery-child-care-8ea8368c,mx-aa098ea8368c,mx,ymca-shirley-stollery-child-care-4BD66722,ab-59994BD66722,Ymca Shirley Stollery Child Care,YMCA SHIRLEY STOLLERY CHILD CARE,9541 104 AVENUE,9541 104 AVENUE,Edmonton,AB,T5H 4H3,T5H 4H3,identical_after_norm,/daycare/ymca-shirley-stollery-child-care-8ea8368c,/daycare/ymca-shirley-stollery-child-care-4BD66722,mx_copy_of_bundled|high_same_street
ymca-st-kateri-out-of-school-care-97eba7c5,mx-142e97eba7c5,mx,ymca-st-kateri-out-of-school-care-C2268BDB,ab-8E91C2268BDB,Ymca St. Kateri Out Of School Care,YMCA ST. KATERI OUT OF SCHOOL CARE,3807 41 AVENUE,3807 41 AVENUE,Edmonton,AB,T6L 6M3,T6L 6M3,identical_after_norm,/daycare/ymca-st-kateri-out-of-school-care-97eba7c5,/daycare/ymca-st-kateri-out-of-school-care-C2268BDB,mx_copy_of_bundled|high_same_street
ymca-st-monica-child-care-0a7af7ed,mx-17950a7af7ed,mx,ymca-st-monica-child-care-D0C60B8C,ab-9B98D0C60B8C,Ymca St. Monica Child Care,YMCA ST. MONICA CHILD CARE,14710 53 AVENUE,14710 53 AVENUE,Edmonton,AB,T6H 4C6,T6H 4C6,identical_after_norm,/daycare/ymca-st-monica-child-care-0a7af7ed,/daycare/ymca-st-monica-child-care-D0C60B8C,mx_copy_of_bundled|high_same_street
ymca-twin-brooks-child-care-03757a67,mx-5ce203757a67,mx,ymca-twin-brooks-child-care-9A7F721B,ab-6A509A7F721B,Ymca Twin Brooks Child Care,YMCA TWIN BROOKS CHILD CARE,1120 113 STREET,1120 113 STREET,Edmonton,AB,T6J 7J4,T6J 7J4,identical_after_norm,/daycare/ymca-twin-brooks-child-care-03757a67,/daycare/ymca-twin-brooks-child-care-9A7F721B,mx_copy_of_bundled|high_same_street
ymca-westglen-child-care-bd034675,mx-6c11bd034675,mx,ymca-westglen-child-care-6C00357F,ab-34456C00357F,Ymca Westglen Child Care,YMCA WESTGLEN CHILD CARE,10950 127 STREET,10950 127 STREET,Edmonton,AB,T5M 0S7,T5M 0S7,identical_after_norm,/daycare/ymca-westglen-child-care-bd034675,/daycare/ymca-westglen-child-care-6C00357F,mx_copy_of_bundled|high_same_street
ymca-westglen-out-of-school-care-8d72a12e,mx-9fa68d72a12e,mx,ymca-westglen-out-of-school-care-EF8A8182,ab-AFBEEF8A8182,Ymca Westglen Out Of School Care,YMCA WESTGLEN OUT OF SCHOOL CARE,10950 127 STREET,10950 127 STREET,Edmonton,AB,T5M 0S7,T5M 0S7,identical_after_norm,/daycare/ymca-westglen-out-of-school-care-8d72a12e,/daycare/ymca-westglen-out-of-school-care-EF8A8182,mx_copy_of_bundled|high_same_street
ymca-william-lutsky-child-care-e1bf50ae,mx-89a1e1bf50ae,mx,ymca-william-lutsky-child-care-668C67BA,ab-49BA668C67BA,Ymca William Lutsky Child Care,YMCA WILLIAM LUTSKY CHILD CARE,1975 111 STREET,1975 111 STREET,Edmonton,AB,T6J 7C6,T6J 7C6,identical_after_norm,/daycare/ymca-william-lutsky-child-care-e1bf50ae,/daycare/ymca-william-lutsky-child-care-668C67BA,mx_copy_of_bundled|high_same_street
youngstown-child-care-centre-a3e2c101,mx-500ea3e2c101,mx,youngstown-child-care-centre-1E95EE32,ab-40811E95EE32,Youngstown Child Care Centre,YOUNGSTOWN CHILD CARE CENTRE,10330 163 STREET,10330 163 STREET,Edmonton,AB,T5P 3N5,T5P 3N5,identical_after_norm,/daycare/youngstown-child-care-centre-a3e2c101,/daycare/youngstown-child-care-centre-1E95EE32,mx_copy_of_bundled|high_same_street
brighter-futures-daycare-2f929acf,mx-5f772f929acf,mx,brighter-futures-daycare-1CA36988,ab-1E461CA36988,Brighter Futures Daycare,BRIGHTER FUTURES DAYCARE,302 55 STREET,302 55 STREET,Edson,AB,T7E 1L5,T7E 1L5,identical_after_norm,/daycare/brighter-futures-daycare-2f929acf,/daycare/brighter-futures-daycare-1CA36988,mx_copy_of_bundled|high_same_street
vanier-catholic-jr-kindergarten-812f20c8,mx-c580812f20c8,mx,vanier-catholic-jr-kindergarten-0FF5BDB3,ab-58030FF5BDB3,Vanier Catholic Jr. Kindergarten,VANIER CATHOLIC JR. KINDERGARTEN,831 56 STREET,831 56 STREET,Edson,AB,T7E 0A3,T7E 0A3,identical_after_norm,/daycare/vanier-catholic-jr-kindergarten-812f20c8,/daycare/vanier-catholic-jr-kindergarten-0FF5BDB3,mx_copy_of_bundled|high_same_street
ykcs-preschool-061840fe,mx-fdcc061840fe,mx,ykcs-preschool-9FB8C8AB,ab-A2C79FB8C8AB,Ykcs-Preschool,YKCS-PRESCHOOL,430-72 STREET,430-72 STREET,Edson,AB,T7E 1N3,T7E 1N3,identical_after_norm,/daycare/ykcs-preschool-061840fe,/daycare/ykcs-preschool-9FB8C8AB,mx_copy_of_bundled|high_same_street
jack-n-jill-playschool-bb41e8c4,mx-1662bb41e8c4,mx,jack-n-jill-playschool-400AC87C,ab-EB7E400AC87C,Jack 'N Jill Playschool,JACK 'N JILL PLAYSCHOOL,4829 49 AVENUE,4829 49 AVENUE,Elk Point,AB,T0A 1A0,T0A 1A0,identical_after_norm,/daycare/jack-n-jill-playschool-bb41e8c4,/daycare/jack-n-jill-playschool-400AC87C,mx_copy_of_bundled|high_same_street
play-2-learn-child-care-ltd-ccbafc72,mx-c8a3ccbafc72,mx,play-2-learn-child-care-ltd-8A89EEF5,ab-772A8A89EEF5,Play 2 Learn Child Care Ltd,PLAY 2 LEARN CHILD CARE LTD,4906-51 STREET,4906-51 STREET,Elk Point,AB,T0A 1A0,T0A 1A0,identical_after_norm,/daycare/play-2-learn-child-care-ltd-ccbafc72,/daycare/play-2-learn-child-care-ltd-8A89EEF5,mx_copy_of_bundled|high_same_street
pembina-playschool-association-2dd409d3,mx-98092dd409d3,mx,pembina-playschool-association-739725CF,ab-E1F7739725CF,Pembina Playschool Association,PEMBINA PLAYSCHOOL ASSOCIATION,5232 50 STREET,5232 50 STREET,Entwistle,AB,T0E 0S0,T0E 0S0,identical_after_norm,/daycare/pembina-playschool-association-2dd409d3,/daycare/pembina-playschool-association-739725CF,mx_copy_of_bundled|high_same_street
child-s-world-day-care-centre-68442bb7,mx-a08268442bb7,mx,child-s-world-day-care-centre-6C6995B0,ab-40BB6C6995B0,Child'S World Day Care Centre,CHILD'S WORLD DAY CARE CENTRE,10404 - 111 ST,10404 - 111 ST,Fairview,AB,T0H 1L0,T0H 1L0,identical_after_norm,/daycare/child-s-world-day-care-centre-68442bb7,/daycare/child-s-world-day-care-centre-6C6995B0,mx_copy_of_bundled|high_same_street
child-s-world-program-for-school-aged-children-76e1c774,mx-451576e1c774,mx,child-s-world-program-for-school-aged-children-C987F049,ab-3006C987F049,Child'S World Program For School Aged Children,CHILD'S WORLD PROGRAM FOR SCHOOL AGED CHILDREN,11204 104 AVE,11204 104 AVE,Fairview,AB,T0H 1L0,T0H 1L0,identical_after_norm,/daycare/child-s-world-program-for-school-aged-children-76e1c774,/daycare/child-s-world-program-for-school-aged-children-C987F049,mx_copy_of_bundled|high_same_street
fairview-and-district-playschool-association-fcffcb8b,mx-d3abfcffcb8b,mx,fairview-and-district-playschool-association-C70A637B,ab-A847C70A637B,Fairview And District Playschool Association,FAIRVIEW AND DISTRICT PLAYSCHOOL ASSOCIATION,11204 104 AVENUE,11204 104 AVENUE,Fairview,AB,T0H 1L0,T0H 1L0,identical_after_norm,/daycare/fairview-and-district-playschool-association-fcffcb8b,/daycare/fairview-and-district-playschool-association-C70A637B,mx_copy_of_bundled|high_same_street
fishing-lake-out-of-school-care-77c279c9,mx-9ddf77c279c9,mx,fishing-lake-out-of-school-care-A69B32C3,ab-6B12A69B32C3,Fishing Lake Out Of School Care,FISHING LAKE OUT OF SCHOOL CARE,5007-50 STREET,5007-50 STREET,Fishing Lake Metis S,AB,T0A 3G0,T0A 3G0,identical_after_norm,/daycare/fishing-lake-out-of-school-care-77c279c9,/daycare/fishing-lake-out-of-school-care-A69B32C3,mx_copy_of_bundled|high_same_street
hand-in-hand-child-care-services-b363faaf,mx-15e6b363faaf,mx,hand-in-hand-child-care-services-530D505B,ab-3626530D505B,Hand In Hand Child Care Services,HAND IN HAND CHILD CARE SERVICES,609 - 18 STREET,609 - 18 STREET,Fort Macleod,AB,T0L 0Z0,T0L 0Z0,identical_after_norm,/daycare/hand-in-hand-child-care-services-b363faaf,/daycare/hand-in-hand-child-care-services-530D505B,mx_copy_of_bundled|high_same_street
little-leaders-learn-and-play-a55a8a6d,mx-3fc0a55a8a6d,mx,little-leaders-learn-play-EEDC5257,ab-EE11EEDC5257,Little Leaders Learn & Play,LITTLE LEADERS LEARN & PLAY,443 12 STREET,443 12 STREET,Fort Macleod,AB,T0L 0Z0,T0L 0Z0,identical_after_norm,/daycare/little-leaders-learn-and-play-a55a8a6d,/daycare/little-leaders-learn-play-EEDC5257,mx_copy_of_bundled|high_same_street
a-fairytale-beginning-324033be,mx-436d324033be,mx,a-fairytale-beginning-EA75D32B,ab-DB6CEA75D32B,A Fairytale Beginning,A FAIRYTALE BEGINNING,515 10470 98 AVE,515 10470 98 AVE,Fort Saskatchewan,AB,T8L 0V6,T8L 0V6,identical_after_norm,/daycare/a-fairytale-beginning-324033be,/daycare/a-fairytale-beginning-EA75D32B,mx_copy_of_bundled|high_same_street
fort-fun-daycare-and-osc-324b3119,mx-b645324b3119,mx,fort-fun-daycare-and-osc-98B45F02,ab-CE1A98B45F02,Fort Fun Daycare And Osc,FORT FUN DAYCARE AND OSC,10029 99 AVE  LOWER FLOOR,10029 99 AVE  LOWER FLOOR,Fort Saskatchewan,AB,T8L 1R6,T8L 1R6,identical_after_norm,/daycare/fort-fun-daycare-and-osc-324b3119,/daycare/fort-fun-daycare-and-osc-98B45F02,mx_copy_of_bundled|high_same_street
fort-saskatchewan-boys-and-girls-club-768655a8,mx-842f768655a8,mx,fort-saskatchewan-boys-girls-club-C6503A17,ab-0427C6503A17,Fort Saskatchewan Boys & Girls Club,FORT SASKATCHEWAN BOYS & GIRLS CLUB,10090 93 AVE,10090 93 AVE,Fort Saskatchewan,AB,T8L 1N4,T8L 1N4,identical_after_norm,/daycare/fort-saskatchewan-boys-and-girls-club-768655a8,/daycare/fort-saskatchewan-boys-girls-club-C6503A17,mx_copy_of_bundled|high_same_street
fort-saskatchewan-childcare-ceabf41b,mx-0a70ceabf41b,mx,fort-saskatchewan-childcare-1F48B152,ab-4BD81F48B152,Fort Saskatchewan Childcare,FORT SASKATCHEWAN CHILDCARE,9907 103 STREET,9907 103 STREET,Fort Saskatchewan,AB,T8L 2C8,T8L 2C8,identical_after_norm,/daycare/fort-saskatchewan-childcare-ceabf41b,/daycare/fort-saskatchewan-childcare-1F48B152,mx_copy_of_bundled|high_same_street
fort-shine-daycare-3e203ecd,mx-e3263e203ecd,mx,fort-shine-daycare-BC2135BA,ab-7117BC2135BA,Fort Shine Daycare,FORT SHINE DAYCARE,9801 108 STREET,9801 108 STREET,Fort Saskatchewan,AB,T8L 2J2,T8L 2J2,identical_after_norm,/daycare/fort-shine-daycare-3e203ecd,/daycare/fort-shine-daycare-BC2135BA,mx_copy_of_bundled|high_same_street
fort-stars-daycare-0bdd0746,mx-42ea0bdd0746,mx,fort-stars-daycare-FC0485DB,ab-A5AEFC0485DB,Fort Stars Daycare,FORT STARS DAYCARE,9818 102 STREET,9818 102 STREET,Fort Saskatchewan,AB,T8L 2C2,T8L 2C2,identical_after_norm,/daycare/fort-stars-daycare-0bdd0746,/daycare/fort-stars-daycare-FC0485DB,mx_copy_of_bundled|high_same_street
heartland-childcare-centre-967ea2ff,mx-a775967ea2ff,mx,heartland-childcare-centre-53D0E4A0,ab-6C4953D0E4A0,Heartland Childcare Centre,HEARTLAND CHILDCARE CENTRE,9935 93 AVE,9935 93 AVE,Fort Saskatchewan,AB,T8L 1N5,T8L 1N5,identical_after_norm,/daycare/heartland-childcare-centre-967ea2ff,/daycare/heartland-childcare-centre-53D0E4A0,mx_copy_of_bundled|high_same_street
here-we-grow-daycare-and-osc-923bf877,mx-fb02923bf877,mx,here-we-grow-daycare-osc-DFF5AEA2,ab-E94FDFF5AEA2,Here We Grow Daycare & Osc,HERE WE GROW DAYCARE & OSC,9918 102 STREET,9918 102 STREET,Fort Saskatchewan,AB,T8L 2C3,T8L 2C3,identical_after_norm,/daycare/here-we-grow-daycare-and-osc-923bf877,/daycare/here-we-grow-daycare-osc-DFF5AEA2,mx_copy_of_bundled|high_same_street
little-wonders-child-development-centre-07c71d0c,mx-8ff007c71d0c,mx,little-wonders-child-development-centre-38609A51,ab-9F1D38609A51,Little Wonders Child Development Centre,LITTLE WONDERS CHILD DEVELOPMENT CENTRE,9811 108 STREET,9811 108 STREET,Fort Saskatchewan,AB,T8L 2J2,T8L 2J2,identical_after_norm,/daycare/little-wonders-child-development-centre-07c71d0c,/daycare/little-wonders-child-development-centre-38609A51,mx_copy_of_bundled|high_same_street
pineview-christian-nursery-school-association-6d9e4f30,mx-8d186d9e4f30,mx,pineview-christian-nursery-school-association-C61F5E42,ab-6274C61F5E42,Pineview Christian Nursery School Association,PINEVIEW CHRISTIAN NURSERY SCHOOL ASSOCIATION,9909 90 STREET,9909 90 STREET,Fort Saskatchewan,AB,T8L 3T1,T8L 3T1,identical_after_norm,/daycare/pineview-christian-nursery-school-association-6d9e4f30,/daycare/pineview-christian-nursery-school-association-C61F5E42,mx_copy_of_bundled|high_same_street
sat-daycare-and-osc-afecce84,mx-341fafecce84,mx,sat-daycare-osc-CE21DA32,ab-21F0CE21DA32,Sat Daycare & Osc,SAT DAYCARE & OSC,9807 101 STREET,9807 101 STREET,Fort Saskatchewan,AB,T8L 1V5,T8L 1V5,identical_after_norm,/daycare/sat-daycare-and-osc-afecce84,/daycare/sat-daycare-osc-CE21DA32,mx_copy_of_bundled|high_same_street
stepping-stone-child-development-center-6f8230fb,mx-34bb6f8230fb,mx,stepping-stone-child-development-center-6931D4AE,ab-0A7C6931D4AE,Stepping Stone Child Development Center,STEPPING STONE CHILD DEVELOPMENT CENTER,101/109 8761 84 STREET,101/109 8761 84 STREET,Fort Saskatchewan,AB,T8L 0M3,T8L 0M3,identical_after_norm,/daycare/stepping-stone-child-development-center-6f8230fb,/daycare/stepping-stone-child-development-center-6931D4AE,mx_copy_of_bundled|high_same_street
the-treehouse-bdb4baf9,mx-640bbdb4baf9,mx,the-treehouse-8310A5F9,ab-53E58310A5F9,The Treehouse,THE TREEHOUSE,"637, 10490 98 AVE","637, 10490 98 AVE",Fort Saskatchewan,AB,T8L 0V6,T8L 0V6,identical_after_norm,/daycare/the-treehouse-bdb4baf9,/daycare/the-treehouse-8310A5F9,mx_copy_of_bundled|high_same_street
the-treehouse-saplings-334130e5,mx-aba2334130e5,mx,the-treehouse-saplings-41092F9C,ab-778741092F9C,The Treehouse Saplings,THE TREEHOUSE SAPLINGS,"505, 10470 98 AVE","505, 10470 98 AVE",Fort Saskatchewan,AB,T8L 0V6,T8L 0V6,identical_after_norm,/daycare/the-treehouse-saplings-334130e5,/daycare/the-treehouse-saplings-41092F9C,mx_copy_of_bundled|high_same_street
the-treehouse-st-john-osc-49331b0e,mx-928249331b0e,mx,the-treehouse-st-john-osc-6A8CAC3D,ab-F4696A8CAC3D,The Treehouse St. John Osc,THE TREEHOUSE ST. JOHN OSC,9526 89 STREET,9526 89 STREET,Fort Saskatchewan,AB,T8L 2X7,T8L 2X7,identical_after_norm,/daycare/the-treehouse-st-john-osc-49331b0e,/daycare/the-treehouse-st-john-osc-6A8CAC3D,mx_copy_of_bundled|high_same_street
west-view-day-care-a43c208c,mx-5da3a43c208c,mx,west-view-day-care-CD3F06A2,ab-F46DCD3F06A2,West View Day Care,WEST VIEW DAY CARE,9745 90 STREET,9745 90 STREET,Fort Saskatchewan,AB,T8L 1K5,T8L 1K5,identical_after_norm,/daycare/west-view-day-care-a43c208c,/daycare/west-view-day-care-CD3F06A2,mx_copy_of_bundled|high_same_street
fort-vermilion-head-start-6268e5d7,mx-b0406268e5d7,mx,fort-vermilion-head-start-F1A70FC5,ab-2A0FF1A70FC5,Fort Vermilion Head Start,FORT VERMILION HEAD START,4900 43 AVE,4900 43 AVE,Fort Vermilion,AB,T0H 1N0,T0H 1N0,identical_after_norm,/daycare/fort-vermilion-head-start-6268e5d7,/daycare/fort-vermilion-head-start-F1A70FC5,mx_copy_of_bundled|high_same_street
dolphin-child-development-centre-eec69a27,mx-5fa1eec69a27,mx,dolphin-child-development-centre-CE9AA350,ab-D0A6CE9AA350,Dolphin Child Development Centre,DOLPHIN CHILD DEVELOPMENT CENTRE,5019 51 AVENUE,5019 51 AVENUE,Gibbons,AB,T0A 1N0,T0A 1N0,identical_after_norm,/daycare/dolphin-child-development-centre-eec69a27,/daycare/dolphin-child-development-centre-CE9AA350,mx_copy_of_bundled|high_same_street
gibbons-out-of-school-care-43e3aca8,mx-763a43e3aca8,mx,gibbons-out-of-school-care-6732A166,ab-F81E6732A166,Gibbons Out Of School Care,GIBBONS OUT OF SCHOOL CARE,5115 51 STREET,5115 51 STREET,Gibbons,AB,T0A 1N0,T0A 1N0,identical_after_norm,/daycare/gibbons-out-of-school-care-43e3aca8,/daycare/gibbons-out-of-school-care-6732A166,mx_copy_of_bundled|high_same_street
gibbons-preschool-ef18e207,mx-1d1eef18e207,mx,gibbons-preschool-8EB19083,ab-6CD28EB19083,Gibbons Preschool,GIBBONS PRESCHOOL,5115 51 STREET,5115 51 STREET,Gibbons,AB,T0A 1N0,T0A 1N0,identical_after_norm,/daycare/gibbons-preschool-ef18e207,/daycare/gibbons-preschool-8EB19083,mx_copy_of_bundled|high_same_street
king-s-kids-preschool-382d3de7,mx-eff3382d3de7,mx,king-s-kids-preschool-52B9CF19,ab-5DE552B9CF19,King'S Kids Preschool,KING'S KIDS PRESCHOOL,4910 52 STREET,4910 52 STREET,Gibbons,AB,T0A 1N0,T0A 1N0,identical_after_norm,/daycare/king-s-kids-preschool-382d3de7,/daycare/king-s-kids-preschool-52B9CF19,mx_copy_of_bundled|high_same_street
landing-trail-out-of-school-care-997390ea,mx-a0cd997390ea,mx,landing-trail-out-of-school-care-580A226E,ab-6912580A226E,Landing Trail Out Of School Care,LANDING TRAIL OUT OF SCHOOL CARE,5301 37 AVE,5301 37 AVE,Gibbons,AB,T0A 1N0,T0A 1N0,identical_after_norm,/daycare/landing-trail-out-of-school-care-997390ea,/daycare/landing-trail-out-of-school-care-580A226E,mx_copy_of_bundled|high_same_street
grande-cache-day-care-centre-fa784c4b,mx-e885fa784c4b,mx,grande-cache-day-care-centre-A14CAE1E,ab-8555A14CAE1E,Grande Cache Day Care Centre,GRANDE CACHE DAY CARE CENTRE,10502-106 STREET,10502-106 STREET,Grande Cache,AB,T0E 0Y0,T0E 0Y0,identical_after_norm,/daycare/grande-cache-day-care-centre-fa784c4b,/daycare/grande-cache-day-care-centre-A14CAE1E,mx_copy_of_bundled|high_same_street
lil-bee-daycare-b3883313,mx-fd62b3883313,mx,lil-bee-daycare-016A1917,ab-D965016A1917,Lil' Bee Daycare,LIL' BEE DAYCARE,"10925, 97 AVENUE","10925, 97 AVENUE",Grande Cache,AB,T0E 0A6,T0E 0A6,identical_after_norm,/daycare/lil-bee-daycare-b3883313,/daycare/lil-bee-daycare-016A1917,mx_copy_of_bundled|high_same_street
a-bright-beginning-child-care-centre-7d983b46,mx-7a7f7d983b46,mx,a-bright-beginning-child-care-centre-12EF4420,ab-2F1712EF4420,A Bright Beginning Child Care Centre,A BRIGHT BEGINNING CHILD CARE CENTRE,10226 108 AVENUE,10226 108 AVENUE,Grande Prairie,AB,T8V 1P5,T8V 1P5,identical_after_norm,/daycare/a-bright-beginning-child-care-centre-7d983b46,/daycare/a-bright-beginning-child-care-centre-12EF4420,mx_copy_of_bundled|high_same_street
a-bright-beginning-ecole-montrose-8b4d976d,mx-cd488b4d976d,mx,a-bright-beginning-ecole-montrose-CD80058F,ab-B921CD80058F,A Bright Beginning Ecole Montrose,A BRIGHT BEGINNING ECOLE MONTROSE,6431 98 STREET,6431 98 STREET,Grande Prairie,AB,T8W 2H3,T8W 2H3,identical_after_norm,/daycare/a-bright-beginning-ecole-montrose-8b4d976d,/daycare/a-bright-beginning-ecole-montrose-CD80058F,mx_copy_of_bundled|high_same_street
a-step-above-out-of-school-care-c0357208,mx-4340c0357208,mx,a-step-above-out-of-school-care-458BDCCA,ab-783D458BDCCA,A Step Above Out Of School Care,A STEP ABOVE OUT OF SCHOOL CARE,"# 104, 11735 105 STREET","# 104, 11735 105 STREET",Grande Prairie,AB,T8V 8L1,T8V 8L1,identical_after_norm,/daycare/a-step-above-out-of-school-care-c0357208,/daycare/a-step-above-out-of-school-care-458BDCCA,mx_copy_of_bundled|high_same_street
a-step-above-overnight-and-extended-hour-care-c2c6cea7,mx-3d4ac2c6cea7,mx,a-step-above-overnight-and-extended-hour-care-776F8D70,ab-119C776F8D70,A Step Above Overnight And Extended -Hour Care,A STEP ABOVE OVERNIGHT AND EXTENDED -HOUR CARE,"#605, 11625 99 STREET","#605, 11625 99 STREET",Grande Prairie,AB,T8V 6Z1,T8V 6Z1,identical_after_norm,/daycare/a-step-above-overnight-and-extended-hour-care-c2c6cea7,/daycare/a-step-above-overnight-and-extended-hour-care-776F8D70,mx_copy_of_bundled|high_same_street
building-blocks-daycare-centre-23e50d12,mx-3b4b23e50d12,mx,building-blocks-daycare-centre-324D155A,ab-E824324D155A,Building Blocks Daycare Centre,BUILDING BLOCKS DAYCARE CENTRE,10625 104 AVENUE,10625 104 AVENUE,Grande Prairie,AB,T8V 4C4,T8V 4C4,identical_after_norm,/daycare/building-blocks-daycare-centre-23e50d12,/daycare/building-blocks-daycare-centre-324D155A,mx_copy_of_bundled|high_same_street
children-s-centre-demonstration-daycare-3274b3b8,mx-28c73274b3b8,mx,children-s-centre-demonstration-daycare-5B6867ED,ab-88345B6867ED,Children'S Centre Demonstration Daycare,CHILDREN'S CENTRE DEMONSTRATION DAYCARE,10726 - 106 AVENUE,10726 - 106 AVENUE,Grande Prairie,AB,T8V 4C4,T8V 4C4,identical_after_norm,/daycare/children-s-centre-demonstration-daycare-3274b3b8,/daycare/children-s-centre-demonstration-daycare-5B6867ED,mx_copy_of_bundled|high_same_street
early-years-pre-school-931067f6,mx-f727931067f6,mx,early-years-pre-school-924CAB8A,ab-FEFC924CAB8A,Early Years Pre-School,EARLY YEARS PRE-SCHOOL,9610-108 AVE,9610-108 AVE,Grande Prairie,AB,T8V 1N3,T8V 1N3,identical_after_norm,/daycare/early-years-pre-school-931067f6,/daycare/early-years-pre-school-924CAB8A,mx_copy_of_bundled|high_same_street
grande-prairie-friendship-centre-aboriginal-head-start-program-f566b7b9,mx-e32af566b7b9,mx,grande-prairie-friendship-centre-aboriginal-head-25FB7CED,ab-5E3125FB7CED,Grande Prairie Friendship Centre Aboriginal Head Start Program,GRANDE PRAIRIE FRIENDSHIP CENTRE ABORIGINAL HEAD START PROGRAM,10105 97 AVENUE,10105 97 AVENUE,Grande Prairie,AB,T8V 0N5,T8V 0N5,identical_after_norm,/daycare/grande-prairie-friendship-centre-aboriginal-head-start-program-f566b7b9,/daycare/grande-prairie-friendship-centre-aboriginal-head-25FB7CED,mx_copy_of_bundled|high_same_street
illumi-child-care-centre-2f039852,mx-23e02f039852,mx,illumi-child-care-centre-FEF57684,ab-08BFFEF57684,Illumi Child Care Centre,ILLUMI CHILD CARE CENTRE,10129 128 AVENUE,10129 128 AVENUE,Grande Prairie,AB,T8V 1X9,T8V 1X9,identical_after_norm,/daycare/illumi-child-care-centre-2f039852,/daycare/illumi-child-care-centre-FEF57684,mx_copy_of_bundled|high_same_street
lil-gems-creche-d15a6d85,mx-141ed15a6d85,mx,lil-gems-creche-518E52A9,ab-A730518E52A9,Lil' Gems Creche,LIL' GEMS CRECHE,"UNIT 101, 10124 101 AVENUE","UNIT 101, 10124 101 AVENUE",Grande Prairie,AB,T8V 0Y2,T8V 0Y2,identical_after_norm,/daycare/lil-gems-creche-d15a6d85,/daycare/lil-gems-creche-518E52A9,mx_copy_of_bundled|high_same_street
queen-elizabeth-ii-child-care-centre-4a37609b,mx-56be4a37609b,mx,queen-elizabeth-ii-child-care-centre-008B8376,ab-B8E6008B8376,Queen Elizabeth Ii Child Care Centre,QUEEN ELIZABETH II CHILD CARE CENTRE,10409 - 98 STREET,10409 - 98 STREET,Grande Prairie,AB,T8V 2E8,T8V 2E8,identical_after_norm,/daycare/queen-elizabeth-ii-child-care-centre-4a37609b,/daycare/queen-elizabeth-ii-child-care-centre-008B8376,mx_copy_of_bundled|high_same_street
ridge-kids-playcare-c8bcea00,mx-f536c8bcea00,mx,ridge-kids-playcare-F8B47CC4,ab-7F00F8B47CC4,Ridge Kids Playcare,RIDGE KIDS PLAYCARE,"SUITE 104, 15101 102 STREET","SUITE 104, 15101 102 STREET",Grande Prairie,AB,T8V 7C9,T8V 7C9,identical_after_norm,/daycare/ridge-kids-playcare-c8bcea00,/daycare/ridge-kids-playcare-F8B47CC4,mx_copy_of_bundled|high_same_street
sand-castle-society-e39489dd,mx-67bde39489dd,mx,sand-castle-society-D6D18C29,ab-434FD6D18C29,Sand Castle Society,SAND CASTLE SOCIETY,8202 84 STREET,8202 84 STREET,Grande Prairie,AB,T8X 0L6,T8X 0L6,identical_after_norm,/daycare/sand-castle-society-e39489dd,/daycare/sand-castle-society-D6D18C29,mx_copy_of_bundled|high_same_street
serenity-place-daycare-a29f574d,mx-2619a29f574d,mx,serenity-place-daycare-1A278884,ab-39651A278884,Serenity Place Daycare,SERENITY PLACE DAYCARE,Not Available,Not Available,Grande Prairie,AB,T8V 0J5,T8V 0J5,identical_after_norm,/daycare/serenity-place-daycare-a29f574d,/daycare/serenity-place-daycare-1A278884,mx_copy_of_bundled|high_same_postal
stepping-stones-day-care-school-age-program-86784b88,mx-e0f486784b88,mx,stepping-stones-day-care-school-age-program-32D56447,ab-9BCD32D56447,Stepping Stones Day Care - School Age Program,STEPPING STONES DAY CARE - SCHOOL AGE PROGRAM,7149 - 114 STREET,7149 - 114 STREET,Grande Prairie,AB,T8W 0G7,T8W 0G7,identical_after_norm,/daycare/stepping-stones-day-care-school-age-program-86784b88,/daycare/stepping-stones-day-care-school-age-program-32D56447,mx_copy_of_bundled|high_same_street
stepping-stones-day-care-westside-e75d467a,mx-3f08e75d467a,mx,stepping-stones-day-care-westside-4D3E660D,ab-ABB84D3E660D,Stepping Stones Day Care-Westside,STEPPING STONES DAY CARE-WESTSIDE,10807 101 STREET,10807 101 STREET,Grande Prairie,AB,T8V 2R6,T8V 2R6,identical_after_norm,/daycare/stepping-stones-day-care-westside-e75d467a,/daycare/stepping-stones-day-care-westside-4D3E660D,mx_copy_of_bundled|high_same_street
wee-care-drop-in-center-42f72f9d,mx-f2cf42f72f9d,mx,wee-care-drop-in-center-04DFB9AF,ab-50FC04DFB9AF,Wee Care Drop-In Center,WEE CARE DROP-IN CENTER,UNIT 106/107/108/109 11735 -  105 STREET,UNIT 106/107/108/109 11735 -  105 STREET,Grande Prairie,AB,T8V 8L1,T8V 8L1,identical_after_norm,/daycare/wee-care-drop-in-center-42f72f9d,/daycare/wee-care-drop-in-center-04DFB9AF,mx_copy_of_bundled|high_same_street
whispering-ridge-playschool-6e12976a,mx-67eb6e12976a,mx,whispering-ridge-playschool-087B6271,ab-7DBF087B6271,Whispering Ridge Playschool,WHISPERING RIDGE PLAYSCHOOL,10320-149 AVENUE,10320-149 AVENUE,Grande Prairie,AB,T8X 0S1,T8X 0S1,identical_after_norm,/daycare/whispering-ridge-playschool-6e12976a,/daycare/whispering-ridge-playschool-087B6271,mx_copy_of_bundled|high_same_street
ymca-holy-cross-child-care-2bb94685,mx-57702bb94685,mx,ymca-holy-cross-child-care-0DF599A3,ab-FA500DF599A3,Ymca Holy Cross Child Care,YMCA HOLY CROSS CHILD CARE,11011 90 STREET,11011 90 STREET,Grande Prairie,AB,T8X 1J7,T8X 1J7,identical_after_norm,/daycare/ymca-holy-cross-child-care-2bb94685,/daycare/ymca-holy-cross-child-care-0DF599A3,mx_copy_of_bundled|high_same_street
ymca-st-catherine-child-care-de9ca996,mx-553bde9ca996,mx,ymca-st-catherine-child-care-4BF84443,ab-FFE14BF84443,Ymca St. Catherine Child Care,YMCA ST. CATHERINE CHILD CARE,12815 104A STREET,12815 104A STREET,Grande Prairie,AB,T8V 6J5,T8V 6J5,identical_after_norm,/daycare/ymca-st-catherine-child-care-de9ca996,/daycare/ymca-st-catherine-child-care-4BF84443,mx_copy_of_bundled|high_same_street
ymca-st-clement-child-care-a0f18592,mx-ca03a0f18592,mx,ymca-st-clement-child-care-47270565,ab-F26747270565,Ymca St. Clement Child Care,YMCA ST. CLEMENT CHILD CARE,9636 109 AVENUE,9636 109 AVENUE,Grande Prairie,AB,T8V 1R2,T8V 1R2,identical_after_norm,/daycare/ymca-st-clement-child-care-a0f18592,/daycare/ymca-st-clement-child-care-47270565,mx_copy_of_bundled|high_same_street
grassland-great-beginnings-aa1a388e,mx-ce76aa1a388e,mx,grassland-great-beginnings-BBF977AA,ab-2A58BBF977AA,Grassland Great Beginnings,GRASSLAND GREAT BEGINNINGS,5203 - 50 AVENUE,5203 - 50 AVENUE,Grassland,AB,T0A 1V0,T0A 1V0,identical_after_norm,/daycare/grassland-great-beginnings-aa1a388e,/daycare/grassland-great-beginnings-BBF977AA,mx_copy_of_bundled|high_same_street
enlightened-beginnings-bd4b7b02,mx-143fbd4b7b02,mx,enlightened-beginnings-5E8E9A0A,ab-2DB45E8E9A0A,Enlightened Beginnings,ENLIGHTENED BEGINNINGS,5007 47 AVENUE,5007 47 AVENUE,Grimshaw,AB,T0H 1W0,T0H 1W0,identical_after_norm,/daycare/enlightened-beginnings-bd4b7b02,/daycare/enlightened-beginnings-5E8E9A0A,mx_copy_of_bundled|high_same_street
grimshaw-playschool-281ca455,mx-3d90281ca455,mx,grimshaw-playschool-A7ECD683,ab-4402A7ECD683,Grimshaw Playschool,GRIMSHAW PLAYSCHOOL,4612 50 STREET,4612 50 STREET,Grimshaw,AB,T0H 1W0,T0H 1W0,identical_after_norm,/daycare/grimshaw-playschool-281ca455,/daycare/grimshaw-playschool-A7ECD683,mx_copy_of_bundled|high_same_street
hardisty-toddler-s-inn-playschool-377e50c4,mx-3dc7377e50c4,mx,hardisty-toddler-s-inn-playschool-39A9F9F7,ab-4B1539A9F9F7,Hardisty Toddler'S Inn Playschool,HARDISTY TODDLER'S INN PLAYSCHOOL,"BOX 499, 4828-50 STREET","BOX 499, 4828-50 STREET",Hardisty,AB,T0B 1V0,T0B 1V0,identical_after_norm,/daycare/hardisty-toddler-s-inn-playschool-377e50c4,/daycare/hardisty-toddler-s-inn-playschool-39A9F9F7,mx_copy_of_bundled|high_same_street
willowtree-children-s-society-hardisty-42d25acc,mx-f96442d25acc,mx,willowtree-children-s-society-hardisty-1015ED3E,ab-45661015ED3E,Willowtree Children'S Society Hardisty,WILLOWTREE CHILDREN'S SOCIETY HARDISTY,4940 50 STREET,4940 50 STREET,Hardisty,AB,T0B 1V0,T0B 1V0,identical_after_norm,/daycare/willowtree-children-s-society-hardisty-42d25acc,/daycare/willowtree-children-s-society-hardisty-1015ED3E,mx_copy_of_bundled|high_same_street
groovy-kids-club-before-and-after-school-care-c8acb674,mx-359ec8acb674,mx,groovy-kids-club-before-and-after-school-care-7116DD07,ab-E1457116DD07,Groovy Kids Club Before And After School Care,GROOVY KIDS CLUB BEFORE AND AFTER SCHOOL CARE,10511 103 STREET,10511 103 STREET,High Level,AB,T0H 1Z0,T0H 1Z0,identical_after_norm,/daycare/groovy-kids-club-before-and-after-school-care-c8acb674,/daycare/groovy-kids-club-before-and-after-school-care-7116DD07,mx_copy_of_bundled|high_same_street
neegan-daitse-dii-aboriginal-head-start-08516ef4,mx-542708516ef4,mx,neegan-daitse-dii-aboriginal-head-start-C5255DED,ab-F862C5255DED,Neegan Daitse Dii Aboriginal Head Start,NEEGAN DAITSE DII ABORIGINAL HEAD START,9501 - 108 AVENUE,9501 - 108 AVENUE,High Level,AB,T0H 1Z0,T0H 1Z0,identical_after_norm,/daycare/neegan-daitse-dii-aboriginal-head-start-08516ef4,/daycare/neegan-daitse-dii-aboriginal-head-start-C5255DED,mx_copy_of_bundled|high_same_street
high-prairie-child-care-program-a15288c2,mx-5421a15288c2,mx,high-prairie-child-care-program-514B02D5,ab-40FB514B02D5,High Prairie Child Care Program,HIGH PRAIRIE CHILD CARE PROGRAM,4613 58 AVE,4613 58 AVE,High Prairie,AB,T0G 1E0,T0G 1E0,identical_after_norm,/daycare/high-prairie-child-care-program-a15288c2,/daycare/high-prairie-child-care-program-514B02D5,mx_copy_of_bundled|high_same_street
high-prairie-play-program-4b6e2976,mx-63324b6e2976,mx,high-prairie-play-program-3B89DB8C,ab-7DE13B89DB8C,High Prairie Play Program,HIGH PRAIRIE PLAY PROGRAM,5701 - 48 STREET,5701 - 48 STREET,High Prairie,AB,T0G 1E0,T0G 1E0,identical_after_norm,/daycare/high-prairie-play-program-4b6e2976,/daycare/high-prairie-play-program-3B89DB8C,mx_copy_of_bundled|high_same_street
connecting-dots-innisfail-a0643a49,mx-2c16a0643a49,mx,connecting-dots-innisfail-F8240F7F,ab-1616F8240F7F,Connecting Dots Innisfail,CONNECTING DOTS INNISFAIL,4200 49 AVE,4200 49 AVE,Innisfail,AB,T4G 1M6,T4G 1M6,identical_after_norm,/daycare/connecting-dots-innisfail-a0643a49,/daycare/connecting-dots-innisfail-F8240F7F,mx_copy_of_bundled|high_same_street
innisfail-early-learning-centre-c7f6a236,mx-1666c7f6a236,mx,innisfail-early-learning-centre-1434A91F,ab-61141434A91F,Innisfail Early Learning Centre,INNISFAIL EARLY LEARNING CENTRE,4620B-50 AVE,4620B-50 AVE,Innisfail,AB,T4G 1A6,T4G 1A6,identical_after_norm,/daycare/innisfail-early-learning-centre-c7f6a236,/daycare/innisfail-early-learning-centre-1434A91F,mx_copy_of_bundled|high_same_street
innisfail-school-age-program-c01c6319,mx-3b5fc01c6319,mx,innisfail-school-age-program-92D77525,ab-6A3992D77525,Innisfail School Age Program,INNISFAIL SCHOOL AGE PROGRAM,4401-52 AVE,4401-52 AVE,Innisfail,AB,T4G 1A7,T4G 1A7,identical_after_norm,/daycare/innisfail-school-age-program-c01c6319,/daycare/innisfail-school-age-program-92D77525,mx_copy_of_bundled|high_same_street
irma-out-of-school-care-69d30287,mx-dc7569d30287,mx,irma-out-of-school-care-AE600D6B,ab-37FFAE600D6B,Irma Out Of School Care,IRMA OUT OF SCHOOL CARE,5012 51 AVE,5012 51 AVE,Irma,AB,T0B 2H0,T0B 2H0,identical_after_norm,/daycare/irma-out-of-school-care-69d30287,/daycare/irma-out-of-school-care-AE600D6B,mx_copy_of_bundled|high_same_street
irma-playschool-association-05f97d82,mx-003205f97d82,mx,irma-playschool-association-F8598180,ab-F943F8598180,Irma Playschool Association,IRMA PLAYSCHOOL ASSOCIATION,5008 51 STREET,5008 51 STREET,Irma,AB,T0B 2H0,T0B 2H0,identical_after_norm,/daycare/irma-playschool-association-05f97d82,/daycare/irma-playschool-association-F8598180,mx_copy_of_bundled|high_same_street
irricana-playschool-b8f7c64a,mx-c40fb8f7c64a,mx,irricana-playschool-96ED6ABE,ab-1E9A96ED6ABE,Irricana Playschool,IRRICANA PLAYSCHOOL,300 - 1 ST.,300 - 1 ST.,Irricana,AB,T0M 1B0,T0M 1B0,identical_after_norm,/daycare/irricana-playschool-b8f7c64a,/daycare/irricana-playschool-96ED6ABE,mx_copy_of_bundled|high_same_street
little-nest-daycare-7f04cc63,mx-56637f04cc63,mx,little-nest-daycare-DFC82BC0,ab-6C45DFC82BC0,Little Nest Daycare,LITTLE NEST DAYCARE,619 1 AVE,619 1 AVE,Irricana,AB,T0M 1B0,T0M 1B0,identical_after_norm,/daycare/little-nest-daycare-7f04cc63,/daycare/little-nest-daycare-DFC82BC0,mx_copy_of_bundled|high_same_street
flagstaff-kids-connection-daycare-fb0c4ffc,mx-ebfcfb0c4ffc,mx,flagstaff-kids-connection-daycare-D381665C,ab-3361D381665C,Flagstaff Kids Connection Daycare,FLAGSTAFF KIDS CONNECTION DAYCARE,5006 47 STREET,5006 47 STREET,Killam,AB,T0B 2L0,T0B 2L0,identical_after_norm,/daycare/flagstaff-kids-connection-daycare-fb0c4ffc,/daycare/flagstaff-kids-connection-daycare-D381665C,mx_copy_of_bundled|high_same_street
kitscoty-community-cabin-4-kids-c68dda46,mx-03f6c68dda46,mx,kitscoty-community-cabin-4-kids-8D5E34B0,ab-6FBE8D5E34B0,Kitscoty Community Cabin 4 Kids,KITSCOTY COMMUNITY CABIN 4 KIDS,5016 51 STREET,5016 51 STREET,Kitscoty,AB,T0B 2P0,T0B 2P0,identical_after_norm,/daycare/kitscoty-community-cabin-4-kids-c68dda46,/daycare/kitscoty-community-cabin-4-kids-8D5E34B0,mx_copy_of_bundled|high_same_street
kitscoty-rugrats-playschool-association-96338507,mx-2cb196338507,mx,kitscoty-rugrats-playschool-association-719D2067,ab-790A719D2067,Kitscoty Rugrats Playschool Association,KITSCOTY RUGRATS PLAYSCHOOL ASSOCIATION,5014 51 AVE,5014 51 AVE,Kitscoty,AB,T0B 2P0,T0B 2P0,identical_after_norm,/daycare/kitscoty-rugrats-playschool-association-96338507,/daycare/kitscoty-rugrats-playschool-association-719D2067,mx_copy_of_bundled|high_same_street
la-crete-head-start-e32bac8f,mx-e06fe32bac8f,mx,la-crete-head-start-047CB626,ab-54AA047CB626,La Crete Head Start,LA CRETE HEAD START,10102 96 AVENUE,10102 96 AVENUE,La Crete,AB,T0H 2A0,T0H 2A0,identical_after_norm,/daycare/la-crete-head-start-e32bac8f,/daycare/la-crete-head-start-047CB626,mx_copy_of_bundled|high_same_street
primary-pathways-27ca9fb9,mx-88e127ca9fb9,mx,primary-pathways-9F836548,ab-BD5B9F836548,Primary Pathways,PRIMARY PATHWAYS,10105 94 AVENUE,10105 94 AVENUE,La Crete,AB,T0H 2H0,T0H 2H0,identical_after_norm,/daycare/primary-pathways-27ca9fb9,/daycare/primary-pathways-9F836548,mx_copy_of_bundled|high_same_street
it-s-all-about-play-family-center-14bfdb66,mx-330114bfdb66,mx,it-s-all-about-play-family-center-7A3819E4,ab-51537A3819E4,It'S All About Play Family Center,IT'S ALL ABOUT PLAY FAMILY CENTER,10206-103 ST,10206-103 ST,Lac La Biche,AB,T0A 2C0,T0A 2C0,identical_after_norm,/daycare/it-s-all-about-play-family-center-14bfdb66,/daycare/it-s-all-about-play-family-center-7A3819E4,mx_copy_of_bundled|high_same_street
lac-la-biche-little-sprouts-child-care-7c258834,mx-51517c258834,mx,lac-la-biche-little-sprouts-child-care-CDC56154,ab-A941CDC56154,Lac La Biche Little Sprouts Child Care,LAC LA BICHE LITTLE SPROUTS CHILD CARE,10309-102 AVENUE,10309-102 AVENUE,Lac La Biche,AB,T0A 2C0,T0A 2C0,identical_after_norm,/daycare/lac-la-biche-little-sprouts-child-care-7c258834,/daycare/lac-la-biche-little-sprouts-child-care-CDC56154,mx_copy_of_bundled|high_same_street
lac-la-biche-regional-aboriginal-metis-headstart-nursery-school-fd18bc43,mx-8308fd18bc43,mx,lac-la-biche-regional-aboriginal-metis-headstart-BDE79C53,ab-B539BDE79C53,Lac La Biche Regional Aboriginal/Metis Headstart Nursery School,LAC LA BICHE REGIONAL ABORIGINAL/METIS HEADSTART NURSERY SCHOOL,10147 105 STREET,10147 105 STREET,Lac La Biche,AB,T0A 2C0,T0A 2C0,identical_after_norm,/daycare/lac-la-biche-regional-aboriginal-metis-headstart-nursery-school-fd18bc43,/daycare/lac-la-biche-regional-aboriginal-metis-headstart-BDE79C53,mx_copy_of_bundled|high_same_street
light-of-christ-osc-9ce569ea,mx-1ba39ce569ea,mx,light-of-christ-osc-C1B8D8AD,ab-7091C1B8D8AD,Light Of Christ Osc,LIGHT OF CHRIST OSC,10140-104 STREET,10140-104 STREET,Lac La Biche,AB,T0A 2C0,T0A 2C0,identical_after_norm,/daycare/light-of-christ-osc-9ce569ea,/daycare/light-of-christ-osc-C1B8D8AD,mx_copy_of_bundled|high_same_street
quatre-saisons-daycare-1227d34b,mx-5cc31227d34b,mx,quatre-saisons-daycare-14F61E4A,ab-A69D14F61E4A,Quatre Saisons Daycare,QUATRE SAISONS DAYCARE,10309 102 AVE,10309 102 AVE,Lac La Biche,AB,T0A 2C0,T0A 2C0,identical_after_norm,/daycare/quatre-saisons-daycare-1227d34b,/daycare/quatre-saisons-daycare-14F61E4A,mx_copy_of_bundled|high_same_street
vera-m-welsh-elementary-before-and-after-school-care-f076e9c4,mx-e4d0f076e9c4,mx,vera-m-welsh-elementary-before-and-after-school--9717C39A,ab-7F629717C39A,Vera M. Welsh Elementary Before And After School Care,VERA M. WELSH ELEMENTARY BEFORE AND AFTER SCHOOL CARE,9912-103 STREET,9912-103 STREET,Lac La Biche,AB,T0A 2C0,T0A 2C0,identical_after_norm,/daycare/vera-m-welsh-elementary-before-and-after-school-care-f076e9c4,/daycare/vera-m-welsh-elementary-before-and-after-school--9717C39A,mx_copy_of_bundled|high_same_street
bgc-wolf-creek-lacombe-out-of-school-care-2e99d7d4,mx-99592e99d7d4,mx,bgc-wolf-creek-lacombe-out-of-school-care-D96D2C6A,ab-3631D96D2C6A,Bgc Wolf Creek Lacombe Out Of School Care,BGC WOLF CREEK LACOMBE OUT OF SCHOOL CARE,5414 50 STREET,5414 50 STREET,Lacombe,AB,T4L 1G4,T4L 1G4,identical_after_norm,/daycare/bgc-wolf-creek-lacombe-out-of-school-care-2e99d7d4,/daycare/bgc-wolf-creek-lacombe-out-of-school-care-D96D2C6A,mx_copy_of_bundled|high_same_street
lacombe-christian-playschool-aa9e361f,mx-192eaa9e361f,mx,lacombe-christian-playschool-8B9AAE3D,ab-A12E8B9AAE3D,Lacombe Christian Playschool,LACOMBE CHRISTIAN PLAYSCHOOL,5737 53 AVENUE,5737 53 AVENUE,Lacombe,AB,T4L 1L3,T4L 1L3,identical_after_norm,/daycare/lacombe-christian-playschool-aa9e361f,/daycare/lacombe-christian-playschool-8B9AAE3D,mx_copy_of_bundled|high_same_street
lacombe-school-age-program-64c08b83,mx-188264c08b83,mx,lacombe-school-age-program-195DA8AC,ab-D7D9195DA8AC,Lacombe School Age Program,LACOMBE SCHOOL AGE PROGRAM,5009 49 STREET,5009 49 STREET,Lacombe,AB,T4L 1Y2,T4L 1Y2,identical_after_norm,/daycare/lacombe-school-age-program-64c08b83,/daycare/lacombe-school-age-program-195DA8AC,mx_copy_of_bundled|high_same_street
loving-to-learn-preschool-and-daycare-b68a4bd3,mx-4086b68a4bd3,mx,loving-to-learn-preschool-and-daycare-681BA6E7,ab-2337681BA6E7,Loving To Learn Preschool And Daycare,LOVING TO LEARN PRESCHOOL AND DAYCARE,5226 51 AVE,5226 51 AVE,Lacombe,AB,T4L 1J6,T4L 1J6,identical_after_norm,/daycare/loving-to-learn-preschool-and-daycare-b68a4bd3,/daycare/loving-to-learn-preschool-and-daycare-681BA6E7,mx_copy_of_bundled|high_same_street
the-b-hive-daycare-ltd-367991a4,mx-3221367991a4,mx,the-b-hive-daycare-ltd-527A36A5,ab-359D527A36A5,The B Hive Daycare Ltd.,THE B HIVE DAYCARE LTD.,5029 56A STREET,5029 56A STREET,Lacombe,AB,T4L 1K8,T4L 1K8,identical_after_norm,/daycare/the-b-hive-daycare-ltd-367991a4,/daycare/the-b-hive-daycare-ltd-527A36A5,mx_copy_of_bundled|high_same_street
tiny-tracks-junction-ltd-d3a73420,mx-f37ed3a73420,mx,tiny-tracks-junction-ltd-B5240451,ab-0660B5240451,Tiny Tracks Junction Ltd,TINY TRACKS JUNCTION LTD,117 5001 52 STREET,117 5001 52 STREET,Lacombe,AB,T4L 1J6,T4L 1J6,identical_after_norm,/daycare/tiny-tracks-junction-ltd-d3a73420,/daycare/tiny-tracks-junction-ltd-B5240451,mx_copy_of_bundled|high_same_street
la-glace-playschool-67075483,mx-38ce67075483,mx,la-glace-playschool-F81B9C91,ab-05C4F81B9C91,La Glace Playschool,LA GLACE PLAYSCHOOL,10026 - 100 AVENUE,10026 - 100 AVENUE,Laglace,AB,T0H 2J0,T0H 2J0,identical_after_norm,/daycare/la-glace-playschool-67075483,/daycare/la-glace-playschool-F81B9C91,mx_copy_of_bundled|high_same_street
lamont-community-playschool-c9bca06a,mx-3658c9bca06a,mx,lamont-community-playschool-2879A2AB,ab-B9092879A2AB,Lamont Community Playschool,LAMONT COMMUNITY PLAYSCHOOL,5008 50 AVE,5008 50 AVE,Lamont,AB,T0B 2R0,T0B 2R0,identical_after_norm,/daycare/lamont-community-playschool-c9bca06a,/daycare/lamont-community-playschool-2879A2AB,mx_copy_of_bundled|high_same_street
lamont-daycare-a4f0aaeb,mx-5ff8a4f0aaeb,mx,lamont-daycare-50C9A33D,ab-D08E50C9A33D,Lamont Daycare,LAMONT DAYCARE,5216 53 STREET,5216 53 STREET,Lamont,AB,T0B 2R0,T0B 2R0,identical_after_norm,/daycare/lamont-daycare-a4f0aaeb,/daycare/lamont-daycare-50C9A33D,mx_copy_of_bundled|high_same_street
adventureland-daycare-and-osc-068e9420,mx-fdfb068e9420,mx,adventureland-daycare-osc-0940F8A0,ab-2E0E0940F8A0,Adventureland Daycare & Osc,ADVENTURELAND DAYCARE & OSC,5007 49 AVENUE,5007 49 AVENUE,Leduc,AB,T9E 6M6,T9E 6M6,identical_after_norm,/daycare/adventureland-daycare-and-osc-068e9420,/daycare/adventureland-daycare-osc-0940F8A0,mx_copy_of_bundled|high_same_street
agapeland-daycare-centre-ltd-6d712012,mx-df736d712012,mx,agapeland-daycare-centre-ltd-FDD6EB79,ab-C5DDFDD6EB79,Agapeland Daycare Centre Ltd.,AGAPELAND DAYCARE CENTRE LTD.,"BAY 13/15/16/17, 4302-50 STREET","BAY 13/15/16/17, 4302-50 STREET",Leduc,AB,T9E 6J9,T9E 6J9,identical_after_norm,/daycare/agapeland-daycare-centre-ltd-6d712012,/daycare/agapeland-daycare-centre-ltd-FDD6EB79,mx_copy_of_bundled|high_same_street
brightpath-leduc-06663a49,mx-8a4406663a49,mx,brightpath-leduc-6EE48A33,ab-FD286EE48A33,Brightpath Leduc,BRIGHTPATH LEDUC,5010 48A STREET,5010 48A STREET,Leduc,AB,T9E 6Y1,T9E 6Y1,identical_after_norm,/daycare/brightpath-leduc-06663a49,/daycare/brightpath-leduc-6EE48A33,mx_copy_of_bundled|high_same_street
global-childcare-centre-2586ab39,mx-46a92586ab39,mx,global-childcare-centre-DB9B4285,ab-17CFDB9B4285,Global Childcare Centre,GLOBAL CHILDCARE CENTRE,4723 50 AVE,4723 50 AVE,Leduc,AB,T9E 6Y5,T9E 6Y5,identical_after_norm,/daycare/global-childcare-centre-2586ab39,/daycare/global-childcare-centre-DB9B4285,mx_copy_of_bundled|high_same_street
jack-and-jill-playschool-7bdfee64,mx-15607bdfee64,mx,jack-jill-playschool-8996ED6B,ab-DE068996ED6B,Jack & Jill Playschool,JACK & JILL PLAYSCHOOL,5212 50 STREET,5212 50 STREET,Leduc,AB,T9E 6V6,T9E 6V6,identical_after_norm,/daycare/jack-and-jill-playschool-7bdfee64,/daycare/jack-jill-playschool-8996ED6B,mx_copy_of_bundled|high_same_street
kidz-junction-daycare-and-out-of-school-care-c41c41db,mx-fe7dc41c41db,mx,kidz-junction-daycare-and-out-of-school-care-5E702F1C,ab-DD735E702F1C,Kidz Junction Daycare And Out Of School Care,KIDZ JUNCTION DAYCARE AND OUT OF SCHOOL CARE,4906 49 AVENUE,4906 49 AVENUE,Leduc,AB,T9E 6W6,T9E 6W6,identical_after_norm,/daycare/kidz-junction-daycare-and-out-of-school-care-c41c41db,/daycare/kidz-junction-daycare-and-out-of-school-care-5E702F1C,mx_copy_of_bundled|high_same_street
kinderssori-academy-367796c4,mx-fee1367796c4,mx,kinderssori-academy-75EDF168,ab-1DDC75EDF168,Kinderssori Academy,KINDERSSORI ACADEMY,4606 48 STREET,4606 48 STREET,Leduc,AB,T9E 5X4,T9E 5X4,identical_after_norm,/daycare/kinderssori-academy-367796c4,/daycare/kinderssori-academy-75EDF168,mx_copy_of_bundled|high_same_street
little-otters-day-care-centre-6d96d7b8,mx-db3e6d96d7b8,mx,little-otters-day-care-centre-F0490AF4,ab-6829F0490AF4,Little Otters Day Care Centre,LITTLE OTTERS DAY CARE CENTRE,4413 48 ST,4413 48 ST,Leduc,AB,T9E 5Y3,T9E 5Y3,identical_after_norm,/daycare/little-otters-day-care-centre-6d96d7b8,/daycare/little-otters-day-care-centre-F0490AF4,mx_copy_of_bundled|high_same_street
nessie-s-jigsaw-daycare-4381800b,mx-5caf4381800b,mx,nessie-s-jigsaw-daycare-5EFF5B00,ab-7D555EFF5B00,Nessie'S Jigsaw Daycare,NESSIE'S JIGSAW DAYCARE,4707/4709 51 AVENUE,4707/4709 51 AVENUE,Leduc,AB,T9E 6Y2,T9E 6Y2,identical_after_norm,/daycare/nessie-s-jigsaw-daycare-4381800b,/daycare/nessie-s-jigsaw-daycare-5EFF5B00,mx_copy_of_bundled|high_same_street
seeds-and-sprouts-early-learning-and-childcare-centre-1029c951,mx-a08e1029c951,mx,seeds-sprouts-early-learning-and-childcare-centr-E03EE54F,ab-980DE03EE54F,Seeds & Sprouts Early Learning And Childcare Centre,SEEDS & SPROUTS EARLY LEARNING AND CHILDCARE CENTRE,#5 5110 50 STREET,#5 5110 50 STREET,Leduc,AB,T9E 6Z6,T9E 6Z6,identical_after_norm,/daycare/seeds-and-sprouts-early-learning-and-childcare-centre-1029c951,/daycare/seeds-sprouts-early-learning-and-childcare-centr-E03EE54F,mx_copy_of_bundled|high_same_street
starkidz-daycare-and-osc-centre-8782e51a,mx-23698782e51a,mx,starkidz-daycare-osc-centre-5DFC2254,ab-63AD5DFC2254,Starkidz Daycare & Osc Centre,STARKIDZ DAYCARE & OSC CENTRE,210-4812C 43A AVE,210-4812C 43A AVE,Leduc,AB,T9E 1P3,T9E 1P3,identical_after_norm,/daycare/starkidz-daycare-and-osc-centre-8782e51a,/daycare/starkidz-daycare-osc-centre-5DFC2254,mx_copy_of_bundled|high_same_street
the-great-indoors-childcare-center-70dd5199,mx-696670dd5199,mx,the-great-indoors-childcare-center-818992C1,ab-630B818992C1,The Great Indoors Childcare Center,THE GREAT INDOORS CHILDCARE CENTER,5110 47 ST,5110 47 ST,Leduc,AB,T9E 6Y9,T9E 6Y9,identical_after_norm,/daycare/the-great-indoors-childcare-center-70dd5199,/daycare/the-great-indoors-childcare-center-818992C1,mx_copy_of_bundled|high_same_street
woods-early-learning-center-0b68bd69,mx-67fb0b68bd69,mx,woods-early-learning-center-17A15175,ab-D14517A15175,Woods Early Learning Center,WOODS EARLY LEARNING CENTER,"UNIT 101A, 4812A - 43A AVENUE","UNIT 101A, 4812A - 43A AVENUE",Leduc,AB,T9E 1P3,T9E 1P3,identical_after_norm,/daycare/woods-early-learning-center-0b68bd69,/daycare/woods-early-learning-center-17A15175,mx_copy_of_bundled|high_same_street
kids-connection-daycare-8e097e0b,mx-081a8e097e0b,mx,kids-connection-daycare-B876BF49,ab-89CCB876BF49,Kids Connection Daycare,KIDS CONNECTION DAYCARE,4910 50 AVENUE,4910 50 AVENUE,Legal,AB,T0G 1L0,T0G 1L0,identical_after_norm,/daycare/kids-connection-daycare-8e097e0b,/daycare/kids-connection-daycare-B876BF49,mx_copy_of_bundled|high_same_street
la-petite-ecole-82e7b9f8,mx-f66d82e7b9f8,mx,la-petite-ecole-790EAA13,ab-7FA6790EAA13,La Petite Ecole,LA PETITE ECOLE,5204 46 STREET,5204 46 STREET,Legal,AB,T0G 1L0,T0G 1L0,identical_after_norm,/daycare/la-petite-ecole-82e7b9f8,/daycare/la-petite-ecole-790EAA13,mx_copy_of_bundled|high_same_street
legal-child-centre-6b9af2e9,mx-75736b9af2e9,mx,legal-child-centre-C31AE2BC,ab-05DFC31AE2BC,Legal Child Centre,LEGAL CHILD CENTRE,5122 - 46 STREET,5122 - 46 STREET,Legal,AB,T0G 1L0,T0G 1L0,identical_after_norm,/daycare/legal-child-centre-6b9af2e9,/daycare/legal-child-centre-C31AE2BC,mx_copy_of_bundled|high_same_street
adorable-tots-daycare-fbe3dfc8,mx-a9bbfbe3dfc8,mx,adorable-tots-daycare-203D91CD,ab-9BA3203D91CD,Adorable Tots Daycare,ADORABLE TOTS DAYCARE,336 13 ST N 2ND FLOOR,336 13 ST N 2ND FLOOR,Lethbridge,AB,T1H 0K4,T1H 0K4,identical_after_norm,/daycare/adorable-tots-daycare-fbe3dfc8,/daycare/adorable-tots-daycare-203D91CD,mx_copy_of_bundled|high_same_street
am-pm-daycare-incorporated-52139460,mx-4b3d52139460,mx,am-pm-daycare-incorporated-3634CB29,ab-9D963634CB29,Am Pm Daycare Incorporated,AM PM DAYCARE INCORPORATED,4003 51 AVENUE,4003 51 AVENUE,Lloydminster,AB,T9V 3M9,T9V 3M9,identical_after_norm,/daycare/am-pm-daycare-incorporated-52139460,/daycare/am-pm-daycare-incorporated-3634CB29,mx_copy_of_bundled|high_same_street
busy-bee-s-daycare-north-91a515b2,mx-e70c91a515b2,mx,busy-bee-s-daycare-north-CB1C02B8,ab-D89DCB1C02B8,Busy Bee'S Daycare North,BUSY BEE'S DAYCARE NORTH,5010 46 ST,5010 46 ST,Lloydminster,AB,T9V 0C5,T9V 0C5,identical_after_norm,/daycare/busy-bee-s-daycare-north-91a515b2,/daycare/busy-bee-s-daycare-north-CB1C02B8,mx_copy_of_bundled|high_same_street
guc-playschool-987e4fb0,mx-ca0f987e4fb0,mx,guc-playschool-12C103C7,ab-1FC212C103C7,Guc Playschool,GUC PLAYSCHOOL,4708 50 AVENUE,4708 50 AVENUE,Lloydminster,AB,T9V 0W4,T9V 0W4,identical_after_norm,/daycare/guc-playschool-987e4fb0,/daycare/guc-playschool-12C103C7,mx_copy_of_bundled|high_same_street
lloydminster-play-and-learn-daycare-society-354d8acc,mx-0891354d8acc,mx,lloydminster-play-and-learn-daycare-society-3D094D90,ab-33BF3D094D90,Lloydminster Play And Learn Daycare Society,LLOYDMINSTER PLAY AND LEARN DAYCARE SOCIETY,6604 35 STREET,6604 35 STREET,Lloydminster,AB,T9V 3H1,T9V 3H1,identical_after_norm,/daycare/lloydminster-play-and-learn-daycare-society-354d8acc,/daycare/lloydminster-play-and-learn-daycare-society-3D094D90,mx_copy_of_bundled|high_same_street
lloydminster-play-and-learn-daycare-society-central-location-69dfa9ac,mx-b1b969dfa9ac,mx,lloydminster-play-and-learn-daycare-society-cent-8948D298,ab-52ED8948D298,Lloydminster Play And Learn Daycare Society Central Location,LLOYDMINSTER PLAY AND LEARN DAYCARE SOCIETY CENTRAL LOCATION,5216 44 STREET,5216 44 STREET,Lloydminster,AB,T9V 1R6,T9V 1R6,identical_after_norm,/daycare/lloydminster-play-and-learn-daycare-society-central-location-69dfa9ac,/daycare/lloydminster-play-and-learn-daycare-society-cent-8948D298,mx_copy_of_bundled|high_same_street
occ-daycare-c-p-3ff36fcd,mx-f68a3ff36fcd,mx,occ-daycare-c-p-03CE038A,ab-DB5303CE038A,Occ Daycare - C.P.,OCC DAYCARE - C.P.,2115 56 AVE,2115 56 AVE,Lloydminster,AB,T9V 2W2,T9V 2W2,identical_after_norm,/daycare/occ-daycare-c-p-3ff36fcd,/daycare/occ-daycare-c-p-03CE038A,mx_copy_of_bundled|high_same_street
petits-explorateurs-centre-d-apprentissage-et-de-garde-de-jeunes-enfa-f87036b8,mx-8a2bf87036b8,mx,petits-explorateurs-centre-d-apprentissage-et-de-8DC0208F,ab-604D8DC0208F,"Petits Explorateurs, Centre D'Apprentissage Et De Garde De Jeunes Enfa","PETITS EXPLORATEURS, CENTRE D'APPRENTISSAGE ET DE GARDE DE JEUNES ENFA",4204 54 AVENUE,4204 54 AVENUE,Lloydminster,AB,T9V 2R6,T9V 2R6,identical_after_norm,/daycare/petits-explorateurs-centre-d-apprentissage-et-de-garde-de-jeunes-enfa-f87036b8,/daycare/petits-explorateurs-centre-d-apprentissage-et-de-8DC0208F,mx_copy_of_bundled|high_same_street
mannville-preschool-e5a2c702,mx-df1ee5a2c702,mx,mannville-preschool-2C910046,ab-F5F02C910046,Mannville Preschool,MANNVILLE PRESCHOOL,5002-52 AVE,5002-52 AVE,Mannville,AB,T0B 2W0,T0B 2W0,identical_after_norm,/daycare/mannville-preschool-e5a2c702,/daycare/mannville-preschool-2C910046,mx_copy_of_bundled|high_same_street
mighty-creative-minds-6ac27088,mx-f1046ac27088,mx,mighty-creative-minds-85C5BBAC,ab-DED285C5BBAC,Mighty Creative Minds,MIGHTY CREATIVE MINDS,5002 - 52 AVENUE,5002 - 52 AVENUE,Mannville,AB,T0B 2W0,T0B 2W0,identical_after_norm,/daycare/mighty-creative-minds-6ac27088,/daycare/mighty-creative-minds-85C5BBAC,mx_copy_of_bundled|high_same_street
mayerthorpe-playgroup-1e350bb6,mx-ced51e350bb6,mx,mayerthorpe-playgroup-D3CB3C9D,ab-211FD3CB3C9D,Mayerthorpe Playgroup,MAYERTHORPE PLAYGROUP,4907 - 52 STREET,4907 - 52 STREET,Mayerthorpe,AB,T0E 1N0,T0E 1N0,identical_after_norm,/daycare/mayerthorpe-playgroup-1e350bb6,/daycare/mayerthorpe-playgroup-D3CB3C9D,mx_copy_of_bundled|high_same_street
musasa-tree-house-innovative-funded-program-2aea8944,mx-bc2d2aea8944,mx,musasa-tree-house-innovative-funded-program-26ED59DC,ab-C30526ED59DC,Musasa Tree House Innovative Funded Program,MUSASA TREE HOUSE INNOVATIVE FUNDED PROGRAM,Not Available,Not Available,Medicine Hat,AB,T1A 8G8,T1A 8G8,identical_after_norm,/daycare/musasa-tree-house-innovative-funded-program-2aea8944,/daycare/musasa-tree-house-innovative-funded-program-26ED59DC,mx_copy_of_bundled|high_same_postal
blue-bird-academy-inc-503d137a,mx-22c4503d137a,mx,blue-bird-academy-inc-544FB2D7,ab-E7C3544FB2D7,Blue Bird Academy Inc.,BLUE BIRD ACADEMY INC.,5031 49 AVENUE,5031 49 AVENUE,Millet,AB,T0C 1Z0,T0C 1Z0,identical_after_norm,/daycare/blue-bird-academy-inc-503d137a,/daycare/blue-bird-academy-inc-544FB2D7,mx_copy_of_bundled|high_same_street
millet-preschool-f5542b6a,mx-b321f5542b6a,mx,millet-preschool-925464E4,ab-126D925464E4,Millet Preschool,MILLET PRESCHOOL,5400-45 AVE,5400-45 AVE,Millet,AB,T0C 1Z0,T0C 1Z0,identical_after_norm,/daycare/millet-preschool-f5542b6a,/daycare/millet-preschool-925464E4,mx_copy_of_bundled|high_same_street
fable-child-care-center-764be7cf,mx-5eb9764be7cf,mx,fable-child-care-center-8465B863,ab-62FF8465B863,Fable Child Care Center,FABLE CHILD CARE CENTER,10010 101 AVE,10010 101 AVE,Morinville,AB,T8R 1R1,T8R 1R1,identical_after_norm,/daycare/fable-child-care-center-764be7cf,/daycare/fable-child-care-center-8465B863,mx_copy_of_bundled|high_same_street
kanga-and-roo-s-child-care-centre-ba8bfc49,mx-f82cba8bfc49,mx,kanga-and-roo-s-child-care-centre-D9AF2FF1,ab-F1CED9AF2FF1,Kanga  And Roo'S Child Care Centre,KANGA  AND ROO'S CHILD CARE CENTRE,10515 100 AVENUE,10515 100 AVENUE,Morinville,AB,T8R 1A2,T8R 1A2,identical_after_norm,/daycare/kanga-and-roo-s-child-care-centre-ba8bfc49,/daycare/kanga-and-roo-s-child-care-centre-D9AF2FF1,mx_copy_of_bundled|high_same_street
morinville-childcare-473120a0,mx-afe9473120a0,mx,morinville-childcare-50B5068B,ab-35C950B5068B,Morinville Childcare,MORINVILLE CHILDCARE,10601 - 100 AVE,10601 - 100 AVE,Morinville,AB,T8R 1A2,T8R 1A2,identical_after_norm,/daycare/morinville-childcare-473120a0,/daycare/morinville-childcare-50B5068B,mx_copy_of_bundled|high_same_street
morinville-community-daycare-5b22ea04,mx-b5795b22ea04,mx,morinville-community-daycare-6114BFE6,ab-1DC66114BFE6,Morinville Community Daycare,MORINVILLE COMMUNITY DAYCARE,9506 100 AVE,9506 100 AVE,Morinville,AB,T8R 1P6,T8R 1P6,identical_after_norm,/daycare/morinville-community-daycare-5b22ea04,/daycare/morinville-community-daycare-6114BFE6,mx_copy_of_bundled|high_same_street
morinville-tiny-tots-2f4ceb17,mx-023a2f4ceb17,mx,morinville-tiny-tots-03325AED,ab-E9B503325AED,Morinville Tiny Tots,MORINVILLE TINY TOTS,9817 - 104 STREET,9817 - 104 STREET,Morinville,AB,T8R 1J6,T8R 1J6,identical_after_norm,/daycare/morinville-tiny-tots-2f4ceb17,/daycare/morinville-tiny-tots-03325AED,mx_copy_of_bundled|high_same_street
our-house-child-care-centre-a35be9dc,mx-4ddea35be9dc,mx,our-house-child-care-centre-302B3309,ab-1987302B3309,Our House Child Care Centre,OUR HOUSE CHILD CARE CENTRE,10020 101 AVENUE,10020 101 AVENUE,Morinville,AB,T8R 1L5,T8R 1L5,identical_after_norm,/daycare/our-house-child-care-centre-a35be9dc,/daycare/our-house-child-care-centre-302B3309,mx_copy_of_bundled|high_same_street
our-house-club-house-3e4f60d0,mx-9e8c3e4f60d0,mx,our-house-club-house-EA57E4B5,ab-2A9AEA57E4B5,Our House Club House,OUR HOUSE CLUB HOUSE,10010 101 AVE,10010 101 AVE,Morinville,AB,T8R 1R1,T8R 1R1,identical_after_norm,/daycare/our-house-club-house-3e4f60d0,/daycare/our-house-club-house-EA57E4B5,mx_copy_of_bundled|high_same_street
funshine-child-development-centre-d8b59e5e,mx-1ea5d8b59e5e,mx,funshine-child-development-centre-66FE1FCB,ab-387A66FE1FCB,Funshine Child Development Centre,FUNSHINE CHILD DEVELOPMENT CENTRE,5219-50 STREET,5219-50 STREET,Mundare,AB,T0B 3H0,T0B 3H0,identical_after_norm,/daycare/funshine-child-development-centre-d8b59e5e,/daycare/funshine-child-development-centre-66FE1FCB,mx_copy_of_bundled|high_same_street
myrnam-play-development-2d19c64f,mx-5da52d19c64f,mx,myrnam-play-development-666553EC,ab-4E22666553EC,Myrnam Play Development,MYRNAM PLAY DEVELOPMENT,5107 - 50 STREET,5107 - 50 STREET,Myrnam,AB,T0B 3K0,T0B 3K0,identical_after_norm,/daycare/myrnam-play-development-2d19c64f,/daycare/myrnam-play-development-666553EC,mx_copy_of_bundled|high_same_street
nampa-and-district-daycare-society-23495dcc,mx-e35a23495dcc,mx,nampa-and-district-daycare-society-4D23E7BF,ab-2B0E4D23E7BF,Nampa  And District Daycare Society,NAMPA  AND DISTRICT DAYCARE SOCIETY,10203-100 AVENUE,10203-100 AVENUE,Nampa,AB,T0H 2R0,T0H 2R0,identical_after_norm,/daycare/nampa-and-district-daycare-society-23495dcc,/daycare/nampa-and-district-daycare-society-4D23E7BF,mx_copy_of_bundled|high_same_street
curiosity-cove-daycare-corp-cb3f1658,mx-dcdccb3f1658,mx,curiosity-cove-daycare-corp-C7140F3E,ab-7514C7140F3E,Curiosity Cove Daycare Corp,CURIOSITY COVE DAYCARE CORP,1613 26 AVE,1613 26 AVE,Nanton,AB,T0L 1R0,T0L 1R0,identical_after_norm,/daycare/curiosity-cove-daycare-corp-cb3f1658,/daycare/curiosity-cove-daycare-corp-C7140F3E,mx_copy_of_bundled|high_same_street
kids-club-day-care-nanton-265f4093,mx-6dd5265f4093,mx,kids-club-day-care-nanton-53EB39E0,ab-330753EB39E0,Kids Club Day Care- Nanton,KIDS CLUB DAY CARE- NANTON,2630 24 STREET,2630 24 STREET,Nanton,AB,T0L 1R0,T0L 1R0,identical_after_norm,/daycare/kids-club-day-care-nanton-265f4093,/daycare/kids-club-day-care-nanton-53EB39E0,mx_copy_of_bundled|high_same_street
nanton-out-of-school-care-a07e1010,mx-9520a07e1010,mx,nanton-out-of-school-care-B2643677,ab-8495B2643677,Nanton Out Of School Care,NANTON OUT OF SCHOOL CARE,"UNIT 5, 2123 - 19 STREET","UNIT 5, 2123 - 19 STREET",Nanton,AB,T0L 1R0,T0L 1R0,identical_after_norm,/daycare/nanton-out-of-school-care-a07e1010,/daycare/nanton-out-of-school-care-B2643677,mx_copy_of_bundled|high_same_street
bgc-olds-and-area-holy-trinity-7b2861cd,mx-cd937b2861cd,mx,bgc-olds-and-area-holy-trinity-2CDB3B06,ab-791E2CDB3B06,Bgc Olds And Area Holy Trinity,BGC OLDS AND AREA HOLY TRINITY,6610 57 STREET,6610 57 STREET,Olds,AB,T4H 0E1,T4H 0E1,identical_after_norm,/daycare/bgc-olds-and-area-holy-trinity-7b2861cd,/daycare/bgc-olds-and-area-holy-trinity-2CDB3B06,mx_copy_of_bundled|high_same_street
jungle-junction-out-of-school-care-program-195a7c4e,mx-43cf195a7c4e,mx,jungle-junction-out-of-school-care-program-CB39FBAE,ab-03A7CB39FBAE,Jungle Junction Out Of School Care Program,JUNGLE JUNCTION OUT OF SCHOOL CARE PROGRAM,5413 53 STREET,5413 53 STREET,Olds,AB,T4H 1S9,T4H 1S9,identical_after_norm,/daycare/jungle-junction-out-of-school-care-program-195a7c4e,/daycare/jungle-junction-out-of-school-care-program-CB39FBAE,mx_copy_of_bundled|high_same_street
little-m-destiny-preschool-and-daycare-ltd-a7104d4e,mx-5e56a7104d4e,mx,little-m-destiny-preschool-daycare-ltd-CF8C685C,ab-1F10CF8C685C,Little M-Destiny Preschool & Daycare Ltd,LITTLE M-DESTINY PRESCHOOL & DAYCARE LTD,5402 43 STREET,5402 43 STREET,Olds,AB,T4H 1B5,T4H 1B5,identical_after_norm,/daycare/little-m-destiny-preschool-and-daycare-ltd-a7104d4e,/daycare/little-m-destiny-preschool-daycare-ltd-CF8C685C,mx_copy_of_bundled|high_same_street
centre-de-la-petite-enfance-quatre-vents-c6ea70aa,mx-d107c6ea70aa,mx,centre-de-la-petite-enfance-quatre-vents-F2F667B6,ab-7ACFF2F667B6,Centre De La Petite Enfance Quatre-Vents,CENTRE DE LA PETITE ENFANCE QUATRE-VENTS,9935 73 AVE,9935 73 AVE,Peace River,AB,T8S 1E2,T8S 1E2,identical_after_norm,/daycare/centre-de-la-petite-enfance-quatre-vents-c6ea70aa,/daycare/centre-de-la-petite-enfance-quatre-vents-F2F667B6,mx_copy_of_bundled|high_same_street
peace-river-early-learning-childcare-and-osc-ltd-a1e446b1,mx-58cfa1e446b1,mx,peace-river-early-learning-childcare-and-osc-ltd-2EBCDF1E,ab-4F802EBCDF1E,Peace River Early Learning Childcare And Osc Ltd.,PEACE RIVER EARLY LEARNING CHILDCARE AND OSC LTD.,9420 85 AVE,9420 85 AVE,Peace River,AB,T8S 1G2,T8S 1G2,identical_after_norm,/daycare/peace-river-early-learning-childcare-and-osc-ltd-a1e446b1,/daycare/peace-river-early-learning-childcare-and-osc-ltd-2EBCDF1E,mx_copy_of_bundled|high_same_street
sugar-plum-tree-day-care-centre-ffb4bd0e,mx-75e8ffb4bd0e,mx,sugar-plum-tree-day-care-centre-25981EFA,ab-8B6925981EFA,Sugar Plum Tree Day Care Centre,SUGAR PLUM TREE DAY CARE CENTRE,"7501, 99 STREET","7501, 99 STREET",Peace River,AB,T8S 1R4,T8S 1R4,identical_after_norm,/daycare/sugar-plum-tree-day-care-centre-ffb4bd0e,/daycare/sugar-plum-tree-day-care-centre-25981EFA,mx_copy_of_bundled|high_same_street
coin-des-curieux-daycare-df693267,mx-38acdf693267,mx,coin-des-curieux-daycare-BB10DFB1,ab-94DDBB10DFB1,Coin Des Curieux Daycare,COIN DES CURIEUX DAYCARE,10025 98 AVE,10025 98 AVE,Plamondon,AB,T0A 2T0,T0A 2T0,identical_after_norm,/daycare/coin-des-curieux-daycare-df693267,/daycare/coin-des-curieux-daycare-BB10DFB1,mx_copy_of_bundled|high_same_street
ecole-plamondon-daycare-19e30656,mx-172d19e30656,mx,ecole-plamondon-daycare-2B243348,ab-E2132B243348,Ecole Plamondon Daycare,ECOLE PLAMONDON DAYCARE,9814 100 ST,9814 100 ST,Plamondon,AB,T0A 2T0,T0A 2T0,identical_after_norm,/daycare/ecole-plamondon-daycare-19e30656,/daycare/ecole-plamondon-daycare-2B243348,mx_copy_of_bundled|high_same_street
l-etoile-boreale-24db4703,mx-af4424db4703,mx,l-etoile-boreale-AD926087,ab-C7E3AD926087,L'Etoile Boreale,L'ETOILE BOREALE,9725 99 AVE,9725 99 AVE,Plamondon,AB,T0A 2T0,T0A 2T0,identical_after_norm,/daycare/l-etoile-boreale-24db4703,/daycare/l-etoile-boreale-AD926087,mx_copy_of_bundled|high_same_street
ponoka-christian-preschool-685fc9ce,mx-9bbe685fc9ce,mx,ponoka-christian-preschool-04BE46DD,ab-EE9304BE46DD,Ponoka Christian Preschool,PONOKA CHRISTIAN PRESCHOOL,6300 - 50 STREET (ECS ROOM),6300 - 50 STREET (ECS ROOM),Ponoka,AB,T4J 1V3,T4J 1V3,identical_after_norm,/daycare/ponoka-christian-preschool-685fc9ce,/daycare/ponoka-christian-preschool-04BE46DD,mx_copy_of_bundled|high_same_street
provost-pre-school-11bec99f,mx-2aea11bec99f,mx,provost-pre-school-6E7BB096,ab-604D6E7BB096,Provost Pre-School,PROVOST PRE-SCHOOL,4504-52 AVENUE,4504-52 AVENUE,Provost,AB,T0B 3S0,T0B 3S0,identical_after_norm,/daycare/provost-pre-school-11bec99f,/daycare/provost-pre-school-6E7BB096,mx_copy_of_bundled|high_same_street
alphabet-daycare-5ecd77b0,mx-9df05ecd77b0,mx,alphabet-daycare-BABFAAA4,ab-3446BABFAAA4,Alphabet Daycare,ALPHABET DAYCARE,150 6005 67A STREET,150 6005 67A STREET,Red Deer,AB,T4P 2Z9,T4P 2Z9,identical_after_norm,/daycare/alphabet-daycare-5ecd77b0,/daycare/alphabet-daycare-BABFAAA4,mx_copy_of_bundled|high_same_street
alphabet-daycare-downtown-0cc024bd,mx-90100cc024bd,mx,alphabet-daycare-downtown-E8F15B53,ab-4DF7E8F15B53,Alphabet Daycare Downtown,ALPHABET DAYCARE DOWNTOWN,4712 50 STREET,4712 50 STREET,Red Deer,AB,T4N 1X2,T4N 1X2,identical_after_norm,/daycare/alphabet-daycare-downtown-0cc024bd,/daycare/alphabet-daycare-downtown-E8F15B53,mx_copy_of_bundled|high_same_street
alphabet-daycare-pine-0163bc81,mx-05830163bc81,mx,alphabet-daycare-pine-046EF0C0,ab-6C3B046EF0C0,Alphabet Daycare Pine,ALPHABET DAYCARE PINE,UNIT 3 - 5020 68 STREET,UNIT 3 - 5020 68 STREET,Red Deer,AB,T4N 7B4,T4N 7B4,identical_after_norm,/daycare/alphabet-daycare-pine-0163bc81,/daycare/alphabet-daycare-pine-046EF0C0,mx_copy_of_bundled|high_same_street
alphabet-daycare-south-483909a5,mx-e68a483909a5,mx,alphabet-daycare-south-F84158B2,ab-CD05F84158B2,Alphabet Daycare South,ALPHABET DAYCARE SOUTH,UNIT 2A 2067 50 AVE,UNIT 2A 2067 50 AVE,Red Deer,AB,T4R 1Z4,T4R 1Z4,identical_after_norm,/daycare/alphabet-daycare-south-483909a5,/daycare/alphabet-daycare-south-F84158B2,mx_copy_of_bundled|high_same_street
arts-in-motion-preschool-01ec91ba,mx-705301ec91ba,mx,arts-in-motion-preschool-5D796DC4,ab-193A5D796DC4,Arts In Motion Preschool,ARTS IN MOTION PRESCHOOL,"#200, 6731 52 AVENUE","#200, 6731 52 AVENUE",Red Deer,AB,T4N 4K8,T4N 4K8,identical_after_norm,/daycare/arts-in-motion-preschool-01ec91ba,/daycare/arts-in-motion-preschool-5D796DC4,mx_copy_of_bundled|high_same_street
brainy-bees-montessori-0e153eea,mx-22440e153eea,mx,brainy-bees-montessori-B0D239F9,ab-1C07B0D239F9,Brainy Bees Montessori,BRAINY BEES MONTESSORI,202-4909 49 ST,202-4909 49 ST,Red Deer,AB,T4N 1V1,T4N 1V1,identical_after_norm,/daycare/brainy-bees-montessori-0e153eea,/daycare/brainy-bees-montessori-B0D239F9,mx_copy_of_bundled|high_same_street
camille-lerouge-school-age-9070606f,mx-8f389070606f,mx,camille-lerouge-school-age-B014BC9D,ab-0AA5B014BC9D,Camille Lerouge School Age,CAMILLE LEROUGE SCHOOL AGE,5530 42A  AVENUE,5530 42A  AVENUE,Red Deer,AB,T4N 3A8,T4N 3A8,identical_after_norm,/daycare/camille-lerouge-school-age-9070606f,/daycare/camille-lerouge-school-age-B014BC9D,mx_copy_of_bundled|high_same_street
cawes-innovative-funded-program-60bdb4a9,mx-8b9560bdb4a9,mx,cawes-innovative-funded-program-618D942E,ab-1805618D942E,Cawes Innovative Funded Program,CAWES INNOVATIVE FUNDED PROGRAM,5301 47 AVENUE,5301 47 AVENUE,Red Deer,AB,T4N 3R1,T4N 3R1,identical_after_norm,/daycare/cawes-innovative-funded-program-60bdb4a9,/daycare/cawes-innovative-funded-program-618D942E,mx_copy_of_bundled|high_same_street
collicutt-centre-preschool-program-d5b66013,mx-888bd5b66013,mx,collicutt-centre-preschool-program-C064B977,ab-D106C064B977,Collicutt Centre Preschool Program,COLLICUTT CENTRE PRESCHOOL PROGRAM,3031 30 AVE,3031 30 AVE,Red Deer,AB,T4R 2Z7,T4R 2Z7,identical_after_norm,/daycare/collicutt-centre-preschool-program-d5b66013,/daycare/collicutt-centre-preschool-program-C064B977,mx_copy_of_bundled|high_same_street
connecting-kids-d8f3c086,mx-8844d8f3c086,mx,connecting-kids-6CF6F930,ab-F0556CF6F930,Connecting Kids,CONNECTING KIDS,170 / 270 - 5002 55 ST,170 / 270 - 5002 55 ST,Red Deer,AB,T4N 7A4,T4N 7A4,identical_after_norm,/daycare/connecting-kids-d8f3c086,/daycare/connecting-kids-6CF6F930,mx_copy_of_bundled|high_same_street
creekside-creative-academy-5ce362bd,mx-c1235ce362bd,mx,creekside-creative-academy-442CDF47,ab-16DC442CDF47,Creekside Creative Academy,CREEKSIDE CREATIVE ACADEMY,"2125, 2827 30 AVE","2125, 2827 30 AVE",Red Deer,AB,T4R 2P7,T4R 2P7,identical_after_norm,/daycare/creekside-creative-academy-5ce362bd,/daycare/creekside-creative-academy-442CDF47,mx_copy_of_bundled|high_same_street
dream-start-daycare-72ee2d38,mx-1a8172ee2d38,mx,dream-start-daycare-E8EC1FE9,ab-6FFAE8EC1FE9,Dream Start Daycare,DREAM START DAYCARE,4711 51 AVE,4711 51 AVE,Red Deer,AB,T4N 6H8,T4N 6H8,identical_after_norm,/daycare/dream-start-daycare-72ee2d38,/daycare/dream-start-daycare-E8EC1FE9,mx_copy_of_bundled|high_same_street
explore-and-develop-academy-75e8e0a6,mx-1d2c75e8e0a6,mx,explore-and-develop-academy-EF29A172,ab-2D47EF29A172,Explore And Develop Academy,EXPLORE AND DEVELOP ACADEMY,"UNIT 100, 5229 50 AVENUE","UNIT 100, 5229 50 AVENUE",Red Deer,AB,T4N 4B4,T4N 4B4,identical_after_norm,/daycare/explore-and-develop-academy-75e8e0a6,/daycare/explore-and-develop-academy-EF29A172,mx_copy_of_bundled|high_same_street
first-steps-and-beyond-daycare-9b11fac0,mx-f2539b11fac0,mx,first-steps-beyond-daycare-E880ED86,ab-C877E880ED86,First Steps & Beyond Daycare,FIRST STEPS & BEYOND DAYCARE,4910 59 STREET,4910 59 STREET,Red Deer,AB,T4N 2N1,T4N 2N1,identical_after_norm,/daycare/first-steps-and-beyond-daycare-9b11fac0,/daycare/first-steps-beyond-daycare-E880ED86,mx_copy_of_bundled|high_same_street
gh-dawe-centre-preschool-program-b0816164,mx-49cbb0816164,mx,gh-dawe-centre-preschool-program-A99AE448,ab-6601A99AE448,Gh Dawe Centre Preschool Program,GH DAWE CENTRE PRESCHOOL PROGRAM,6175 67 ST,6175 67 ST,Red Deer,AB,T4P 1A3,T4P 1A3,identical_after_norm,/daycare/gh-dawe-centre-preschool-program-b0816164,/daycare/gh-dawe-centre-preschool-program-A99AE448,mx_copy_of_bundled|high_same_street
glendale-school-age-program-3c4b7b1d,mx-88073c4b7b1d,mx,glendale-school-age-program-AE30FC50,ab-0695AE30FC50,Glendale School Age Program,GLENDALE SCHOOL AGE PROGRAM,6375  77 STREET,6375  77 STREET,Red Deer,AB,T4P 3E9,T4P 3E9,identical_after_norm,/daycare/glendale-school-age-program-3c4b7b1d,/daycare/glendale-school-age-program-AE30FC50,mx_copy_of_bundled|high_same_street
helping-me-grow-wichinahin-kohopikiwan-64721b5d,mx-9d0764721b5d,mx,helping-me-grow-wichinahin-kohopikiwan-A0E62505,ab-7F75A0E62505,Helping Me Grow - Wichinahin Kohopikiwan,HELPING ME GROW - WICHINAHIN KOHOPIKIWAN,#202 5214 47 AVENUE,#202 5214 47 AVENUE,Red Deer,AB,T4N 3P7,T4N 3P7,identical_after_norm,/daycare/helping-me-grow-wichinahin-kohopikiwan-64721b5d,/daycare/helping-me-grow-wichinahin-kohopikiwan-A0E62505,mx_copy_of_bundled|high_same_street
joseph-welsh-school-age-program-122bff11,mx-b848122bff11,mx,joseph-welsh-school-age-program-979C348B,ab-2138979C348B,Joseph Welsh School Age Program,JOSEPH WELSH SCHOOL AGE PROGRAM,4401 - 37 AVENUE,4401 - 37 AVENUE,Red Deer,AB,T4N 2T5,T4N 2T5,identical_after_norm,/daycare/joseph-welsh-school-age-program-122bff11,/daycare/joseph-welsh-school-age-program-979C348B,mx_copy_of_bundled|high_same_street
kerry-wood-nature-centre-nature-nursery-a6c58118,mx-3e50a6c58118,mx,kerry-wood-nature-centre-nature-nursery-4F435BB2,ab-76E24F435BB2,Kerry Wood Nature Centre Nature Nursery,KERRY WOOD NATURE CENTRE NATURE NURSERY,6300 - 45 AVENUE,6300 - 45 AVENUE,Red Deer,AB,T4N 3M4,T4N 3M4,identical_after_norm,/daycare/kerry-wood-nature-centre-nature-nursery-a6c58118,/daycare/kerry-wood-nature-centre-nature-nursery-4F435BB2,mx_copy_of_bundled|high_same_street
le-calin-des-anges-aa959c02,mx-ff32aa959c02,mx,le-calin-des-anges-6BDF4E31,ab-5B606BDF4E31,Le Calin Des Anges,LE CALIN DES ANGES,"#1, 5202-54 AVE","#1, 5202-54 AVE",Red Deer,AB,T4N 5K8,T4N 5K8,identical_after_norm,/daycare/le-calin-des-anges-aa959c02,/daycare/le-calin-des-anges-6BDF4E31,mx_copy_of_bundled|high_same_street
le-pays-des-jeux-2f6e3dfc,mx-f07f2f6e3dfc,mx,le-pays-des-jeux-216D0598,ab-DE05216D0598,Le Pays Des Jeux,LE PAYS DES JEUX,4810 34 ST,4810 34 ST,Red Deer,AB,T4N 6K6,T4N 6K6,identical_after_norm,/daycare/le-pays-des-jeux-2f6e3dfc,/daycare/le-pays-des-jeux-216D0598,mx_copy_of_bundled|high_same_street
little-pioneers-christian-childcare-center-8ba3864f,mx-500f8ba3864f,mx,little-pioneers-christian-childcare-center-296E0D2A,ab-3715296E0D2A,Little Pioneers Christian Childcare Center,LITTLE PIONEERS CHRISTIAN CHILDCARE CENTER,4829 53 STREET,4829 53 STREET,Red Deer,AB,T4N 2E7,T4N 2E7,identical_after_norm,/daycare/little-pioneers-christian-childcare-center-8ba3864f,/daycare/little-pioneers-christian-childcare-center-296E0D2A,mx_copy_of_bundled|high_same_street
lumikids-22d15063,mx-22b822d15063,mx,lumikids-C23EBBD9,ab-E2D9C23EBBD9,Lumikids,LUMIKIDS,#110 4617 62 ST,#110 4617 62 ST,Red Deer,AB,T4N 2R4,T4N 2R4,identical_after_norm,/daycare/lumikids-22d15063,/daycare/lumikids-C23EBBD9,mx_copy_of_bundled|high_same_street
maryview-childcare-2d3a2727,mx-d4812d3a2727,mx,maryview-childcare-7B17DD8E,ab-1BA17B17DD8E,Maryview Childcare,MARYVIEW CHILDCARE,3829 39 STREET,3829 39 STREET,Red Deer,AB,T4N 0Y6,T4N 0Y6,identical_after_norm,/daycare/maryview-childcare-2d3a2727,/daycare/maryview-childcare-7B17DD8E,mx_copy_of_bundled|high_same_street
mountview-school-age-program-46ebf098,mx-7ee846ebf098,mx,mountview-school-age-program-CA1FBC96,ab-5320CA1FBC96,Mountview School Age Program,MOUNTVIEW SCHOOL AGE PROGRAM,4331 - 34 STREET,4331 - 34 STREET,Red Deer,AB,T4N 0N9,T4N 0N9,identical_after_norm,/daycare/mountview-school-age-program-46ebf098,/daycare/mountview-school-age-program-CA1FBC96,mx_copy_of_bundled|high_same_street
park-plaza-child-care-c5dd3159,mx-b3dcc5dd3159,mx,park-plaza-child-care-81865153,ab-888981865153,Park Plaza Child Care,PARK PLAZA CHILD CARE,"UNIT 202, 5214 47 AVENUE","UNIT 202, 5214 47 AVENUE",Red Deer,AB,T4N 5E8,T4N 5E8,identical_after_norm,/daycare/park-plaza-child-care-c5dd3159,/daycare/park-plaza-child-care-81865153,mx_copy_of_bundled|high_same_street
red-deer-gymnastic-association-28541103,mx-f51728541103,mx,red-deer-gymnastic-association-EBDE6DB3,ab-383EEBDE6DB3,Red Deer Gymnastic Association,RED DEER GYMNASTIC ASSOCIATION,3031 - 30 AVENUE,3031 - 30 AVENUE,Red Deer,AB,T4R 2Z7,T4R 2Z7,identical_after_norm,/daycare/red-deer-gymnastic-association-28541103,/daycare/red-deer-gymnastic-association-EBDE6DB3,mx_copy_of_bundled|high_same_street
red-deer-montessori-c8021aeb,mx-cab3c8021aeb,mx,red-deer-montessori-17D53CED,ab-189417D53CED,Red Deer Montessori,RED DEER MONTESSORI,C9 5580 45 STREET,C9 5580 45 STREET,Red Deer,AB,T4N 1L1,T4N 1L1,identical_after_norm,/daycare/red-deer-montessori-c8021aeb,/daycare/red-deer-montessori-17D53CED,mx_copy_of_bundled|high_same_street
st-martin-s-school-age-program-734c34ce,mx-67e8734c34ce,mx,st-martin-s-school-age-program-78EDEF15,ab-960778EDEF15,St. Martin'S School Age Program,ST. MARTIN'S SCHOOL AGE PROGRAM,3911 57A AVENUE,3911 57A AVENUE,Red Deer,AB,T4N 3Z5,T4N 3Z5,identical_after_norm,/daycare/st-martin-s-school-age-program-734c34ce,/daycare/st-martin-s-school-age-program-78EDEF15,mx_copy_of_bundled|high_same_street
stepping-stones-montessori-golden-circle-53e9080d,mx-abae53e9080d,mx,stepping-stones-montessori-golden-circle-5054708B,ab-E4275054708B,Stepping Stones Montessori - Golden Circle,STEPPING STONES MONTESSORI - GOLDEN CIRCLE,4620 47 AVE,4620 47 AVE,Red Deer,AB,T4N 6C3,T4N 6C3,identical_after_norm,/daycare/stepping-stones-montessori-golden-circle-53e9080d,/daycare/stepping-stones-montessori-golden-circle-5054708B,mx_copy_of_bundled|high_same_street
vista-grande-school-age-program-de0af235,mx-3bf9de0af235,mx,vista-grande-school-age-program-9F8CDDA8,ab-99CC9F8CDDA8,Vista Grande School Age Program,VISTA GRANDE SCHOOL AGE PROGRAM,4145 46 ST,4145 46 ST,Red Deer,AB,T4N 3C5,T4N 3C5,identical_after_norm,/daycare/vista-grande-school-age-program-de0af235,/daycare/vista-grande-school-age-program-9F8CDDA8,mx_copy_of_bundled|high_same_street
westpark-school-age-program-db4343a3,mx-cd9bdb4343a3,mx,westpark-school-age-program-D8BB86EC,ab-1E7ED8BB86EC,Westpark School Age Program,WESTPARK SCHOOL AGE PROGRAM,3814 - 55 AVENUE,3814 - 55 AVENUE,Red Deer,AB,T4N 4N3,T4N 4N3,identical_after_norm,/daycare/westpark-school-age-program-db4343a3,/daycare/westpark-school-age-program-D8BB86EC,mx_copy_of_bundled|high_same_street
wonderflow-school-house-5929b47c,mx-e8bb5929b47c,mx,wonderflow-school-house-C8DB165B,ab-114AC8DB165B,Wonderflow School House,WONDERFLOW SCHOOL HOUSE,5439 47 STREET,5439 47 STREET,Red Deer,AB,T4N 1S1,T4N 1S1,identical_after_norm,/daycare/wonderflow-school-house-5929b47c,/daycare/wonderflow-school-house-C8DB165B,mx_copy_of_bundled|high_same_street
woodlea-child-care-e68176a1,mx-1d40e68176a1,mx,woodlea-child-care-192BC3E6,ab-EA1F192BC3E6,Woodlea Child Care,WOODLEA CHILD CARE,4201 - 58 STREET,4201 - 58 STREET,Red Deer,AB,T4N 3Z5,T4N 3Z5,identical_after_norm,/daycare/woodlea-child-care-e68176a1,/daycare/woodlea-child-care-192BC3E6,mx_copy_of_bundled|high_same_street
little-steps-development-centre-f8b7ed74,mx-3f6df8b7ed74,mx,little-steps-development-centre-50B23A04,ab-EB8D50B23A04,Little Steps Development Centre,LITTLE STEPS DEVELOPMENT CENTRE,4611 54 AVENUE,4611 54 AVENUE,Redwater,AB,T0A 2W0,T0A 2W0,identical_after_norm,/daycare/little-steps-development-centre-f8b7ed74,/daycare/little-steps-development-centre-50B23A04,mx_copy_of_bundled|high_same_street
bgc-wolf-creek-rimbey-0c5b00a3,mx-adb70c5b00a3,mx,bgc-wolf-creek-rimbey-EAE0D651,ab-1B54EAE0D651,Bgc Wolf Creek Rimbey,BGC WOLF CREEK RIMBEY,5302 52 STREET,5302 52 STREET,Rimbey,AB,T0C 2J0,T0C 2J0,identical_after_norm,/daycare/bgc-wolf-creek-rimbey-0c5b00a3,/daycare/bgc-wolf-creek-rimbey-EAE0D651,mx_copy_of_bundled|high_same_street
fingerprints-discovery-preschool-501fc90e,mx-dd49501fc90e,mx,fingerprints-discovery-preschool-D043DC42,ab-4BAAD043DC42,Fingerprints Discovery Preschool,FINGERPRINTS DISCOVERY PRESCHOOL,4522 54 AVENUE,4522 54 AVENUE,Rimbey,AB,T0C 2J0,T0C 2J0,identical_after_norm,/daycare/fingerprints-discovery-preschool-501fc90e,/daycare/fingerprints-discovery-preschool-D043DC42,mx_copy_of_bundled|high_same_street
rimbey-nursery-school-efbd3a7a,mx-786aefbd3a7a,mx,rimbey-nursery-school-5732B109,ab-A5E95732B109,Rimbey Nursery School,RIMBEY NURSERY SCHOOL,5109 54 STREET,5109 54 STREET,Rimbey,AB,T0C 2J0,T0C 2J0,identical_after_norm,/daycare/rimbey-nursery-school-efbd3a7a,/daycare/rimbey-nursery-school-5732B109,mx_copy_of_bundled|high_same_street
asuni-wahchi-awasisuk-aboriginal-head-start-ec423b42,mx-a3bbec423b42,mx,asuni-wahchi-awasisuk-aboriginal-head-start-5FFED3D0,ab-408C5FFED3D0,Asuni Wahchi Awasisuk Aboriginal Head Start,ASUNI WAHCHI AWASISUK ABORIGINAL HEAD START,4706-46 STREET,4706-46 STREET,Rocky Mountain House,AB,T4T 1C5,T4T 1C5,identical_after_norm,/daycare/asuni-wahchi-awasisuk-aboriginal-head-start-ec423b42,/daycare/asuni-wahchi-awasisuk-aboriginal-head-start-5FFED3D0,mx_copy_of_bundled|high_same_street
community-connections-child-care-centre-2e70ed3b,mx-2e7e2e70ed3b,mx,community-connections-child-care-centre-AAAECFAC,ab-C4D3AAAECFAC,Community Connections Child Care Centre,COMMUNITY CONNECTIONS CHILD CARE CENTRE,5108 50 STREET,5108 50 STREET,Rocky Mountain House,AB,T4T 1G7,T4T 1G7,identical_after_norm,/daycare/community-connections-child-care-centre-2e70ed3b,/daycare/community-connections-child-care-centre-AAAECFAC,mx_copy_of_bundled|high_same_street
cookie-jar-preschool-31a18997,mx-a45e31a18997,mx,cookie-jar-preschool-A729C0F3,ab-B5D4A729C0F3,Cookie Jar Preschool,COOKIE JAR PRESCHOOL,4604 - 49 AVENUE,4604 - 49 AVENUE,Rocky Mountain House,AB,T4T 1E1,T4T 1E1,identical_after_norm,/daycare/cookie-jar-preschool-31a18997,/daycare/cookie-jar-preschool-A729C0F3,mx_copy_of_bundled|high_same_street
immanuel-lutheran-playschool-f21de4d7,mx-4c5bf21de4d7,mx,immanuel-lutheran-playschool-78C1A7B9,ab-7B6578C1A7B9,Immanuel Lutheran Playschool,IMMANUEL LUTHERAN PLAYSCHOOL,5236 - 54 STREET,5236 - 54 STREET,Rocky Mountain House,AB,T4T 1H2,T4T 1H2,identical_after_norm,/daycare/immanuel-lutheran-playschool-f21de4d7,/daycare/immanuel-lutheran-playschool-78C1A7B9,mx_copy_of_bundled|high_same_street
kidz-in-the-rockies-ltd-cb4953f4,mx-a806cb4953f4,mx,kidz-in-the-rockies-ltd-DB480335,ab-63A1DB480335,Kidz In The Rockies Ltd,KIDZ IN THE ROCKIES LTD,106-4809 47 AVENUE,106-4809 47 AVENUE,Rocky Mountain House,AB,T4T 1C8,T4T 1C8,identical_after_norm,/daycare/kidz-in-the-rockies-ltd-cb4953f4,/daycare/kidz-in-the-rockies-ltd-DB480335,mx_copy_of_bundled|high_same_street
learn-n-laugh-out-of-school-care-83488b9b,mx-230983488b9b,mx,learn-n-laugh-out-of-school-care-078221D8,ab-4E83078221D8,Learn 'N' Laugh Out Of School Care,LEARN 'N' LAUGH OUT OF SCHOOL CARE,5735 - 58 STREET,5735 - 58 STREET,Rocky Mountain House,AB,T4T 1S2,T4T 1S2,identical_after_norm,/daycare/learn-n-laugh-out-of-school-care-83488b9b,/daycare/learn-n-laugh-out-of-school-care-078221D8,mx_copy_of_bundled|high_same_street
the-nurture-tree-31ff2984,mx-4fda31ff2984,mx,the-nurture-tree-216F7FD2,ab-7ED4216F7FD2,The Nurture Tree,THE NURTURE TREE,4607 44 AVE,4607 44 AVE,Rocky Mountain House,AB,T4T 1S4,T4T 1S4,identical_after_norm,/daycare/the-nurture-tree-31ff2984,/daycare/the-nurture-tree-216F7FD2,mx_copy_of_bundled|high_same_street
sangudo-children-s-academy-and-daycare-effcfa81,mx-bc7feffcfa81,mx,sangudo-children-s-academy-daycare-EBE53206,ab-B031EBE53206,Sangudo Children'S Academy & Daycare,SANGUDO CHILDREN'S ACADEMY & DAYCARE,5131-53 AVENUE,5131-53 AVENUE,Sangudo,AB,T0E 2A0,T0E 2A0,identical_after_norm,/daycare/sangudo-children-s-academy-and-daycare-effcfa81,/daycare/sangudo-children-s-academy-daycare-EBE53206,mx_copy_of_bundled|high_same_street
sedgewick-playschool-07a83a8f,mx-60e007a83a8f,mx,sedgewick-playschool-F32F8C7B,ab-6A53F32F8C7B,Sedgewick Playschool,SEDGEWICK PLAYSCHOOL,5301 51 AVENUE,5301 51 AVENUE,Sedgewick,AB,T0B 4C0,T0B 4C0,identical_after_norm,/daycare/sedgewick-playschool-07a83a8f,/daycare/sedgewick-playschool-F32F8C7B,mx_copy_of_bundled|high_same_street
sexsmith-child-development-centre-63e70866,mx-268463e70866,mx,sexsmith-child-development-centre-977C9E96,ab-2689977C9E96,Sexsmith Child Development Centre,SEXSMITH CHILD DEVELOPMENT CENTRE,9802-93 STREET,9802-93 STREET,Sexsmith,AB,T0H 3C0,T0H 3C0,identical_after_norm,/daycare/sexsmith-child-development-centre-63e70866,/daycare/sexsmith-child-development-centre-977C9E96,mx_copy_of_bundled|high_same_street
sexsmith-child-development-centre-st-mary-s-c6e480b6,mx-da3ec6e480b6,mx,sexsmith-child-development-centre-st-mary-s-C0CE76C2,ab-0384C0CE76C2,Sexsmith Child Development Centre-St.Mary'S,SEXSMITH CHILD DEVELOPMENT CENTRE-ST.MARY'S,9001 - 103 STREET,9001 - 103 STREET,Sexsmith,AB,T0H 3C0,T0H 3C0,identical_after_norm,/daycare/sexsmith-child-development-centre-st-mary-s-c6e480b6,/daycare/sexsmith-child-development-centre-st-mary-s-C0CE76C2,mx_copy_of_bundled|high_same_street
sexsmith-playschool-00ea08a9,mx-e40100ea08a9,mx,sexsmith-playschool-0E3ED25E,ab-F70A0E3ED25E,Sexsmith Playschool,SEXSMITH PLAYSCHOOL,9802 103 STREET,9802 103 STREET,Sexsmith,AB,T0H 3C0,T0H 3C0,identical_after_norm,/daycare/sexsmith-playschool-00ea08a9,/daycare/sexsmith-playschool-0E3ED25E,mx_copy_of_bundled|high_same_street
hak-great-beginnings-cee40281,mx-9f1fcee40281,mx,hak-great-beginnings-05C6FE41,ab-133305C6FE41,Hak Great Beginnings,HAK GREAT BEGINNINGS,4815 54 AVENUE,4815 54 AVENUE,Smoky Lake,AB,T0A 3C0,T0A 3C0,identical_after_norm,/daycare/hak-great-beginnings-cee40281,/daycare/hak-great-beginnings-05C6FE41,mx_copy_of_bundled|high_same_street
smoky-lake-community-daycare-cooperative-school-location-pumpkin-patch-c990582d,mx-ef9ec990582d,mx,smoky-lake-community-daycare-cooperative-school--F7D8DBBF,ab-1B4CF7D8DBBF,Smoky Lake Community Daycare Cooperative School Location Pumpkin Patch,SMOKY LAKE COMMUNITY DAYCARE COOPERATIVE SCHOOL LOCATION PUMPKIN PATCH,4803 54 AVE,4803 54 AVE,Smoky Lake,AB,T0A 3C0,T0A 3C0,identical_after_norm,/daycare/smoky-lake-community-daycare-cooperative-school-location-pumpkin-patch-c990582d,/daycare/smoky-lake-community-daycare-cooperative-school--F7D8DBBF,mx_copy_of_bundled|high_same_street
spruce-view-playschool-program-b3bb4ab6,mx-50d4b3bb4ab6,mx,spruce-view-playschool-program-65C8CA02,ab-CB3D65C8CA02,Spruce View Playschool Program,SPRUCE VIEW PLAYSCHOOL PROGRAM,SPRUCE VIEW SCHOOL BOX 130,SPRUCE VIEW SCHOOL BOX 130,Spruce View,AB,T0M 1V0,T0M 1V0,identical_after_norm,/daycare/spruce-view-playschool-program-b3bb4ab6,/daycare/spruce-view-playschool-program-65C8CA02,mx_copy_of_bundled|high_same_postal
bgc-st-paul-4d62c90a,mx-378e4d62c90a,mx,bgc-st-paul-B8458CEF,ab-DCC4B8458CEF,Bgc St. Paul,BGC ST. PAUL,4821-50 AVE,4821-50 AVE,St. Paul,AB,T0A 3A1,T0A 3A1,identical_after_norm,/daycare/bgc-st-paul-4d62c90a,/daycare/bgc-st-paul-B8458CEF,mx_copy_of_bundled|high_same_street
friends-of-playschool-2725c5fb,mx-af5d2725c5fb,mx,friends-of-playschool-452FBCD9,ab-E0A5452FBCD9,Friends Of Playschool,FRIENDS OF PLAYSCHOOL,4701 44 STREET,4701 44 STREET,St. Paul,AB,T0A 3A3,T0A 3A3,identical_after_norm,/daycare/friends-of-playschool-2725c5fb,/daycare/friends-of-playschool-452FBCD9,mx_copy_of_bundled|high_same_street
la-garderie-les-petits-oursons-ae301b7b,mx-73deae301b7b,mx,la-garderie-les-petits-oursons-5251807F,ab-6C275251807F,La Garderie Les Petits Oursons,LA GARDERIE LES PETITS OURSONS,4617-50 AVE,4617-50 AVE,St. Paul,AB,T0A 3A0,T0A 3A0,identical_after_norm,/daycare/la-garderie-les-petits-oursons-ae301b7b,/daycare/la-garderie-les-petits-oursons-5251807F,mx_copy_of_bundled|high_same_street
tlc-daycare-39572af7,mx-ec2539572af7,mx,tlc-daycare-1FBCDC90,ab-66201FBCDC90,Tlc Daycare,TLC DAYCARE,5201-50 ST,5201-50 ST,St. Paul,AB,T0A 3A1,T0A 3A1,identical_after_norm,/daycare/tlc-daycare-39572af7,/daycare/tlc-daycare-1FBCDC90,mx_copy_of_bundled|high_same_street
stavely-playschool-fdb9669d,mx-3e26fdb9669d,mx,stavely-playschool-5277A955,ab-F4985277A955,Stavely Playschool,STAVELY PLAYSCHOOL,5031 - 48 AVE,5031 - 48 AVE,Stavely,AB,T0L 1Z0,T0L 1Z0,identical_after_norm,/daycare/stavely-playschool-fdb9669d,/daycare/stavely-playschool-5277A955,mx_copy_of_bundled|high_same_street
sharebear-playschool-59335d2e,mx-073659335d2e,mx,sharebear-playschool-D32ED20C,ab-86D1D32ED20C,Sharebear Playschool,SHAREBEAR PLAYSCHOOL,4720 52 STREET,4720 52 STREET,Stettler,AB,T0C 2L1,T0C 2L1,identical_after_norm,/daycare/sharebear-playschool-59335d2e,/daycare/sharebear-playschool-D32ED20C,mx_copy_of_bundled|high_same_street
bright-minds-daycare-d5db0bf5,mx-c5f6d5db0bf5,mx,bright-minds-daycare-3A25EE51,ab-4DBD3A25EE51,Bright Minds Daycare,BRIGHT MINDS DAYCARE,103/108 3805 49 AVENUE,103/108 3805 49 AVENUE,Stony Plain,AB,T7Z 2J7,T7Z 2J7,identical_after_norm,/daycare/bright-minds-daycare-d5db0bf5,/daycare/bright-minds-daycare-3A25EE51,mx_copy_of_bundled|high_same_street
happy-hive-daycare-and-osc-9a6ed606,mx-3f859a6ed606,mx,happy-hive-daycare-osc-36EA2870,ab-8A1B36EA2870,Happy Hive Daycare & Osc,HAPPY HIVE DAYCARE & OSC,5002 50 ST,5002 50 ST,Stony Plain,AB,T7Z 1T2,T7Z 1T2,identical_after_norm,/daycare/happy-hive-daycare-and-osc-9a6ed606,/daycare/happy-hive-daycare-osc-36EA2870,mx_copy_of_bundled|high_same_street
kids-play-day-care-98190196,mx-38b398190196,mx,kids-play-day-care-1B8437BA,ab-D3B31B8437BA,Kids @ Play Day Care,KIDS @ PLAY DAY CARE,#208 4201 28 STREET,#208 4201 28 STREET,Stony Plain,AB,T7Z 0K3,T7Z 0K3,identical_after_norm,/daycare/kids-play-day-care-98190196,/daycare/kids-play-day-care-1B8437BA,mx_copy_of_bundled|high_same_street
little-footsteps-daycare-inc-1724ba55,mx-2fa31724ba55,mx,little-footsteps-daycare-inc-06BCF540,ab-33C806BCF540,Little Footsteps Daycare Inc.,LITTLE FOOTSTEPS DAYCARE INC.,4913 52 AVENUE,4913 52 AVENUE,Stony Plain,AB,T7Z 1V2,T7Z 1V2,identical_after_norm,/daycare/little-footsteps-daycare-inc-1724ba55,/daycare/little-footsteps-daycare-inc-06BCF540,mx_copy_of_bundled|high_same_street
meridian-before-and-after-school-care-178219af,mx-682e178219af,mx,meridian-before-after-school-care-68991895,ab-919C68991895,Meridian Before & After School Care,MERIDIAN BEFORE & AFTER SCHOOL CARE,4119 43 STREET,4119 43 STREET,Stony Plain,AB,T7Z 1R2,T7Z 1R2,identical_after_norm,/daycare/meridian-before-and-after-school-care-178219af,/daycare/meridian-before-after-school-care-68991895,mx_copy_of_bundled|high_same_street
my-happy-place-daycare-9fc42ee0,mx-3aa69fc42ee0,mx,my-happy-place-daycare-A04D3B1F,ab-C4DCA04D3B1F,My Happy Place Daycare,MY HAPPY PLACE DAYCARE,119 4911 44 AVE,119 4911 44 AVE,Stony Plain,AB,T7Z 1V5,T7Z 1V5,identical_after_norm,/daycare/my-happy-place-daycare-9fc42ee0,/daycare/my-happy-place-daycare-A04D3B1F,mx_copy_of_bundled|high_same_street
parkland-early-learning-playschool-society-fa7fd5e5,mx-521efa7fd5e5,mx,parkland-early-learning-playschool-society-D08F67D4,ab-AE6BD08F67D4,Parkland Early Learning Playschool Society,PARKLAND EARLY LEARNING PLAYSCHOOL SOCIETY,"#101, 4613 52 AVENUE","#101, 4613 52 AVENUE",Stony Plain,AB,T7Z 1E7,T7Z 1E7,identical_after_norm,/daycare/parkland-early-learning-playschool-society-fa7fd5e5,/daycare/parkland-early-learning-playschool-society-D08F67D4,mx_copy_of_bundled|high_same_street
pitter-patter-preschool-6c0b72c8,mx-b87e6c0b72c8,mx,pitter-patter-preschool-1121054C,ab-887B1121054C,Pitter-Patter Preschool,PITTER-PATTER PRESCHOOL,"100, 3201 43 AVENUE","100, 3201 43 AVENUE",Stony Plain,AB,T7Z 1L1,T7Z 1L1,identical_after_norm,/daycare/pitter-patter-preschool-6c0b72c8,/daycare/pitter-patter-preschool-1121054C,mx_copy_of_bundled|high_same_street
real-heroes-learning-centre-bd834d23,mx-1fd7bd834d23,mx,real-heroes-learning-centre-B520CAD7,ab-606AB520CAD7,Real Heroes Learning Centre,REAL HEROES LEARNING CENTRE,UNIT 107- 4620 48 STREET,UNIT 107- 4620 48 STREET,Stony Plain,AB,T7Z 1L4,T7Z 1L4,identical_after_norm,/daycare/real-heroes-learning-centre-bd834d23,/daycare/real-heroes-learning-centre-B520CAD7,mx_copy_of_bundled|high_same_street
star-bright-day-care-and-nursery-ltd-c2cd4659,mx-aff7c2cd4659,mx,star-bright-day-care-nursery-ltd-11D14A9A,ab-AB5611D14A9A,Star Bright Day Care & Nursery Ltd.,STAR BRIGHT DAY CARE & NURSERY LTD.,4823 47 AVE,4823 47 AVE,Stony Plain,AB,T7Z 1L7,T7Z 1L7,identical_after_norm,/daycare/star-bright-day-care-and-nursery-ltd-c2cd4659,/daycare/star-bright-day-care-nursery-ltd-11D14A9A,mx_copy_of_bundled|high_same_street
stony-plain-childcare-place-162a36ed,mx-1a06162a36ed,mx,stony-plain-childcare-place-0C52B914,ab-2D250C52B914,Stony Plain Childcare Place,STONY PLAIN CHILDCARE PLACE,4919 47 AVE,4919 47 AVE,Stony Plain,AB,T7Z 1L7,T7Z 1L7,identical_after_norm,/daycare/stony-plain-childcare-place-162a36ed,/daycare/stony-plain-childcare-place-0C52B914,mx_copy_of_bundled|high_same_street
young-champions-daycare-100840d9,mx-c88f100840d9,mx,young-champions-daycare-C7242B0D,ab-01B5C7242B0D,Young Champions Daycare,YOUNG CHAMPIONS DAYCARE,5007 48 STREET,5007 48 STREET,Stony Plain,AB,T7Z 1L8,T7Z 1L8,identical_after_norm,/daycare/young-champions-daycare-100840d9,/daycare/young-champions-daycare-C7242B0D,mx_copy_of_bundled|high_same_street
c-o-r-e-creating-opportunities-to-reach-excellence-6b090b23,mx-dc3f6b090b23,mx,c-o-r-e-creating-opportunities-to-reach-excellen-EEAE30C1,ab-ED65EEAE30C1,C.O.R.E. Creating Opportunities To Reach Excellence,C.O.R.E. CREATING OPPORTUNITIES TO REACH EXCELLENCE,206 - 2 AVENUE,206 - 2 AVENUE,Strathmore,AB,T1P 1K1,T1P 1K1,identical_after_norm,/daycare/c-o-r-e-creating-opportunities-to-reach-excellence-6b090b23,/daycare/c-o-r-e-creating-opportunities-to-reach-excellen-EEAE30C1,mx_copy_of_bundled|high_same_street
kids-connection-strathmore-e0e9acaa,mx-4493e0e9acaa,mx,kids-connection-strathmore-BEDCFE34,ab-17B8BEDCFE34,Kids Connection Strathmore,KIDS CONNECTION STRATHMORE,710 2 STREET,710 2 STREET,Strathmore,AB,T1P 1K4,T1P 1K4,identical_after_norm,/daycare/kids-connection-strathmore-e0e9acaa,/daycare/kids-connection-strathmore-BEDCFE34,mx_copy_of_bundled|high_same_street
toddle-inn-day-care-society-442927c0,mx-c07c442927c0,mx,toddle-inn-day-care-society-A94BCCE9,ab-A913A94BCCE9,Toddle Inn Day Care Society,TODDLE INN DAY CARE SOCIETY,309 - 2 AVENUE,309 - 2 AVENUE,Strathmore,AB,T1P 1B3,T1P 1B3,identical_after_norm,/daycare/toddle-inn-day-care-society-442927c0,/daycare/toddle-inn-day-care-society-A94BCCE9,mx_copy_of_bundled|high_same_street
cp-kidz-club-dd618843,mx-8915dd618843,mx,cp-kidz-club-01374EA5,ab-E23701374EA5,Cp Kidz Club,CP KIDZ CLUB,4815 43 STREET,4815 43 STREET,Sylvan Lake,AB,T4S 1A3,T4S 1A3,identical_after_norm,/daycare/cp-kidz-club-dd618843,/daycare/cp-kidz-club-01374EA5,mx_copy_of_bundled|high_same_street
free-spirits-childcare-incorporated-bcb00976,mx-df4cbcb00976,mx,free-spirits-childcare-incorporated-1CE6FE2D,ab-54D51CE6FE2D,Free Spirits Childcare Incorporated,FREE SPIRITS CHILDCARE INCORPORATED,5024 50A STREET,5024 50A STREET,Sylvan Lake,AB,T4S 1E1,T4S 1E1,identical_after_norm,/daycare/free-spirits-childcare-incorporated-bcb00976,/daycare/free-spirits-childcare-incorporated-1CE6FE2D,mx_copy_of_bundled|high_same_street
house-of-music-creative-arts-preschool-f4132f5f,mx-579bf4132f5f,mx,house-of-music-creative-arts-preschool-AF11C89B,ab-57EFAF11C89B,House Of Music: Creative Arts Preschool,HOUSE OF MUSIC: CREATIVE ARTS PRESCHOOL,4719 46 STREET,4719 46 STREET,Sylvan Lake,AB,T4S 1N3,T4S 1N3,identical_after_norm,/daycare/house-of-music-creative-arts-preschool-f4132f5f,/daycare/house-of-music-creative-arts-preschool-AF11C89B,mx_copy_of_bundled|high_same_street
kcs-association-993b864c,mx-235b993b864c,mx,kcs-association-64623DDB,ab-428C64623DDB,Kcs Association,KCS ASSOCIATION,4725 43 STREET,4725 43 STREET,Sylvan Lake,AB,T4S 1M3,T4S 1M3,identical_after_norm,/daycare/kcs-association-993b864c,/daycare/kcs-association-64623DDB,mx_copy_of_bundled|high_same_street
steffie-kidz-club-64349064,mx-2f1064349064,mx,steffie-kidz-club-15A4E320,ab-2FCC15A4E320,Steffie Kidz Club,STEFFIE KIDZ CLUB,4720 45 AVE,4720 45 AVE,Sylvan Lake,AB,T4S 1A5,T4S 1A5,identical_after_norm,/daycare/steffie-kidz-club-64349064,/daycare/steffie-kidz-club-15A4E320,mx_copy_of_bundled|high_same_street
stepping-stones-montessori-sylvan-6ab00f27,mx-4cc46ab00f27,mx,stepping-stones-montessori-sylvan-F25C5E17,ab-4980F25C5E17,Stepping Stones Montessori - Sylvan,STEPPING STONES MONTESSORI - SYLVAN,5020 48 STREET,5020 48 STREET,Sylvan Lake,AB,T4S 1C6,T4S 1C6,identical_after_norm,/daycare/stepping-stones-montessori-sylvan-6ab00f27,/daycare/stepping-stones-montessori-sylvan-F25C5E17,mx_copy_of_bundled|high_same_street
corrine-jensen-f20f4334,mx-bd13f20f4334,mx,corrine-jensen-6615EA73,ab-74356615EA73,Corrine Jensen,CORRINE JENSEN,3902-53 STREET,3902-53 STREET,Taber,AB,T1G 1G6,T1G 1G6,identical_after_norm,/daycare/corrine-jensen-f20f4334,/daycare/corrine-jensen-6615EA73,mx_copy_of_bundled|high_same_street
kid-zone-taber-kidlet-9bc0b411,mx-cfbf9bc0b411,mx,kid-zone-taber-kidlet-FEBB4374,ab-DBC5FEBB4374,Kid Zone Taber Kidlet,KID ZONE TABER KIDLET,5406 - 50 AVENUE,5406 - 50 AVENUE,Taber,AB,T1G 2C8,T1G 2C8,identical_after_norm,/daycare/kid-zone-taber-kidlet-9bc0b411,/daycare/kid-zone-taber-kidlet-FEBB4374,mx_copy_of_bundled|high_same_street
kid-zone-taber-kidzapp-074d1900,mx-01d7074d1900,mx,kid-zone-taber-kidzapp-A255CC38,ab-86D0A255CC38,Kid Zone Taber Kidzapp,KID ZONE TABER KIDZAPP,5335 47 AVE,5335 47 AVE,Taber,AB,T1G 1R4,T1G 1R4,identical_after_norm,/daycare/kid-zone-taber-kidzapp-074d1900,/daycare/kid-zone-taber-kidzapp-A255CC38,mx_copy_of_bundled|high_same_street
taber-child-care-centre-society-e63dee3b,mx-0b78e63dee3b,mx,taber-child-care-centre-society-03F13D05,ab-6F9403F13D05,Taber Child Care Centre Society,TABER CHILD CARE CENTRE SOCIETY,6008 - 55 STREET,6008 - 55 STREET,Taber,AB,T1G 1K3,T1G 1K3,identical_after_norm,/daycare/taber-child-care-centre-society-e63dee3b,/daycare/taber-child-care-centre-society-03F13D05,mx_copy_of_bundled|high_same_street
taber-child-care-osc-f9f1d958,mx-c482f9f1d958,mx,taber-child-care-osc-780F16B3,ab-B4B7780F16B3,Taber Child Care Osc,TABER CHILD CARE OSC,5302 48 STREET,5302 48 STREET,Taber,AB,T1G 1H3,T1G 1H3,identical_after_norm,/daycare/taber-child-care-osc-f9f1d958,/daycare/taber-child-care-osc-780F16B3,mx_copy_of_bundled|high_same_street
thorsby-tiny-tots-playschool-4f711aa2,mx-69a44f711aa2,mx,thorsby-tiny-tots-playschool-368BDEE6,ab-25CF368BDEE6,Thorsby Tiny Tots Playschool,THORSBY TINY TOTS PLAYSCHOOL,4901 48 AVENUE,4901 48 AVENUE,Thorsby,AB,T0C 2P0,T0C 2P0,identical_after_norm,/daycare/thorsby-tiny-tots-playschool-4f711aa2,/daycare/thorsby-tiny-tots-playschool-368BDEE6,mx_copy_of_bundled|high_same_street
c-w-sears-school-prek-63baa206,mx-784563baa206,mx,c-w-sears-school-prek-240B2D94,ab-6764240B2D94,C.W. Sears School Prek,C.W. SEARS SCHOOL PREK,5716 47 STREET,5716 47 STREET,Tofield,AB,T0B 4J0,T0B 4J0,identical_after_norm,/daycare/c-w-sears-school-prek-63baa206,/daycare/c-w-sears-school-prek-240B2D94,mx_copy_of_bundled|high_same_street
sonshine-daycare-69b48ef9,mx-0d5f69b48ef9,mx,sonshine-daycare-FEF9C0DE,ab-519EFEF9C0DE,Sonshine Daycare,SONSHINE DAYCARE,5830 51 STREET,5830 51 STREET,Tofield,AB,T0B 4J0,T0B 4J0,identical_after_norm,/daycare/sonshine-daycare-69b48ef9,/daycare/sonshine-daycare-FEF9C0DE,mx_copy_of_bundled|high_same_street
twinkles-daycare-and-osc-49cc7b00,mx-fe9e49cc7b00,mx,twinkles-daycare-osc-0D90AD75,ab-ED110D90AD75,Twinkles Daycare & Osc,TWINKLES DAYCARE & OSC,5015 53 AVENUE,5015 53 AVENUE,Tofield,AB,T0B 4J0,T0B 4J0,identical_after_norm,/daycare/twinkles-daycare-and-osc-49cc7b00,/daycare/twinkles-daycare-osc-0D90AD75,mx_copy_of_bundled|high_same_street
two-hills-play-development-2e6e227f,mx-311e2e6e227f,mx,two-hills-play-development-481324BC,ab-25B9481324BC,Two Hills Play Development,TWO HILLS PLAY DEVELOPMENT,4806-51 AVE,4806-51 AVE,Two Hills,AB,T0B 4K0,T0B 4K0,identical_after_norm,/daycare/two-hills-play-development-2e6e227f,/daycare/two-hills-play-development-481324BC,mx_copy_of_bundled|high_same_street
two-hills-preschool-75009e50,mx-281775009e50,mx,two-hills-preschool-D5C0008C,ab-083DD5C0008C,Two Hills Preschool,TWO HILLS PRESCHOOL,4806-51 AVE,4806-51 AVE,Two Hills,AB,T0B 4K0,T0B 4K0,identical_after_norm,/daycare/two-hills-preschool-75009e50,/daycare/two-hills-preschool-D5C0008C,mx_copy_of_bundled|high_same_street
valhalla-playschool-f3f7eb90,mx-dbc4f3f7eb90,mx,valhalla-playschool-CD2022E8,ab-90BACD2022E8,Valhalla Playschool,VALHALLA PLAYSCHOOL,9702 100 AVENUE,9702 100 AVENUE,Valhalla Centre,AB,T0H 3M0,T0H 3M0,identical_after_norm,/daycare/valhalla-playschool-f3f7eb90,/daycare/valhalla-playschool-CD2022E8,mx_copy_of_bundled|high_same_street
rural-roots-childcare-daycare-85c038f3,mx-f36785c038f3,mx,rural-roots-childcare-daycare-87190E36,ab-862587190E36,Rural Roots Childcare (Daycare),RURAL ROOTS CHILDCARE (DAYCARE),4812 - 55 AVENUE,4812 - 55 AVENUE,Valleyview,AB,T0H 3N0,T0H 3N0,identical_after_norm,/daycare/rural-roots-childcare-daycare-85c038f3,/daycare/rural-roots-childcare-daycare-87190E36,mx_copy_of_bundled|high_same_street
rural-roots-childcare-junior-kindergarten-kindercare-45a66e9e,mx-0b7a45a66e9e,mx,rural-roots-childcare-junior-kindergarten-kinder-5A76D972,ab-26F05A76D972,Rural Roots Childcare (Junior Kindergarten) (Kindercare),RURAL ROOTS CHILDCARE (JUNIOR KINDERGARTEN) (KINDERCARE),5209 48 ST,5209 48 ST,Valleyview,AB,T0H 3N0,T0H 3N0,identical_after_norm,/daycare/rural-roots-childcare-junior-kindergarten-kindercare-45a66e9e,/daycare/rural-roots-childcare-junior-kindergarten-kinder-5A76D972,mx_copy_of_bundled|high_same_street
rural-roots-childcare-out-of-school-care-b300d2b1,mx-8f63b300d2b1,mx,rural-roots-childcare-out-of-school-care-A63B18E6,ab-63A8A63B18E6,Rural Roots Childcare (Out Of School Care),RURAL ROOTS CHILDCARE (OUT OF SCHOOL CARE),5013 48 STREET,5013 48 STREET,Valleyview,AB,T0H 3N0,T0H 3N0,identical_after_norm,/daycare/rural-roots-childcare-out-of-school-care-b300d2b1,/daycare/rural-roots-childcare-out-of-school-care-A63B18E6,mx_copy_of_bundled|high_same_street
a-l-horton-after-school-care-program-506d8fb9,mx-765c506d8fb9,mx,a-l-horton-after-school-care-program-95AFC119,ab-FD8195AFC119,A.L. Horton After School Care Program,A.L. HORTON AFTER SCHOOL CARE PROGRAM,5037-48 AVENUE,5037-48 AVENUE,Vegreville,AB,T9C 1L8,T9C 1L8,identical_after_norm,/daycare/a-l-horton-after-school-care-program-506d8fb9,/daycare/a-l-horton-after-school-care-program-95AFC119,mx_copy_of_bundled|high_same_street
vegrekidz-daycare-and-osc-19639825,mx-31ee19639825,mx,vegrekidz-daycare-osc-5A76C42A,ab-65EE5A76C42A,Vegrekidz Daycare & Osc,VEGREKIDZ DAYCARE & OSC,5010 47 ST,5010 47 ST,Vegreville,AB,T9C 1C3,T9C 1C3,identical_after_norm,/daycare/vegrekidz-daycare-and-osc-19639825,/daycare/vegrekidz-daycare-osc-5A76C42A,mx_copy_of_bundled|high_same_street
vegreville-community-daycare-society-cf1207ec,mx-4e89cf1207ec,mx,vegreville-community-daycare-society-51DD49D1,ab-79DD51DD49D1,Vegreville Community Daycare Society,VEGREVILLE COMMUNITY DAYCARE SOCIETY,5241 - 43 STREET,5241 - 43 STREET,Vegreville,AB,T9C 1R5,T9C 1R5,identical_after_norm,/daycare/vegreville-community-daycare-society-cf1207ec,/daycare/vegreville-community-daycare-society-51DD49D1,mx_copy_of_bundled|high_same_street
vegreville-preschool-61059084,mx-904a61059084,mx,vegreville-preschool-007038A0,ab-6983007038A0,Vegreville Preschool,VEGREVILLE PRESCHOOL,5106 - 48 AVENUE,5106 - 48 AVENUE,Vegreville,AB,T9C 1L8,T9C 1L8,identical_after_norm,/daycare/vegreville-preschool-61059084,/daycare/vegreville-preschool-007038A0,mx_copy_of_bundled|high_same_street
little-learners-daycare-daf92263,mx-eda8daf92263,mx,little-learners-daycare-F78D7E68,ab-835EF78D7E68,Little Learners Daycare,LITTLE LEARNERS DAYCARE,5902-52 AVENUE,5902-52 AVENUE,Vermilion,AB,T9X 1M1,T9X 1M1,identical_after_norm,/daycare/little-learners-daycare-daf92263,/daycare/little-learners-daycare-F78D7E68,mx_copy_of_bundled|high_same_street
st-francis-daycare-viking-ce8dd2f1,mx-68d1ce8dd2f1,mx,st-francis-daycare-viking-78771FE1,ab-A70678771FE1,St. Francis Daycare Viking,ST. FRANCIS DAYCARE VIKING,5119 50 STREET,5119 50 STREET,Viking,AB,T0B 4N0,T0B 4N0,identical_after_norm,/daycare/st-francis-daycare-viking-ce8dd2f1,/daycare/st-francis-daycare-viking-78771FE1,mx_copy_of_bundled|high_same_street
wabamun-playschool-df77a7b0,mx-37b3df77a7b0,mx,wabamun-playschool-3F40BA1F,ab-B1233F40BA1F,Wabamun Playschool,WABAMUN PLAYSCHOOL,5305 50 ST,5305 50 ST,Wabamun,AB,T0E 2K0,T0E 2K0,identical_after_norm,/daycare/wabamun-playschool-df77a7b0,/daycare/wabamun-playschool-3F40BA1F,mx_copy_of_bundled|high_same_street
wainwright-children-s-centre-6a99589c,mx-3f8d6a99589c,mx,wainwright-children-s-centre-9B079535,ab-B0909B079535,Wainwright Children'S Centre,WAINWRIGHT CHILDREN'S CENTRE,905- 10 STREET,905- 10 STREET,Wainwright,AB,T9W 2R6,T9W 2R6,identical_after_norm,/daycare/wainwright-children-s-centre-6a99589c,/daycare/wainwright-children-s-centre-9B079535,mx_copy_of_bundled|high_same_street
wainwright-pre-kindergarten-60fba766,mx-01f560fba766,mx,wainwright-pre-kindergarten-0F355220,ab-73C30F355220,Wainwright Pre-Kindergarten,WAINWRIGHT PRE-KINDERGARTEN,905 - 10 STREET,905 - 10 STREET,Wainwright,AB,T9W 2R6,T9W 2R6,identical_after_norm,/daycare/wainwright-pre-kindergarten-60fba766,/daycare/wainwright-pre-kindergarten-0F355220,mx_copy_of_bundled|high_same_street
young-builders-early-learning-and-childcare-centre-2dec2615,mx-8e432dec2615,mx,young-builders-early-learning-and-childcare-cent-B91A7C76,ab-EA3FB91A7C76,Young Builders Early Learning And Childcare Centre,YOUNG BUILDERS EARLY LEARNING AND CHILDCARE CENTRE,912 3 AVENUE,912 3 AVENUE,Wainwright,AB,T9W 1V3,T9W 1V3,identical_after_norm,/daycare/young-builders-early-learning-and-childcare-centre-2dec2615,/daycare/young-builders-early-learning-and-childcare-cent-B91A7C76,mx_copy_of_bundled|high_same_street
warburg-playschool-7a80407f,mx-7fc87a80407f,mx,warburg-playschool-A70E3E35,ab-ADECA70E3E35,Warburg Playschool,WARBURG PLAYSCHOOL,5412 50 ST,5412 50 ST,Warburg,AB,T0C 2T0,T0C 2T0,identical_after_norm,/daycare/warburg-playschool-7a80407f,/daycare/warburg-playschool-A70E3E35,mx_copy_of_bundled|high_same_street
early-explorers-child-development-centre-93813d5d,mx-a0b393813d5d,mx,early-explorers-child-development-centre-B16A3C91,ab-EE34B16A3C91,Early Explorers Child Development Centre,EARLY EXPLORERS CHILD DEVELOPMENT CENTRE,9807 - 100 STREET,9807 - 100 STREET,Wembley,AB,T0H 3S0,T0H 3S0,identical_after_norm,/daycare/early-explorers-child-development-centre-93813d5d,/daycare/early-explorers-child-development-centre-B16A3C91,mx_copy_of_bundled|high_same_street
our-village-childcare-73975aea,mx-cd1673975aea,mx,our-village-childcare-6CD2A6D7,ab-8F946CD2A6D7,Our Village Childcare,OUR VILLAGE CHILDCARE,9601 96 STREET,9601 96 STREET,Wembley,AB,T0H 3S0,T0H 3S0,identical_after_norm,/daycare/our-village-childcare-73975aea,/daycare/our-village-childcare-6CD2A6D7,mx_copy_of_bundled|high_same_street
jr-s-daycare-74a0fe88,mx-5f3c74a0fe88,mx,jr-s-daycare-05BF513B,ab-EBDD05BF513B,Jr'S Daycare,JR'S DAYCARE,15B 10030 106 ST,15B 10030 106 ST,Westlock,AB,T7P 2K4,T7P 2K4,identical_after_norm,/daycare/jr-s-daycare-74a0fe88,/daycare/jr-s-daycare-05BF513B,mx_copy_of_bundled|high_same_street
kali-s-corner-early-learning-program-87fff5c9,mx-dea387fff5c9,mx,kali-s-corner-early-learning-program-BFCE98CF,ab-47F9BFCE98CF,Kali'S Corner Early Learning Program,KALI'S CORNER EARLY LEARNING PROGRAM,9603-100 STREET,9603-100 STREET,Westlock,AB,T7P 1Y1,T7P 1Y1,identical_after_norm,/daycare/kali-s-corner-early-learning-program-87fff5c9,/daycare/kali-s-corner-early-learning-program-BFCE98CF,mx_copy_of_bundled|high_same_street
small-hands-big-hearts-daycare-2c79362b,mx-16be2c79362b,mx,small-hands-big-hearts-daycare-F87EAE96,ab-0CC7F87EAE96,"Small Hands, Big Hearts Daycare","SMALL HANDS, BIG HEARTS DAYCARE",10903 110 STREET,10903 110 STREET,Westlock,AB,T7P 1B6,T7P 1B6,identical_after_norm,/daycare/small-hands-big-hearts-daycare-2c79362b,/daycare/small-hands-big-hearts-daycare-F87EAE96,mx_copy_of_bundled|high_same_street
stepping-stones-pre-k-18a146b8,mx-5e3618a146b8,mx,stepping-stones-pre-k-DCFF578F,ab-B0E0DCFF578F,Stepping Stones Pre-K,STEPPING STONES PRE-K,9916 97 STREET,9916 97 STREET,Westlock,AB,T7P 2G2,T7P 2G2,identical_after_norm,/daycare/stepping-stones-pre-k-18a146b8,/daycare/stepping-stones-pre-k-DCFF578F,mx_copy_of_bundled|high_same_street
westlock-community-day-care-centre-2c088032,mx-3c672c088032,mx,westlock-community-day-care-centre-10E58D6C,ab-5C8A10E58D6C,Westlock Community Day Care Centre,WESTLOCK COMMUNITY DAY CARE CENTRE,10804 101 STREET,10804 101 STREET,Westlock,AB,T7P 1H5,T7P 1H5,identical_after_norm,/daycare/westlock-community-day-care-centre-2c088032,/daycare/westlock-community-day-care-centre-10E58D6C,mx_copy_of_bundled|high_same_street
westlock-school-age-care-45b15a5b,mx-585d45b15a5b,mx,westlock-school-age-care-63487370,ab-6D7163487370,Westlock School-Age Care,WESTLOCK SCHOOL-AGE CARE,9916-97 STREET,9916-97 STREET,Westlock,AB,T7P 2G2,T7P 2G2,identical_after_norm,/daycare/westlock-school-age-care-45b15a5b,/daycare/westlock-school-age-care-63487370,mx_copy_of_bundled|high_same_street
clear-vista-preschool-89081c78,mx-a62589081c78,mx,clear-vista-preschool-6FE51AEC,ab-0DA56FE51AEC,Clear Vista Preschool,CLEAR VISTA PRESCHOOL,4510 - 47 STREET,4510 - 47 STREET,Wetaskiwin,AB,T9A 1B8,T9A 1B8,identical_after_norm,/daycare/clear-vista-preschool-89081c78,/daycare/clear-vista-preschool-6FE51AEC,mx_copy_of_bundled|high_same_street
clubhouse-out-of-school-care-ead6819a,mx-d332ead6819a,mx,clubhouse-out-of-school-care-9E90FB48,ab-21B49E90FB48,Clubhouse Out Of School Care,CLUBHOUSE OUT OF SCHOOL CARE,4705 - 47 AVENUE,4705 - 47 AVENUE,Wetaskiwin,AB,T9A 0J6,T9A 0J6,identical_after_norm,/daycare/clubhouse-out-of-school-care-ead6819a,/daycare/clubhouse-out-of-school-care-9E90FB48,mx_copy_of_bundled|high_same_street
exploring-wonders-wetaskiwin-ef21d6d7,mx-7a44ef21d6d7,mx,exploring-wonders-wetaskiwin-A8BE3163,ab-1C0AA8BE3163,Exploring Wonders Wetaskiwin,EXPLORING WONDERS WETASKIWIN,1840 - 3725 56 ST,1840 - 3725 56 ST,Wetaskiwin,AB,T9A 2V6,T9A 2V6,identical_after_norm,/daycare/exploring-wonders-wetaskiwin-ef21d6d7,/daycare/exploring-wonders-wetaskiwin-A8BE3163,mx_copy_of_bundled|high_same_street
growing-in-grace-play-school-911f3f05,mx-14df911f3f05,mx,growing-in-grace-play-school-68F5F186,ab-986768F5F186,Growing In Grace Play School,GROWING IN GRACE PLAY SCHOOL,4218 - 56 AVENUE,4218 - 56 AVENUE,Wetaskiwin,AB,T9A 2W3,T9A 2W3,identical_after_norm,/daycare/growing-in-grace-play-school-911f3f05,/daycare/growing-in-grace-play-school-68F5F186,mx_copy_of_bundled|high_same_street
sunrise-wetaskiwin-daycare-b1e1abb1,mx-5d18b1e1abb1,mx,sunrise-wetaskiwin-daycare-264DC626,ab-5805264DC626,Sunrise Wetaskiwin Daycare,SUNRISE WETASKIWIN DAYCARE,5604 - 48 AVENUE,5604 - 48 AVENUE,Wetaskiwin,AB,T9A 0P2,T9A 0P2,identical_after_norm,/daycare/sunrise-wetaskiwin-daycare-b1e1abb1,/daycare/sunrise-wetaskiwin-daycare-264DC626,mx_copy_of_bundled|high_same_street
wetaskiwin-early-learning-and-child-care-centre-ee58b6af,mx-cc64ee58b6af,mx,wetaskiwin-early-learning-and-child-care-centre-3C9EC413,ab-025C3C9EC413,Wetaskiwin Early Learning And Child Care Centre,WETASKIWIN EARLY LEARNING AND CHILD CARE CENTRE,4013 48 STREET,4013 48 STREET,Wetaskiwin,AB,T9A 2H9,T9A 2H9,identical_after_norm,/daycare/wetaskiwin-early-learning-and-child-care-centre-ee58b6af,/daycare/wetaskiwin-early-learning-and-child-care-centre-3C9EC413,mx_copy_of_bundled|high_same_street
wetaskiwin-out-of-school-care-af2a067d,mx-760eaf2a067d,mx,wetaskiwin-out-of-school-care-4A9CB3ED,ab-9C734A9CB3ED,Wetaskiwin Out Of School Care,WETASKIWIN OUT OF SCHOOL CARE,5109 51 STREET,5109 51 STREET,Wetaskiwin,AB,T9A 2A5,T9A 2A5,identical_after_norm,/daycare/wetaskiwin-out-of-school-care-af2a067d,/daycare/wetaskiwin-out-of-school-care-4A9CB3ED,mx_copy_of_bundled|high_same_street
ecole-st-anne-school-junior-kindergarten-0a50016f,mx-8f580a50016f,mx,ecole-st-anne-school-junior-kindergarten-257B3B8C,ab-05CB257B3B8C,Ecole St. Anne School Junior Kindergarten,ECOLE ST. ANNE SCHOOL JUNIOR KINDERGARTEN,3804 47 STREET,3804 47 STREET,Whitecourt,AB,T7S 1H1,T7S 1H1,identical_after_norm,/daycare/ecole-st-anne-school-junior-kindergarten-0a50016f,/daycare/ecole-st-anne-school-junior-kindergarten-257B3B8C,mx_copy_of_bundled|high_same_street
for-families-daycare-483e5904,mx-585f483e5904,mx,for-families-daycare-2733C46C,ab-27372733C46C,For Families Daycare,FOR FAMILIES DAYCARE,5015 52 AVE,5015 52 AVE,Whitecourt,AB,T7S 1N6,T7S 1N6,identical_after_norm,/daycare/for-families-daycare-483e5904,/daycare/for-families-daycare-2733C46C,mx_copy_of_bundled|high_same_street
wildwood-school-preschool-program-e1047ddf,mx-76e8e1047ddf,mx,wildwood-school-preschool-program-960F5DA6,ab-E070960F5DA6,Wildwood School Preschool Program,WILDWOOD SCHOOL PRESCHOOL PROGRAM,531 47 STREET,531 47 STREET,Wildwood,AB,T0E 2M0,T0E 2M0,identical_after_norm,/daycare/wildwood-school-preschool-program-e1047ddf,/daycare/wildwood-school-preschool-program-960F5DA6,mx_copy_of_bundled|high_same_street
little-bloomers-learning-patch-inc-nursery-schoo-102787,mb-102787,bundled,little-bloomers-learning-patch-inc-101168,mb-101168,Little Bloomers' Learning Patch Inc.-Nursery/School Age Program,Little Bloomers' Learning Patch Inc.,242 Russell  Street,242  Russell Street,Binscarth,MB,R0J 0G0,R0J 0G0,identical_after_norm,/daycare/little-bloomers-learning-patch-inc-nursery-schoo-102787,/daycare/little-bloomers-learning-patch-inc-101168,bundled_legacy_dup|high_same_street
brandon-nursery-school-inc-25c724e1,mx-b54c25c724e1,mx,bu-early-learning-centre-inc-site-2-102654,mb-102654,Brandon Nursery School Inc.,BU Early Learning Centre Inc. Site #2,451 18th Street,451 18th Street,Brandon,MB,R7A 5A9,R7A 5A9,identical_after_norm,/daycare/brandon-nursery-school-inc-25c724e1,/daycare/bu-early-learning-centre-inc-site-2-102654,mx_copy_of_bundled|high_same_street
happy-hive-childcare-centre-inc-1f06238e,mx-5a721f06238e,mx,happy-hive-childcare-center-inc-102993,mb-102993,Happy Hive Childcare Centre Inc.,Happy Hive Childcare Center Inc.,76 Park Avenue,76 Park Avenue,Kleefeld,MB,,R0A 0V1,identical_after_norm,/daycare/happy-hive-childcare-centre-inc-1f06238e,/daycare/happy-hive-childcare-center-inc-102993,mx_copy_of_bundled|high_same_street
tache-community-day-care-inc-d7460fbd,mx-4379d7460fbd,mx,tache-early-learning-centre-site-1-1259,mb-1259,Tache Community Day Care Inc.,Tache Early Learning Centre Site 1,480 Senez Rue,480  Senez Rue,Lorette,MB,R5K 1A8,R5K 1A8,identical_after_norm,/daycare/tache-community-day-care-inc-d7460fbd,/daycare/tache-early-learning-centre-site-1-1259,mx_copy_of_bundled|high_same_street
tache-community-daycare-inc-school-age-program-expansion-bb501d7e,mx-7dcabb501d7e,mx,tache-early-learning-centre-school-age-101107,mb-101107,Tache Community DayCare Inc.- School Age Program - Expansion,Tache Early Learning Centre School Age,1298 Dawson Road,1298  Dawson Road,Lorette,MB,R5K 1A8,R5K 1A8,identical_after_norm,/daycare/tache-community-daycare-inc-school-age-program-expansion-bb501d7e,/daycare/tache-early-learning-centre-school-age-101107,mx_copy_of_bundled|high_same_street
tache-early-learning-centre-tache-early-learning-103079,mb-103079,bundled,tache-early-learning-centre-site-1-1259,mb-1259,Tache Early Learning Centre Tache Early Learning Centre Kindergarten Program,Tache Early Learning Centre Site 1,480 Senez Street,480  Senez Rue,Lorette,MB,R5K 1A8,R5K 1A8,identical_after_norm,/daycare/tache-early-learning-centre-tache-early-learning-103079,/daycare/tache-early-learning-centre-site-1-1259,bundled_legacy_dup|high_same_street
budz-n-bloom-early-learning-centre-fcc02d9e,mx-e1e0fcc02d9e,mx,budz-n-bloom-day-care-centre-inc-9760,mb-9760,Budz 'n Bloom Early Learning Centre,Budz 'n Bloom Day Care Centre Inc.,101 Hamilton Street,101 Hamilton Street,Neepawa,MB,R0J 1H0,R0J 1H0,identical_after_norm,/daycare/budz-n-bloom-early-learning-centre-fcc02d9e,/daycare/budz-n-bloom-day-care-centre-inc-9760,mx_copy_of_bundled|high_same_street
little-pirates-school-age-103162,mb-103162,bundled,little-pirates-children-s-centre-2341,mb-2341,Little Pirates School Age,Little Pirates Children's Centre,117 Richmond Avenue,117  Richmond avenue N,Plumas,MB,R0J 1P0,R0J 1P0,type_or_direction_only,/daycare/little-pirates-school-age-103162,/daycare/little-pirates-children-s-centre-2341,bundled_legacy_dup|high_same_street
st-adolphe-nursery-school-inc-a051c2ea,mx-b162a051c2ea,mx,st-adolphe-child-care-centre-inc-100758,mb-100758,St. Adolphe Nursery School Inc.,St. Adolphe Child Care Centre Inc.,444 La Seine Street,444 La Seine Street,St. Adolphe,MB,R5A 1C2,R5A 1C2,identical_after_norm,/daycare/st-adolphe-nursery-school-inc-a051c2ea,/daycare/st-adolphe-child-care-centre-inc-100758,mx_copy_of_bundled|high_same_street
horizons-children-s-centre-access-winnipeg-west-5498c28a,mx-bf065498c28a,mx,horizon-s-access-101768,mb-101768,Horizons Children's Centre/Access Winnipeg West,Horizon's Access,280 Booth Drive,280 Booth Drive,Winnipeg,MB,R3J 3R7,R3J 3R7,identical_after_norm,/daycare/horizons-children-s-centre-access-winnipeg-west-5498c28a,/daycare/horizon-s-access-101768,mx_copy_of_bundled|high_same_street
morrow-avenue-child-care-salvation-army-11159485,mx-c6d911159485,mx,morrow-early-learning-child-development-salvatio-101497,mb-101497,Morrow Avenue Child Care - (Salvation Army),Morrow Early Learning & Child Development (Salvation Army),51 Morrow Avenue,51 Morrow Avenue,Winnipeg,MB,R2M 1A5,R2M 1A5,identical_after_norm,/daycare/morrow-avenue-child-care-salvation-army-11159485,/daycare/morrow-early-learning-child-development-salvatio-101497,mx_copy_of_bundled|high_same_street
the-next-step-nursery-school-2e4a8f98,mx-326b2e4a8f98,mx,morrow-early-learning-child-development-dr-d-w-p-100259,mb-100259,The Next Step Nursery School,Morrow Early Learning & Child Development (Dr. D. W. Penner School),121 Hazelwood Crescent,121 Hazelwood Crescent,Winnipeg,MB,R2M 4E4,R2M 4E4,identical_after_norm,/daycare/the-next-step-nursery-school-2e4a8f98,/daycare/morrow-early-learning-child-development-dr-d-w-p-100259,mx_copy_of_bundled|high_same_street
winakwa-nursery-school-inc-2023,mb-2023,bundled,frontenac-before-and-after-school-program-100238,mb-100238,Winakwa Nursery School Inc.,Frontenac Before and After School Program,866 Autumnwood Drive,866  Autumnwood Drive,Winnipeg,MB,R2J 1C1,R2J 1C1,identical_after_norm,/daycare/winakwa-nursery-school-inc-2023,/daycare/frontenac-before-and-after-school-program-100238,bundled_legacy_dup|high_same_street
ymca-ywca-of-winnipeg-island-lakes-community-sch-102119,mb-102119,bundled,rainbow-day-nursery-inc-phase-2-9470,mb-9470,YMCA-YWCA of Winnipeg - Island Lakes Community School,Rainbow Day Nursery Inc. (Phase 2),445 Island Shore Boulevard,445 Island Shore Boulevard,Winnipeg,MB,R3X 2B4,R3X 2B4,identical_after_norm,/daycare/ymca-ywca-of-winnipeg-island-lakes-community-sch-102119,/daycare/rainbow-day-nursery-inc-phase-2-9470,bundled_legacy_dup|high_same_street
ymca-ywca-of-winnipeg-tyndall-park-before-amp-af-101755,mb-101755,bundled,tyndall-park-playschool-cooperative-inc-2295,mb-2295,YMCA-YWCA of Winnipeg Tyndall Park Before &amp; After,Tyndall Park Playschool Cooperative Inc.,2221  King Edward Street,2221 King Edward Street,Winnipeg,MB,R2R 1M5,R2R 1M5,identical_after_norm,/daycare/ymca-ywca-of-winnipeg-tyndall-park-before-amp-af-101755,/daycare/tyndall-park-playschool-cooperative-inc-2295,bundled_legacy_dup|high_same_street
runts-n-rascals-daycare-2019698,nb-2019698,bundled,runts-n-rascals-2016190,nb-2016190,Runts n' Rascals Daycare,Runts n' Rascals,"429 New Maryland Highway, New Maryland NB E3C 2H6","429 New Maryland Highway, New Maryland NB E3C 2H6",New Maryland,NB,,,identical_after_norm,/daycare/runts-n-rascals-daycare-2019698,/daycare/runts-n-rascals-2016190,bundled_legacy_dup|high_same_street
ymca-mcc-child-care-and-asp-2000695,nb-2000695,bundled,ymca-mcc-asp-2007121,nb-2007121,YMCA - MCC - Child Care and ASP,YMCA - MCC - ASP,"99 Daniel Avenue, Saint John NB E2K 4P3","99 Daniel Avenue, Saint John NB E2K 4P3",Saint John,NB,E2K 4P3,E2K 4P3,identical_after_norm,/daycare/ymca-mcc-child-care-and-asp-2000695,/daycare/ymca-mcc-asp-2007121,bundled_legacy_dup|high_same_street
little-owls-kids-club-461a4e71,mx-ea65461a4e71,mx,upper-nashwaak-kid-s-club-2023034,nb-2023034,Little Owls Kids Club,Upper Nashwaak Kid's Club,28 Bridge Street,"28 Bridge Street, Stanley NB E6C 1T5",Stanley,NB,E6B 1B2,E6B 1B2,prefix(unit/city suffix),/daycare/little-owls-kids-club-461a4e71,/daycare/upper-nashwaak-kid-s-club-2023034,mx_copy_of_bundled|high_same_street
keyin-college-early-learning-and-development-centre-604e2f3a,mx-5515604e2f3a,mx,keyin-college-early-learning-and-development-cen-coll,nl-84-keyin-coll,Keyin College Early Learning and Development Centre,Keyin College Early Learning and Development Center,173 A and B Water Street,173 A and B Water Street,Carbonear,NL,A1Y 1A9,,identical_after_norm,/daycare/keyin-college-early-learning-and-development-centre-604e2f3a,/daycare/keyin-college-early-learning-and-development-cen-coll,mx_copy_of_bundled|high_same_street
tiny-hands-child-care-centre-5dfc69f8,mx-31e45dfc69f8,mx,tiny-hands-day-care-hands,nl-186-tiny-hands,Tiny Hands Child Care Centre,Tiny Hands Day Care,4 King Street,4 King Street,Grand Falls-Windsor,NL,A2B 1J6,,identical_after_norm,/daycare/tiny-hands-child-care-centre-5dfc69f8,/daycare/tiny-hands-day-care-hands,mx_copy_of_bundled|high_same_street
college-of-the-north-atlantic-daycare-86ed7ef9,mx-2b5486ed7ef9,mx,college-of-the-north-atlantic-child-care-centre-of,nl-36-college-of,College of the North Atlantic Daycare,College of the North Atlantic Child Care Centre,"219 Hamilton River Road, College of the North Atlantic",219 Hamilton River Road,Happy Valley-Goose Bay,NL,A0P 1E0,,prefix(unit/city suffix),/daycare/college-of-the-north-atlantic-daycare-86ed7ef9,/daycare/college-of-the-north-atlantic-child-care-centre-of,mx_copy_of_bundled|high_same_street
stephenville-high-school-infant-centre-7c77e03e,mx-df5c7c77e03e,mx,stephenville-high-school-infant-care-centre-stephenv,nl-175-stephenvil,Stephenville High School Infant Centre,Stephenville High School Infant Care Centre,1 Bruce Boulevard,1 Bruce Boulevard,Stephenville,NL,A2N 3M6,,identical_after_norm,/daycare/stephenville-high-school-infant-centre-7c77e03e,/daycare/stephenville-high-school-infant-care-centre-stephenv,mx_copy_of_bundled|high_same_street
ymca-st-peter-sacc-ecc31f1e,mx-1119ecc31f1e,mx,ymca-st-peter-sacc-62634,on-62634,Ymca St Peter Sacc,Ymca St. Peter Sacc,175 Glenwood Drive,175 Glenwood,Brantford,ON,N3S 3H1,N3S 3H1,type_or_direction_only,/daycare/ymca-st-peter-sacc-ecc31f1e,/daycare/ymca-st-peter-sacc-62634,mx_copy_of_bundled|high_same_street
simplysmart-childcare-and-montessori-breslau-946b131b,mx-0d91946b131b,mx,simplysmart-child-care-centre-montessori-breslau-63493,on-63493,Simplysmart Childcare And Montessori-Breslau,Simplysmart Child Care Centre & Montessori-Breslau,30 Townsend Drive,30 Townsend Drive,Breslau,ON,N0B 1M0,N0B 1M0,identical_after_norm,/daycare/simplysmart-childcare-and-montessori-breslau-946b131b,/daycare/simplysmart-child-care-centre-montessori-breslau-63493,mx_copy_of_bundled|high_same_street
mcmaster-children-s-centre-09eabfae,mx-447509eabfae,mx,mcmaster-children-s-centre-inc-60454,on-60454,Mcmaster Children'S Centre,Mcmaster Children'S Centre Inc,1280 Main Street,1280 Main Living Learning Centre,Hamilton,ON,L8S 4K1,L8S 4K1,manual_same_site:1280 Main St = 1280 Main (Living Learning Centre),/daycare/mcmaster-children-s-centre-09eabfae,/daycare/mcmaster-children-s-centre-inc-60454,mx_copy_of_bundled|high_same_street
enda-noochiikiing-child-care-centre-42b42f93,mx-efd242b42f93,mx,enda-noochiikiing-child-care-centre-62575,on-62575,Éenda Noochiikiing Child Care Centre,Éenda Noochiikiing Child Care Centre,327 Jubilee Drive,327 Jubilee Road,Muncey,ON,N0L 1Y0,N0L 1Y0,type_or_direction_only,/daycare/enda-noochiikiing-child-care-centre-42b42f93,/daycare/enda-noochiikiing-child-care-centre-62575,mx_copy_of_bundled|high_same_street
the-early-years-daycare-centre-55335,on-55335,bundled,the-early-years-0003295,on-0003295,The Early Years Daycare Centre,The Early Years,11130 Yonge Street,11130 Yonge Street,Richmond Hill,ON,L4S 1H9,L4S 1H9,identical_after_norm,/daycare/the-early-years-daycare-centre-55335,/daycare/the-early-years-0003295,bundled_legacy_dup|high_same_street
abacus-montessori-learning-centre-9995,on-tor-9995,bundled,abacus-montessori-learning-centre-58614,on-58614,Abacus Montessori Learning Centre,Abacus Montessori Learning Centre,2723 St Clair Ave E,2723 St. Clair Avenue,Toronto,ON,M4B 1M8,M4B 1M8,type_or_direction_only,/daycare/abacus-montessori-learning-centre-9995,/daycare/abacus-montessori-learning-centre-58614,bundled_legacy_dup|high_same_street
abiona-centre-for-infant-and-early-mental-health-3792,on-tor-3792,bundled,abiona-centre-for-infant-and-early-mental-health-12055,on-12055,Abiona Centre For Infant And Early Mental Health Elc Broadview Campus,Abiona Centre For Infant And Early Mental Health Early Learning Centre-Broadview Campus,1102 Broadview Ave,1102 Broadview Avenue,Toronto,ON,M4K 2S5,M4K 2S5,identical_after_norm,/daycare/abiona-centre-for-infant-and-early-mental-health-3792,/daycare/abiona-centre-for-infant-and-early-mental-health-12055,bundled_legacy_dup|high_same_street
abiona-centre-for-infant-and-early-mental-health-1190,on-tor-1190,bundled,abiona-centre-for-infant-and-early-mental-health-04629,on-04629,Abiona Centre For Infant And Early Mental Health Elc Humewood Campus,Abiona Centre For Infant And Early Mental Health Early Learning Centre Humewood Campus,40 Humewood Dr,40 Humewood Drive,Toronto,ON,M6C 2W4,M6C 2W4,identical_after_norm,/daycare/abiona-centre-for-infant-and-early-mental-health-1190,/daycare/abiona-centre-for-infant-and-early-mental-health-04629,bundled_legacy_dup|high_same_street
absorbent-minds-2-f69441d8,mx-d43ff69441d8,mx,absorbent-minds-2-13162,on-tor-13162,Absorbent Minds 2,Absorbent Minds 2,20 Old Kingston Road Road,20 Old Kingston Rd,Toronto,ON,M1E 3J5,M1E 3J5,type_or_direction_only,/daycare/absorbent-minds-2-f69441d8,/daycare/absorbent-minds-2-13162,mx_copy_of_bundled|high_same_street
agile-innovators-montessori-13780,on-tor-13780,bundled,agile-innovators-montessori-57175,on-57175,Agile Innovators Montessori,Agile Innovators Montessori,390 Bamburgh Cir,390 Bamburgh Circle,Toronto,ON,M1W 3X3,M1W 3X3,identical_after_norm,/daycare/agile-innovators-montessori-13780,/daycare/agile-innovators-montessori-57175,bundled_legacy_dup|high_same_street
albion-heights-school-age-ymca-1939,on-tor-1939,bundled,albion-heights-school-age-program-ymca-03012,on-03012,Albion Heights School Age Ymca,Albion Heights School Age Program (Ymca),45 Lynmont Rd,45 Lynmont Road,Toronto,ON,M9V 3W9,M9V 3W9,identical_after_norm,/daycare/albion-heights-school-age-ymca-1939,/daycare/albion-heights-school-age-program-ymca-03012,bundled_legacy_dup|high_same_street
alexander-muir-gladstone-jr-ymca-10444,on-tor-10444,bundled,alexander-muir-gladstone-ymca-child-care-program-0003170,on-0003170,Alexander Muir Gladstone Jr Ymca,Alexander Muir Gladstone Ymca Child Care Program (Ymca),108 Gladstone Ave,108 Gladstone Avenue,Toronto,ON,M6J 3L2,M6J 3L2,identical_after_norm,/daycare/alexander-muir-gladstone-jr-ymca-10444,/daycare/alexander-muir-gladstone-ymca-child-care-program-0003170,bundled_legacy_dup|high_same_street
alexandra-park-early-learning-and-child-care-centre-051cc98a,mx-6195051cc98a,mx,alexandra-park-early-learning-child-care-centre-1839,on-tor-1839,Alexandra Park Early Learning & Child Care Centre,Alexandra Park Early Learning & Child Care Centre,75 Augusta Square,75 Augusta Sq,Toronto,ON,M5T 2K5,M5T 2K5,identical_after_norm,/daycare/alexandra-park-early-learning-and-child-care-centre-051cc98a,/daycare/alexandra-park-early-learning-child-care-centre-1839,mx_copy_of_bundled|high_same_street
all-about-kids-inc-1055-gerrard-street-east-da27bb80,mx-662cda27bb80,mx,all-about-kids-inc-1055-gerrard-street-east-12869,on-tor-12869,All About Kids Inc. (1055 Gerrard Street East),All About Kids Inc. (1055 Gerrard Street East),1055 Gerrard Street,1055 Gerrard St E,Toronto,ON,M4M 1Z7,M4M 1Z7,type_or_direction_only,/daycare/all-about-kids-inc-1055-gerrard-street-east-da27bb80,/daycare/all-about-kids-inc-1055-gerrard-street-east-12869,mx_copy_of_bundled|high_same_street
all-about-kids-sheppard-11820,on-tor-11820,bundled,all-about-kids-sheppard-all-about-kids-inc-0003431,on-0003431,All About Kids Sheppard,All About Kids Sheppard (All About Kids Inc.),2005 Sheppard Ave E,2005 Sheppard Avenue,Toronto,ON,M2J 5B4,M2J 5B4,type_or_direction_only,/daycare/all-about-kids-sheppard-11820,/daycare/all-about-kids-sheppard-all-about-kids-inc-0003431,bundled_legacy_dup|high_same_street
alphabet-academy-f7bd7440,mx-bb58f7bd7440,mx,alphabet-academy-14278,on-tor-14278,Alphabet Academy,Alphabet Academy,111 Manor Road,111 Manor Rd E,Toronto,ON,M4S 1R4,M4S 1R4,type_or_direction_only,/daycare/alphabet-academy-f7bd7440,/daycare/alphabet-academy-14278,mx_copy_of_bundled|high_same_street
alphabet-station-a6dc7802,mx-544da6dc7802,mx,alphabet-station-14283,on-tor-14283,Alphabet Station,Alphabet Station,2206 Queen Street,2206 Queen St E,Toronto,ON,M4E 1E7,M4E 1E7,type_or_direction_only,/daycare/alphabet-station-a6dc7802,/daycare/alphabet-station-14283,mx_copy_of_bundled|high_same_street
alternative-primary-school-parent-group-1014,on-tor-1014,bundled,alternative-primary-school-parents-group-03996,on-03996,Alternative Primary School Parent Group,Alternative Primary School Parents Group,1100 Spadina Rd,1100 Spadina Road,Toronto,ON,M5N 2M6,M5N 2M6,identical_after_norm,/daycare/alternative-primary-school-parent-group-1014,/daycare/alternative-primary-school-parents-group-03996,bundled_legacy_dup|high_same_street
annex-montessori-school-0d3f3339,mx-26590d3f3339,mx,annex-montessori-school-12737,on-tor-12737,Annex Montessori School,Annex Montessori School,427 Bloor Street,427 Bloor St W,Toronto,ON,M5S 1X7,M5S 1X7,type_or_direction_only,/daycare/annex-montessori-school-0d3f3339,/daycare/annex-montessori-school-12737,mx_copy_of_bundled|high_same_street
annunciation-catholic-school-before-after-child--13822,on-tor-13822,bundled,annunciation-57277,on-57277,Annunciation Catholic School Before & After Child Care Program,Annunciation,65 Avonwick Gate,65 Avonwick Gate,Toronto,ON,M3A 2M8,M3A 2M8,identical_after_norm,/daycare/annunciation-catholic-school-before-after-child--13822,/daycare/annunciation-57277,bundled_legacy_dup|high_same_street
antica-village-children-s-day-care-centre-646508-3893,on-tor-3893,bundled,antica-village-day-care-centre-646508-ontario-lt-12079,on-12079,Antica Village Children's Day Care Centre (646508 Ontario Ltd),Antica Village Day Care Centre (646508 Ontario Ltd.),360 Hullmar Dr,360 Hullmar Drive,Toronto,ON,M3N 2X7,M3N 2X7,identical_after_norm,/daycare/antica-village-children-s-day-care-centre-646508-3893,/daycare/antica-village-day-care-centre-646508-ontario-lt-12079,bundled_legacy_dup|high_same_street
apple-day-care-centre-8258,on-tor-8258,bundled,apple-day-care-centre-evans-development-corporat-0003701,on-0003701,Apple Day Care Centre,Apple Day Care Centre (Evans Development Corporation),3434 Eglinton Ave E,3434 Eglinton Avenue,Toronto,ON,M1J 2J1,M1J 2J1,type_or_direction_only,/daycare/apple-day-care-centre-8258,/daycare/apple-day-care-centre-evans-development-corporat-0003701,bundled_legacy_dup|high_same_street
b-f-toronto-centre-for-early-childhood-education-1298,on-tor-1298,bundled,b-f-toronto-centre-for-early-childhood-45-golfdo-07205,on-07205,B.F. Toronto Centre For Early Childhood Education,B.F. Toronto Centre For Early Childhood (45 Golfdown),45 Golfdown Dr,45 Golfdown Drive,Toronto,ON,M9W 2H8,M9W 2H8,identical_after_norm,/daycare/b-f-toronto-centre-for-early-childhood-education-1298,/daycare/b-f-toronto-centre-for-early-childhood-45-golfdo-07205,bundled_legacy_dup|high_same_street
banting-and-best-school-age-satellite-255-alton-towers-61ba0e4d,mx-59b861ba0e4d,mx,banting-and-best-schoolage-satellite-255-alton-t-6789,on-tor-6789,Banting And Best School Age Satellite (255 Alton Towers),Banting And Best Schoolage Satellite(255 Alton Towers),255 Alton Towers Circle,255 Alton Towers Cir,Toronto,ON,M1V 4E7,M1V 4E7,identical_after_norm,/daycare/banting-and-best-school-age-satellite-255-alton-towers-61ba0e4d,/daycare/banting-and-best-schoolage-satellite-255-alton-t-6789,mx_copy_of_bundled|high_same_street
beach-hill-montessori-71cc9caf,mx-5ba271cc9caf,mx,beach-hill-montessori-14422,on-tor-14422,Beach Hill Montessori,Beach Hill Montessori,2032 Gerrard Street,2032 Gerrard St E,Toronto,ON,M4E 2B1,M4E 2B1,type_or_direction_only,/daycare/beach-hill-montessori-71cc9caf,/daycare/beach-hill-montessori-14422,mx_copy_of_bundled|high_same_street
beamish-academy-14610,on-tor-14610,bundled,beamish-academy-62036,on-62036,Beamish Academy,Beamish Academy,3819 Bloor St W,3819 Bloor Street,Toronto,ON,M9B 1K7,M9B 1K9,type_or_direction_only,/daycare/beamish-academy-14610,/daycare/beamish-academy-62036,bundled_legacy_dup|high_same_street
birds-and-bees-day-care-centre-1520,on-tor-1520,bundled,the-birds-and-the-bees-day-care-mini-world-ltd-0001043,on-0001043,Birds And Bees Day Care Centre,The Birds And The Bees Day Care (Mini World Ltd),720 Kennedy Rd,720 Kennedy Road,Toronto,ON,M1K 2B7,M1K 2B7,identical_after_norm,/daycare/birds-and-bees-day-care-centre-1520,/daycare/the-birds-and-the-bees-day-care-mini-world-ltd-0001043,bundled_legacy_dup|high_same_street
blessed-pier-giorgio-frassati-extended-day-progr-13501,on-tor-13501,bundled,family-day-care-services-blessed-pier-giorgio-fr-56547,on-56547,Blessed Pier Giorgio Frassati Extended Day Program,Family Day Care Services - Blessed Pier Giorgio Frassati Extended Day/Before And After School Progra,8 Seasons Dr,8 Seasons Drive,Toronto,ON,M1X 1X4,M1X 1X4,identical_after_norm,/daycare/blessed-pier-giorgio-frassati-extended-day-progr-13501,/daycare/family-day-care-services-blessed-pier-giorgio-fr-56547,bundled_legacy_dup|high_same_street
blessed-trinity-before-after-school-6527,on-tor-6527,bundled,blessed-trinity-after-school-club-north-york-lit-16047,on-16047,Blessed Trinity Before & After School,Blessed Trinity After School Club - (North York Little Prints Daycare),3205 Bayview Ave,3205 Bayview Avenue,Toronto,ON,M2K 1G3,M2K 1G3,identical_after_norm,/daycare/blessed-trinity-before-after-school-6527,/daycare/blessed-trinity-after-school-club-north-york-lit-16047,bundled_legacy_dup|high_same_street
blue-bell-academy-inc-7697f067,mx-575a7697f067,mx,blue-bell-academy-inc-13551,on-tor-13551,Blue Bell Academy Inc.,Blue Bell Academy Inc.,2191 Gerrard Street,2191 Gerrard St E,Toronto,ON,M4E 2C6,M4E 2C6,type_or_direction_only,/daycare/blue-bell-academy-inc-7697f067,/daycare/blue-bell-academy-inc-13551,mx_copy_of_bundled|high_same_street
blue-butterfly-montessori-school-inc-d35d5788,mx-48f7d35d5788,mx,blue-butterfly-montessori-school-inc-12929,on-tor-12929,Blue Butterfly Montessori School Inc.,Blue Butterfly Montessori School Inc.,300 Richmond Street,300 Richmond St W,Toronto,ON,M5V 1X2,M5V 1X2,type_or_direction_only,/daycare/blue-butterfly-montessori-school-inc-d35d5788,/daycare/blue-butterfly-montessori-school-inc-12929,mx_copy_of_bundled|high_same_street
boardwalk-montessori-school-inc-2a22023d,mx-040a2a22023d,mx,boardwalk-montessori-school-inc-12735,on-tor-12735,Boardwalk Montessori School Inc.,Boardwalk Montessori School Inc.,1975A Queen Street,1975 Queen St E,Toronto,ON,M4L 1J1,M4L 1J1,manual_same_site:1975A vs 1975 Queen St E,/daycare/boardwalk-montessori-school-inc-2a22023d,/daycare/boardwalk-montessori-school-inc-12735,mx_copy_of_bundled|high_same_postal
bowmore-road-community-day-care-centre-8d7cc29c,mx-51428d7cc29c,mx,bowmore-7111,on-tor-7111,Bowmore Road Community Day Care Centre,Bowmore,80 Bowmore Road,80 Bowmore Rd,Toronto,ON,M4L 3J2,M4L 3J2,identical_after_norm,/daycare/bowmore-road-community-day-care-centre-8d7cc29c,/daycare/bowmore-7111,mx_copy_of_bundled|high_same_street
bridlewood-jr-ymca-1912,on-tor-1912,bundled,bridlewood-jr-y-day-care-ymca-06919,on-06919,Bridlewood Jr Ymca,Bridlewood Jr. Y. Day Care - (Ymca),60 Bridlewood Blvd,60 Bridlewood Boulevard,Toronto,ON,M1T 1P7,M1T 1P7,identical_after_norm,/daycare/bridlewood-jr-ymca-1912,/daycare/bridlewood-jr-y-day-care-ymca-06919,bundled_legacy_dup|high_same_street
brightpath-academy-the-beach-fcf1d2fb,mx-007bfcf1d2fb,mx,brightpath-academy-the-beach-13050,on-tor-13050,Brightpath Academy - The Beach,Brightpath Academy - The Beach,1923-1925 Queen Street,1925 Queen St E,Toronto,ON,M4L 1H3,M4L 1H3,manual_same_site:range 1923-1925 contains keeper 1925,/daycare/brightpath-academy-the-beach-fcf1d2fb,/daycare/brightpath-academy-the-beach-13050,mx_copy_of_bundled|high_same_postal
brightpath-academy-the-beach-clubzone-162e6a20,mx-588f162e6a20,mx,brightpath-academy-the-beach-clubzone-13556,on-tor-13556,Brightpath Academy - The Beach Clubzone,Brightpath Academy - The Beach Clubzone,1919-1921 Queen Street,1921 Queen St E,Toronto,ON,M4L 1H3,M4L 1H3,manual_same_site:range 1919-1921 contains keeper 1921,/daycare/brightpath-academy-the-beach-clubzone-162e6a20,/daycare/brightpath-academy-the-beach-clubzone-13556,mx_copy_of_bundled|high_same_postal
brightpath-eglinton-5f66a3d5,mx-e05c5f66a3d5,mx,brightpath-eglinton-13218,on-tor-13218,Brightpath Eglinton,Brightpath Eglinton,5535 Eglinton Avenue,5535 Eglinton Ave W,Toronto,ON,M9B 1B8,M9C 5K5,type_or_direction_only,/daycare/brightpath-eglinton-5f66a3d5,/daycare/brightpath-eglinton-13218,mx_copy_of_bundled|high_same_street
brimwood-school-age-ymca-1956,on-tor-1956,bundled,brimwood-blvd-school-age-program-ymca-04245,on-04245,Brimwood School Age Ymca,Brimwood Blvd. School Age Program (Ymca),151 Brimwood Blvd,151 Brimwood Boulevard,Toronto,ON,M1V 1E5,M1V 1E5,identical_after_norm,/daycare/brimwood-school-age-ymca-1956,/daycare/brimwood-blvd-school-age-program-ymca-04245,bundled_legacy_dup|high_same_street
broad-view-french-montessori-school-ii-limited-10192,on-tor-10192,bundled,broad-view-french-montessori-school-2-0002910,on-0002910,Broad View French Montessori School II Limited,Broad View French Montessori School # 2,1236 Kingston Rd,1236 Kingston Chemin,Toronto,ON,M1N 1P3,M1N 1P3,same_number_small_typo(0.90),/daycare/broad-view-french-montessori-school-ii-limited-10192,/daycare/broad-view-french-montessori-school-2-0002910,bundled_legacy_dup|high_same_street
brookside-child-care-centre-12012,on-tor-12012,bundled,family-day-care-services-brookside-child-care-ce-0004316,on-0004316,Brookside Child Care Centre,Family Day Care Services - Brookside Child Care Centre,75 Oasis Blvd,75 Oasis Boulevard,Toronto,ON,M1X 0A3,M1X 0A3,identical_after_norm,/daycare/brookside-child-care-centre-12012,/daycare/family-day-care-services-brookside-child-care-ce-0004316,bundled_legacy_dup|high_same_street
buchanan-extended-day-school-age-program-13616,on-tor-13616,bundled,family-day-buchanan-extended-day-and-school-age--56938,on-56938,Buchanan Extended Day & School Age Program,Family Day Buchanan Extended Day And School Age Program,4 Bucannan Rd,4 Bucannan Road,Toronto,ON,M1R 3V3,M1R 3V3,identical_after_norm,/daycare/buchanan-extended-day-school-age-program-13616,/daycare/family-day-buchanan-extended-day-and-school-age--56938,bundled_legacy_dup|high_same_street
bumble-bee-academy-c1fde4ec,mx-ad30c1fde4ec,mx,bumble-bee-academy-13620,on-tor-13620,Bumble Bee Academy,Bumble Bee Academy,1560 Queen Street,1560 Queen St E,Toronto,ON,M4L 1E9,M4L 1E9,type_or_direction_only,/daycare/bumble-bee-academy-c1fde4ec,/daycare/bumble-bee-academy-13620,mx_copy_of_bundled|high_same_street
bumble-bee-garden-child-care-ltd-73fbdad1,mx-02be73fbdad1,mx,bumble-bee-garden-child-care-ltd-14325,on-tor-14325,Bumble Bee Garden Child Care Ltd.,Bumble Bee Garden Child Care Ltd.,1275 Dundas Street,1275 Dundas St W,Toronto,ON,M6J 1X8,M6J 1X8,type_or_direction_only,/daycare/bumble-bee-garden-child-care-ltd-73fbdad1,/daycare/bumble-bee-garden-child-care-ltd-14325,mx_copy_of_bundled|high_same_street
c-d-farquharson-jr-ymca-11598,on-tor-11598,bundled,c-d-farquharson-ymca-child-care-0003585,on-0003585,C.D.Farquharson Jr Ymca,C.D. Farquharson Ymca Child Care,1965 Brimley Rd,1965 Brimley Road,Toronto,ON,M1S 2B1,M1S 2B1,identical_after_norm,/daycare/c-d-farquharson-jr-ymca-11598,/daycare/c-d-farquharson-ymca-child-care-0003585,bundled_legacy_dup|high_same_street
carmelite-missionary-sisters-of-saint-theresa-of-6519,on-tor-6519,bundled,st-theresa-s-day-care-centre-carmelite-missionar-11843,on-11843,Carmelite Missionary Sisters Of Saint Theresa Of The Child Jesus,St. Theresa'S Day Care Centre - (Carmelite Missionary Sisters Of Saint Theresa),1196 Wilson Ave,1196 Wilson Avenue,Toronto,ON,M3M 1H3,M3M 1H3,identical_after_norm,/daycare/carmelite-missionary-sisters-of-saint-theresa-of-6519,/daycare/st-theresa-s-day-care-centre-carmelite-missionar-11843,bundled_legacy_dup|high_same_street
carousel-child-care-development-centre-8169,on-tor-8169,bundled,carousel-child-care-development-centre-ltd-0000889,on-0000889,Carousel Child Care Development Centre,Carousel Child Care Development Centre Ltd.,623 Finch Ave W,623 Finch Avenue,Toronto,ON,M2R 3V4,M2R 3V4,type_or_direction_only,/daycare/carousel-child-care-development-centre-8169,/daycare/carousel-child-care-development-centre-ltd-0000889,bundled_legacy_dup|high_same_street
casa-del-zotto-children-s-centre-3880,on-tor-3880,bundled,casa-del-zotto-12078,on-12078,Casa Del Zotto Children's Centre,Casa Del Zotto,3010 Dufferin St,3010 Dufferin Street,Toronto,ON,M6B 4J5,M6B 4J5,identical_after_norm,/daycare/casa-del-zotto-children-s-centre-3880,/daycare/casa-del-zotto-12078,bundled_legacy_dup|high_same_street
cast-for-kids-child-care-centre-d5abab08,mx-5415d5abab08,mx,cast-for-kids-child-care-centre-1420,on-tor-1420,Cast For Kids Child Care Centre,Cast For Kids Child Care Centre,1430 Sheppard Avenue,1430 Sheppard Ave W,Toronto,ON,M3M 2W9,M3M 2W9,type_or_direction_only,/daycare/cast-for-kids-child-care-centre-d5abab08,/daycare/cast-for-kids-child-care-centre-1420,mx_copy_of_bundled|high_same_street
castle-park-playschool-ce813520,mx-f0eace813520,mx,castle-park-playschool-13094,on-tor-13094,Castle Park Playschool,Castle Park Playschool,1971 Queen Street,1971 Queen St E,Toronto,ON,M4L 1H9,M4L 1H9,type_or_direction_only,/daycare/castle-park-playschool-ce813520,/daycare/castle-park-playschool-13094,mx_copy_of_bundled|high_same_street
cedarbrae-day-nurseries-20-greencrest-1031,on-tor-1031,bundled,cedarbrae-day-nursery-20-greencrest-circuit-00395,on-00395,Cedarbrae Day Nurseries (20 Greencrest),Cedarbrae Day Nursery (20 Greencrest Circuit),20 Greencrest Circt,20 Greencrest Circuit,Toronto,ON,M1G 1B8,M1G 1B8,same_number_small_typo(0.95),/daycare/cedarbrae-day-nurseries-20-greencrest-1031,/daycare/cedarbrae-day-nursery-20-greencrest-circuit-00395,bundled_legacy_dup|high_same_street
cedarbrae-day-nursery-1339,on-tor-1339,bundled,cedarbrae-day-nurseries-1385-midland-00970,on-00970,Cedarbrae Day Nursery,Cedarbrae Day Nurseries (1385 Midland),1385 Midland Ave,1385 Midland Avenue,Toronto,ON,M1P 3B8,M1P 3B8,identical_after_norm,/daycare/cedarbrae-day-nursery-1339,/daycare/cedarbrae-day-nurseries-1385-midland-00970,bundled_legacy_dup|high_same_street
cedarbrae-day-nursery-1375-midland-1324,on-tor-1324,bundled,cedarbrae-day-nurseries-1375-midland-02128,on-02128,Cedarbrae Day Nursery (1375 Midland),Cedarbrae Day Nurseries (1375 Midland),1375 Midland Ave,1375 Midland Avenue,Toronto,ON,M1P 3B7,M1P 3B7,identical_after_norm,/daycare/cedarbrae-day-nursery-1375-midland-1324,/daycare/cedarbrae-day-nurseries-1375-midland-02128,bundled_legacy_dup|high_same_street
centennial-college-progress-campus-child-care-ce-1021,on-tor-1021,bundled,centennial-college-progress-campus-child-care-94-11881,on-11881,Centennial College Progress Campus Child Care Centre,Centennial College/Progress Campus Child Care (941 Progress),941 Progress Ave,941 Progress Avenue,Toronto,ON,M1G 3T8,M1G 3T8,identical_after_norm,/daycare/centennial-college-progress-campus-child-care-ce-1021,/daycare/centennial-college-progress-campus-child-care-94-11881,bundled_legacy_dup|high_same_street
central-eglinton-childrens-centre-1340,on-tor-1340,bundled,central-eglinton-children-s-centre-223-eglinton--04554,on-04554,Central Eglinton Childrens' Centre,Central Eglinton Children'S Centre (223 Eglinton Avenue East),223 Eglinton Ave E,223 Eglinton Avenue,Toronto,ON,M4P 1L1,M4P 1L1,type_or_direction_only,/daycare/central-eglinton-childrens-centre-1340,/daycare/central-eglinton-children-s-centre-223-eglinton--04554,bundled_legacy_dup|high_same_street
central-montessori-school-2c86c2c1,mx-9a362c86c2c1,mx,central-montessori-school-14470,on-tor-14470,Central Montessori School.,Central Montessori School,180 Sheppard Avenue,180 Sheppard Ave E,Toronto,ON,M2N 3A4,M2N 3A4,type_or_direction_only,/daycare/central-montessori-school-2c86c2c1,/daycare/central-montessori-school-14470,mx_copy_of_bundled|high_same_street
central-montessori-schools-maplehurst-campus-13761,on-tor-13761,bundled,central-montessori-school-maplehurst-campus-56956,on-56956,Central Montessori Schools - Maplehurst Campus,Central Montessori School - Maplehurst Campus,181 Maplehurst Ave,181 Maplehurst Avenue,Toronto,ON,M2N 3C1,M2N 3C1,identical_after_norm,/daycare/central-montessori-schools-maplehurst-campus-13761,/daycare/central-montessori-school-maplehurst-campus-56956,bundled_legacy_dup|high_same_street
chabad-lubavitch-of-york-mills-14211,on-tor-14211,bundled,my-little-gan-57917,on-57917,Chabad Lubavitch Of York Mills,My Little Gan,2437 Bayview Ave,2437 Bayview Avenue,Toronto,ON,M2L 1A5,M2L 1A5,identical_after_norm,/daycare/chabad-lubavitch-of-york-mills-14211,/daycare/my-little-gan-57917,bundled_legacy_dup|high_same_street
chabad-of-midtown-9cc3edb7,mx-6d4b9cc3edb7,mx,chabad-of-midtown-14516,on-tor-14516,Chabad Of Midtown,Chabad Of Midtown,1034-1036 St Clair West,1034 St Clair Ave W,Toronto,ON,M6E 1A4,M6E 1A4,same_number_small_typo(0.80),/daycare/chabad-of-midtown-9cc3edb7,/daycare/chabad-of-midtown-14516,mx_copy_of_bundled|high_same_postal
charlottetown-kindergarten-extended-care-program-13588,on-tor-13588,bundled,charlottetown-licensed-before-and-after-school-p-56925,on-56925,Charlottetown Kindergarten Extended Care Program,Charlottetown Licensed Before And After School Program,85 Charlottetown Blvd,85 Charlottetown Boulevard,Toronto,ON,M1C 2C7,M1C 2C7,identical_after_norm,/daycare/charlottetown-kindergarten-extended-care-program-13588,/daycare/charlottetown-licensed-before-and-after-school-p-56925,bundled_legacy_dup|high_same_street
chartland-child-care-inc-de69ed70,mx-915bde69ed70,mx,chartland-child-care-inc-6575,on-tor-6575,Chartland Child Care Inc.,Chartland Child Care Inc,109 Chartland Boulevard,109 Chartland Blvd S,Toronto,ON,M1S 2R7,M1S 2R7,type_or_direction_only,/daycare/chartland-child-care-inc-de69ed70,/daycare/chartland-child-care-inc-6575,mx_copy_of_bundled|high_same_street
chester-jr-ymca-1937,on-tor-1937,bundled,chester-junior-y-ymca-12225,on-12225,Chester Jr Ymca,Chester Junior Y (Ymca),115 Gowan Ave,115 Gowan Avenue,Toronto,ON,M4K 2E4,M4K 2E4,identical_after_norm,/daycare/chester-jr-ymca-1937,/daycare/chester-junior-y-ymca-12225,bundled_legacy_dup|high_same_street
children-are-people-education-1445,on-tor-1445,bundled,children-are-people-ideal-child-services-group-16010,on-16010,Children Are People Education,Children Are People - (Ideal Child Services Group),272 Codsell Ave,272 Codsell Avenue,Toronto,ON,M3H 3X2,M3H 3X2,identical_after_norm,/daycare/children-are-people-education-1445,/daycare/children-are-people-ideal-child-services-group-16010,bundled_legacy_dup|high_same_street
children-of-tomorrow-john-mccrae-1347,on-tor-1347,bundled,children-of-tomorrow-childcare-0006537,on-0006537,Children Of Tomorrow - John McCrae,Children Of Tomorrow Childcare,431 Mccowan Rd,431 Mccowan Road,Toronto,ON,M1J 1J1,M1J 1J1,identical_after_norm,/daycare/children-of-tomorrow-john-mccrae-1347,/daycare/children-of-tomorrow-childcare-0006537,bundled_legacy_dup|high_same_street
children-s-garden-junior-school-early-start-e0cbe898,mx-0cb9e0cbe898,mx,children-s-garden-junior-school-early-start-12335,on-tor-12335,Children'S Garden Junior School - Early Start,Children's Garden Junior School - Early Start,670 Eglinton Avenue,670 Eglinton Ave E,Toronto,ON,M4G 2K4,M4G 2K4,type_or_direction_only,/daycare/children-s-garden-junior-school-early-start-e0cbe898,/daycare/children-s-garden-junior-school-early-start-12335,mx_copy_of_bundled|high_same_street
children-s-creative-corner-co-op-nursery-school-6374,on-tor-6374,bundled,children-s-creative-corner-co-operative-nursery--07214,on-07214,Children's Creative Corner Co-Op Nursery School,Children'S Creative Corner Co-Operative Nursery School Inc.,125 Evelyn Cres,125 Evelyn Crescent,Toronto,ON,M6P 3E3,M6P 3E3,identical_after_norm,/daycare/children-s-creative-corner-co-op-nursery-school-6374,/daycare/children-s-creative-corner-co-operative-nursery--07214,bundled_legacy_dup|high_same_street
children-s-land-learning-centre-inc-14605,on-tor-14605,bundled,children-s-land-learning-center-inc-61932,on-61932,Children's Land Learning Centre Inc.,Children'S Land Learning Center Inc.,297 Old Kingston Rd,297 Old Kingston Rd,Toronto,ON,M1C 1B4,M1C 1B4,identical_after_norm,/daycare/children-s-land-learning-centre-inc-14605,/daycare/children-s-land-learning-center-inc-61932,bundled_legacy_dup|high_same_street
children-s-village-day-care-centre-3-1460,on-tor-1460,bundled,children-s-village-day-care-centre-225-markham-r-04569,on-04569,Children's Village Day Care Centre #3,Children'S Village Day Care Centre (225 Markham Road),225 Markham Rd,225 Markham Road,Toronto,ON,M1J 3C6,M1J 3C6,identical_after_norm,/daycare/children-s-village-day-care-centre-3-1460,/daycare/children-s-village-day-care-centre-225-markham-r-04569,bundled_legacy_dup|high_same_street
clairlea-child-care-centre-13608,on-tor-13608,bundled,clairlea-child-care-centre-56968,on-56968,Clairlea Child Care Centre,Clairlea Child Care Centre,25 Rosalind Cres,25 Rosalind Cres. Cul-De-Sac,Toronto,ON,M1L 2X1,M1L 2X1,prefix(unit/city suffix),/daycare/clairlea-child-care-centre-13608,/daycare/clairlea-child-care-centre-56968,bundled_legacy_dup|high_same_street
columbus-early-learning-centres-st-charles-13993,on-tor-13993,bundled,columbus-early-learnin-centres-st-charles-57774,on-57774,Columbus Early Learning Centres - St Charles,Columbus Early Learnin Centres-St Charles,50 Claver Ave,50 Claver Avenue,Toronto,ON,M6B 2W1,M6B 2W1,identical_after_norm,/daycare/columbus-early-learning-centres-st-charles-13993,/daycare/columbus-early-learnin-centres-st-charles-57774,bundled_legacy_dup|high_same_street
cottingham-child-care-centre-1294,on-tor-1294,bundled,cottingham-day-care-program-04203,on-04203,Cottingham Child Care Centre,Cottingham Day Care Program,85 Birch Ave,85 Birch Avenue,Toronto,ON,M4V 1E3,M4V 1E3,identical_after_norm,/daycare/cottingham-child-care-centre-1294,/daycare/cottingham-day-care-program-04203,bundled_legacy_dup|high_same_street
cougar-court-child-care-centre-15-1909,on-tor-1909,bundled,cougar-court-childcare-centre-25-operator-897623-0003079,on-0003079,Cougar Court Child Care Centre 15,Cougar Court Childcare Centre # 25 (Operator: 897623 Ontario Limited),3225 Eglinton Ave E,3225 Eglinton Avenue,Toronto,ON,M1J 2H7,M1J 2H7,type_or_direction_only,/daycare/cougar-court-child-care-centre-15-1909,/daycare/cougar-court-childcare-centre-25-operator-897623-0003079,bundled_legacy_dup|high_same_street
cougar-court-child-care-centre-25-1507,on-tor-1507,bundled,cougar-court-childcare-centre-25-operator-897623-0003079,on-0003079,Cougar Court Child Care Centre 25,Cougar Court Childcare Centre # 25 (Operator: 897623 Ontario Limited),3225 Eglinton Ave E,3225 Eglinton Avenue,Toronto,ON,M1J 2H7,M1J 2H7,type_or_direction_only,/daycare/cougar-court-child-care-centre-25-1507,/daycare/cougar-court-childcare-centre-25-operator-897623-0003079,bundled_legacy_dup|high_same_street
coxwell-early-learning-and-child-care-centre-6eb38845,mx-c1866eb38845,mx,coxwell-early-learning-child-care-centre-1888,on-tor-1888,Coxwell Early Learning & Child Care Centre,Coxwell Early Learning & Child Care Centre,1631 Queen Street,1631 Queen St E,Toronto,ON,M4L 1G4,M4L 1G4,type_or_direction_only,/daycare/coxwell-early-learning-and-child-care-centre-6eb38845,/daycare/coxwell-early-learning-child-care-centre-1888,mx_copy_of_bundled|high_same_street
david-lewis-jr-ymca-1914,on-tor-1914,bundled,david-lewis-junior-y-ymca-11866,on-11866,David Lewis Jr Ymca,David Lewis Junior Y (Ymca),130 Fundy Bay Blvd,130 Fundy Bay Boulevard,Toronto,ON,M1W 3G1,M1W 3G1,identical_after_norm,/daycare/david-lewis-jr-ymca-1914,/daycare/david-lewis-junior-y-ymca-11866,bundled_legacy_dup|high_same_street
denlow-community-child-care-centre-north-york-4176,on-tor-4176,bundled,denlow-community-child-care-north-york-07015,on-07015,Denlow Community Child Care Centre - North York,Denlow Community Child Care - North York,50 Denlow Blvd,50 Denlow Boulevard,Toronto,ON,M3B 1P7,M3B 1P7,identical_after_norm,/daycare/denlow-community-child-care-centre-north-york-4176,/daycare/denlow-community-child-care-north-york-07015,bundled_legacy_dup|high_same_street
denton-place-centres-for-early-learning-inc-10270,on-tor-10270,bundled,cambridge-place-centre-for-early-learning-1452,on-tor-1452,Denton Place Centres For Early Learning Inc.,Cambridge Place Centre For Early Learning,30 Denton Ave,30 Denton Ave,Toronto,ON,M1L 4P2,M1L 4P2,identical_after_norm,/daycare/denton-place-centres-for-early-learning-inc-10270,/daycare/cambridge-place-centre-for-early-learning-1452,bundled_legacy_dup|high_same_street
derrydown-school-age-ymca-1926,on-tor-1926,bundled,derrydown-school-age-program-ymca-02104,on-02104,Derrydown School Age Ymca,Derrydown School Age Program - (Ymca),120 Derrydown Rd,120 Derrydown Road,Toronto,ON,M3J 1R7,M3J 1R7,identical_after_norm,/daycare/derrydown-school-age-ymca-1926,/daycare/derrydown-school-age-program-ymca-02104,bundled_legacy_dup|high_same_street
downtown-kids-academy-inc-74e09869,mx-d68774e09869,mx,downtown-kids-academy-inc-11767,on-tor-11767,"Downtown Kids Academy, Inc.","Downtown Kids Academy, Inc.",905 King Street,905 King St W,Toronto,ON,M6K 3G9,M6K 3G9,type_or_direction_only,/daycare/downtown-kids-academy-inc-74e09869,/daycare/downtown-kids-academy-inc-11767,mx_copy_of_bundled|high_same_street
downtown-montessori-at-simcoe-place-4745,on-tor-4745,bundled,downtown-montessori-at-simcoe-place-formerly-day-15096,on-15096,Downtown Montessori At Simcoe Place,Downtown Montessori At Simcoe Place (Formerly Day Care Connection Simcoe),200 Front St W,200 Front Street,Toronto,ON,M5V 3K2,M5V 3K2,type_or_direction_only,/daycare/downtown-montessori-at-simcoe-place-4745,/daycare/downtown-montessori-at-simcoe-place-formerly-day-15096,bundled_legacy_dup|high_same_street
earl-haig-community-day-care-15-earl-haig-avenue-1467,on-tor-1467,bundled,earl-haig-community-day-care-centre-15-earl-haig-06886,on-06886,Earl Haig Community Day Care (15 Earl Haig Avenue),Earl Haig Community Day Care Centre (15 Earl Haig Avenue),15 Earl Haig Ave,15 Earl Haig Avenue,Toronto,ON,M4C 1E2,M4C 1E2,identical_after_norm,/daycare/earl-haig-community-day-care-15-earl-haig-avenue-1467,/daycare/earl-haig-community-day-care-centre-15-earl-haig-06886,bundled_legacy_dup|high_same_street
east-scarb-boys-girls-club-eastside-child-care-c-1079,on-tor-1079,bundled,east-scarborough-boys-and-girls-club-eastside-ch-11801,on-11801,East Scarb. Boys' & Girls' Club - Eastside Child Care Centre,East Scarborough Boys' And Girls' Club (Eastside Child Care Centre - 20 Waldock),20 Waldock St,20 Waldock Street,Toronto,ON,M1E 2E5,M1E 2E5,identical_after_norm,/daycare/east-scarb-boys-girls-club-eastside-child-care-c-1079,/daycare/east-scarborough-boys-and-girls-club-eastside-ch-11801,bundled_legacy_dup|high_same_street
east-scarb-child-care-centre-east-scarb-boys-gir-11669,on-tor-11669,bundled,east-scarborough-child-care-centre-east-scarboro-0003958,on-0003958,East Scarb. Child Care Centre - East Scarb. Boys & Girls Club,East Scarborough Child Care Centre (East Scarborough Boys And Girls Club),230 Morningside Ave,230 Morningside Avenue,Toronto,ON,M1E 3E1,M1E 3E1,identical_after_norm,/daycare/east-scarb-child-care-centre-east-scarb-boys-gir-11669,/daycare/east-scarborough-child-care-centre-east-scarboro-0003958,bundled_legacy_dup|high_same_street
educare-kindergarten-islington-1426,on-tor-1426,bundled,educare-kindergarten-and-day-care-centre-islingt-07230,on-07230,Educare Kindergarten - Islington,Educare Kindergarten And Day Care Centre (Islington Ave) 555033 Ontario Limited,2825 Islington Ave,2825 Islington Avenue,Toronto,ON,M9L 2K1,M9L 2K1,identical_after_norm,/daycare/educare-kindergarten-islington-1426,/daycare/educare-kindergarten-and-day-care-centre-islingt-07230,bundled_legacy_dup|high_same_street
eyet-crescent-town-centre-a1003173,mx-4b88a1003173,mx,eyet-crescent-town-centre-14231,on-tor-14231,Eyet - Crescent Town Centre,Eyet - Crescent Town Centre,2A The Marketplace,2A The Market Pl,Toronto,ON,M4C 5M1,M4C 5M1,identical_after_norm,/daycare/eyet-crescent-town-centre-a1003173,/daycare/eyet-crescent-town-centre-14231,mx_copy_of_bundled|high_same_street
eyet-early-learning-centre-crescent-town-elementary-school-521b9a66,mx-8387521b9a66,mx,eyet-early-learning-centre-crescent-town-element-12661,on-tor-12661,"Eyet Early Learning Centre, Crescent Town Elementary School","Eyet Early Learning Centre, Crescent Town Elementary School",4 Massey Square,4 Massey Sq,Toronto,ON,M4C 5M9,M4C 5M9,identical_after_norm,/daycare/eyet-early-learning-centre-crescent-town-elementary-school-521b9a66,/daycare/eyet-early-learning-centre-crescent-town-element-12661,mx_copy_of_bundled|high_same_street
fantasia-child-care-center-2724826-ontario-inc-14302,on-tor-14302,bundled,fantasia-child-care-center-58557,on-58557,Fantasia Child Care Center (2724826 Ontario Inc),Fantasia Child Care Center,678 Sheppard Ave W,678 Sheppard Avenue,Toronto,ON,M3H 2S5,M3H 2S5,type_or_direction_only,/daycare/fantasia-child-care-center-2724826-ontario-inc-14302,/daycare/fantasia-child-care-center-58557,bundled_legacy_dup|high_same_street
faywood-boulevard-child-care-centre-1500,on-tor-1500,bundled,faywood-boulevard-child-care-program-06826,on-06826,Faywood Boulevard Child Care Centre,Faywood Boulevard Child Care Program,95 Faywood Blvd,95 Faywood Boulevard,Toronto,ON,M3H 2X5,M3H 2X5,identical_after_norm,/daycare/faywood-boulevard-child-care-centre-1500,/daycare/faywood-boulevard-child-care-program-06826,bundled_legacy_dup|high_same_street
finch-business-park-child-care-9240,on-tor-9240,bundled,finch-business-park-child-care-graydon-hall-1183-0001658,on-0001658,Finch Business Park Child Care,Finch Business Park Child Care - Graydon Hall (1183A Finch West),1183A Finch Ave W,1183A Finch Avenue,Toronto,ON,M3J 2G3,M3J 2G3,type_or_direction_only,/daycare/finch-business-park-child-care-9240,/daycare/finch-business-park-child-care-graydon-hall-1183-0001658,bundled_legacy_dup|high_same_street
finch-flyers-child-care-program-1522,on-tor-1522,bundled,finch-flyers-08505,on-08505,Finch Flyers Child Care Program,Finch Flyers,277 Finch Ave E,277 Finch Avenue,Toronto,ON,M2N 4S3,M2N 4S3,type_or_direction_only,/daycare/finch-flyers-child-care-program-1522,/daycare/finch-flyers-08505,bundled_legacy_dup|high_same_street
first-stage-burnhamthorpe-1125,on-tor-1125,bundled,first-stage-child-care-centre-500-the-east-mall-12245,on-12245,First Stage - Burnhamthorpe,First Stage Child Care Centre (500 The East Mall),500 The East Mall,500 The East Mall,Toronto,ON,M9B 2C4,M9B 2C4,identical_after_norm,/daycare/first-stage-burnhamthorpe-1125,/daycare/first-stage-child-care-centre-500-the-east-mall-12245,bundled_legacy_dup|high_same_street
first-stage-north-albion-4750,on-tor-4750,bundled,first-stage-child-care-centre-2580-kipling-ave-15085,on-15085,First Stage - North Albion,First Stage Child Care Centre (2580 Kipling Ave),2580 Kipling Ave,2580 Kipling Avenue,Toronto,ON,M9V 3B2,M9V 3B2,identical_after_norm,/daycare/first-stage-north-albion-4750,/daycare/first-stage-child-care-centre-2580-kipling-ave-15085,bundled_legacy_dup|high_same_street
fleming-junior-ymca-3875,on-tor-3875,bundled,fleming-junior-y-ymca-12074,on-12074,Fleming Junior Ymca,Fleming Junior Y (Ymca),22 Littles Rd,22 Littles Road,Toronto,ON,M1B 5B5,M1B 5B5,identical_after_norm,/daycare/fleming-junior-ymca-3875,/daycare/fleming-junior-y-ymca-12074,bundled_legacy_dup|high_same_street
friendly-little-campus-2037711-ontario-ltd-21cd7b1b,mx-8f7321cd7b1b,mx,friendly-little-campus-2037711-ontario-ltd-10337,on-tor-10337,Friendly Little Campus (2037711 Ontario Ltd.),Friendly Little Campus (2037711 Ontario Ltd),3255 Lawrence Avenue,3255 Lawrence Ave E,Toronto,ON,M1H 3A3,M1H 3A3,type_or_direction_only,/daycare/friendly-little-campus-2037711-ontario-ltd-21cd7b1b,/daycare/friendly-little-campus-2037711-ontario-ltd-10337,mx_copy_of_bundled|high_same_street
future-stars-child-care-centre-7978,on-tor-7978,bundled,future-stars-child-care-centre-mini-world-ltd-0001039,on-0001039,Future Stars Child Care Centre,Future Stars Child Care Centre (Mini World Ltd),3895 Lawrence Ave E,3895 Lawrence Avenue,Toronto,ON,M1G 3T3,M1G 3T3,type_or_direction_only,/daycare/future-stars-child-care-centre-7978,/daycare/future-stars-child-care-centre-mini-world-ltd-0001039,bundled_legacy_dup|high_same_street
garderie-chez-tante-laure-43b2b0ba,mx-052843b2b0ba,mx,garderie-chez-tante-laure-4590,on-tor-4590,Garderie Chez Tante Laure,Garderie Chez Tante Laure,339 Alton Towers Circle,339 Alton Towers Cir,Toronto,ON,M1V 4L3,M1V 4L3,identical_after_norm,/daycare/garderie-chez-tante-laure-43b2b0ba,/daycare/garderie-chez-tante-laure-4590,mx_copy_of_bundled|high_same_street
garderie-du-soleil-levant-13145,on-tor-13145,bundled,garderie-du-soleil-levant-55607,on-55607,Garderie Du Soleil Levant,Garderie Du Soleil Levant,116 Cornelius Pky,116 Cornelius Parkway,Toronto,ON,M6L 2K5,M6L 2K5,same_number_small_typo(0.97),/daycare/garderie-du-soleil-levant-13145,/daycare/garderie-du-soleil-levant-55607,bundled_legacy_dup|high_same_street
garderie-la-farandole-de-toronto-inc-905b2249,mx-1eed905b2249,mx,garderie-la-farandole-de-toronto-inc-1580,on-tor-1580,Garderie La Farandole De Toronto Inc.,Garderie La Farandole De Toronto Inc.,14 Pembroke Rue,14 Pembroke St,Toronto,ON,M5A 2N7,M5A 2N7,identical_after_norm,/daycare/garderie-la-farandole-de-toronto-inc-905b2249,/daycare/garderie-la-farandole-de-toronto-inc-1580,mx_copy_of_bundled|high_same_street
garderie-la-farandole-sur-grace-76244ed7,mx-058176244ed7,mx,garderie-la-farandole-sur-grace-7708,on-tor-7708,Garderie La Farandole Sur Grace,Garderie La Farandole Sur Grace,77 Grace Rue,77 Grace St,Toronto,ON,M6J 2S4,M6J 2S4,identical_after_norm,/daycare/garderie-la-farandole-sur-grace-76244ed7,/daycare/garderie-la-farandole-sur-grace-7708,mx_copy_of_bundled|high_same_street
garderie-mon-petit-jardin-1db39d5e,mx-ed471db39d5e,mx,garderie-mon-petit-jardin-9330,on-tor-9330,Garderie Mon Petit Jardin,Garderie Mon Petit Jardin,500 Sandhurst Cercle,500 Sandhurst Cir,Toronto,ON,M1S 3Y7,M1S 3Y7,same_number_small_typo(0.86),/daycare/garderie-mon-petit-jardin-1db39d5e,/daycare/garderie-mon-petit-jardin-9330,mx_copy_of_bundled|high_same_street
george-brown-elmlea-13589,on-tor-13589,bundled,elmlea-childcare-centre-56928,on-56928,George Brown - Elmlea,Elmlea Childcare Centre,50 Hadrian Dr,50 Hadrian Drive,Toronto,ON,M9W 1V4,M9W 1V4,identical_after_norm,/daycare/george-brown-elmlea-13589,/daycare/elmlea-childcare-centre-56928,bundled_legacy_dup|high_same_street
george-brown-richmond-adelaide-childcare-centre-5586d9e2,mx-1e7b5586d9e2,mx,george-brown-richmond-adelaide-childcare-centre-1016,on-tor-1016,George Brown - Richmond Adelaide Childcare Centre,George Brown - Richmond Adelaide Childcare Centre,130 Adelaide Street,130 Adelaide St W,Toronto,ON,M5H 3L5,M5H 3P5,type_or_direction_only,/daycare/george-brown-richmond-adelaide-childcare-centre-5586d9e2,/daycare/george-brown-richmond-adelaide-childcare-centre-1016,mx_copy_of_bundled|high_same_street
george-brown-dundas-street-east-child-care-centre-72315afe,mx-1d8472315afe,mx,george-brown-dundas-street-east-child-care-centr-14630,on-tor-14630,George Brown-Dundas Street East Child Care Centre,George Brown - Dundas Street East Child Care Centre,935 Dundas Street,935 Dundas St E,Toronto,ON,M4M 1R4,M4M 1R4,type_or_direction_only,/daycare/george-brown-dundas-street-east-child-care-centre-72315afe,/daycare/george-brown-dundas-street-east-child-care-centr-14630,mx_copy_of_bundled|high_same_street
george-webster-jr-ymca-1958,on-tor-1958,bundled,george-webster-ymca-child-care-57222,on-57222,George Webster Jr Ymca,George Webster Ymca Child Care,50 Chapman Ave,50 Chapman Avenue,Toronto,ON,M4B 1C5,M4B 1C5,identical_after_norm,/daycare/george-webster-jr-ymca-1958,/daycare/george-webster-ymca-child-care-57222,bundled_legacy_dup|high_same_street
gerrard-early-learning-centre-10468,on-tor-10468,bundled,gerrard-early-learning-centre-plato-adult-educat-0003309,on-0003309,Gerrard Early Learning Centre,Gerrard Early Learning Centre (Plato Adult Education Centre Of Toronto),163 Gerrard St E,163 Gerrard Street,Toronto,ON,M5A 2E4,M5A 2E4,type_or_direction_only,/daycare/gerrard-early-learning-centre-10468,/daycare/gerrard-early-learning-centre-plato-adult-educat-0003309,bundled_legacy_dup|high_same_street
gibraltar-point-day-nursery-inc-ce21eb15,mx-d27dce21eb15,mx,gibraltar-point-day-nursery-inc-6860,on-tor-6860,Gibraltar Point Day Nursery Inc.,Gibraltar Point Day Nursery Inc.,30 Centre Island Park,30 Centre Island Pk,Toronto,ON,M5J 2E9,M5J 2E9,same_number_small_typo(0.95),/daycare/gibraltar-point-day-nursery-inc-ce21eb15,/daycare/gibraltar-point-day-nursery-inc-6860,mx_copy_of_bundled|high_same_street
green-apple-kids-aa21e70b,mx-22f8aa21e70b,mx,green-apple-kids-12309,on-tor-12309,Green Apple Kids,Green Apple Kids,3605 Dundas Street,3605 Dundas St W,Toronto,ON,M6S 2T1,M6S 2T1,type_or_direction_only,/daycare/green-apple-kids-aa21e70b,/daycare/green-apple-kids-12309,mx_copy_of_bundled|high_same_street
growing-tykes-child-care-8162,on-tor-8162,bundled,growing-tykes-child-care-4105-lawrence-avenue-ea-0001089,on-0001089,Growing Tykes Child Care,Growing Tykes Child Care (4105 Lawrence Avenue East),4105 Lawrence Ave E,4105 Lawrence Avenue,Toronto,ON,M1E 2S2,M1E 2S2,type_or_direction_only,/daycare/growing-tykes-child-care-8162,/daycare/growing-tykes-child-care-4105-lawrence-avenue-ea-0001089,bundled_legacy_dup|high_same_street
growing-tykes-learning-centre-dundas-street-west-9707,on-tor-9707,bundled,growing-tykes-child-care-5150-dundas-street-west-0002192,on-0002192,Growing Tykes Learning Centre (Dundas Street West),Growing Tykes Child Care (5150 Dundas Street West),5150 Dundas St W,5150 Dundas Street,Toronto,ON,M9A 1C3,M9A 1C3,type_or_direction_only,/daycare/growing-tykes-learning-centre-dundas-street-west-9707,/daycare/growing-tykes-child-care-5150-dundas-street-west-0002192,bundled_legacy_dup|high_same_street
growing-tykes-learning-centre-910-markham-road-5468,on-tor-5468,bundled,growing-tykes-child-care-910-markham-road-16094,on-16094,Growing Tykes Learning Centre 910 Markham Road,Growing Tykes Child Care (910 Markham Road),910 Markham Rd,910 Markham Road,Toronto,ON,M1H 2Y2,M1H 2Y2,identical_after_norm,/daycare/growing-tykes-learning-centre-910-markham-road-5468,/daycare/growing-tykes-child-care-910-markham-road-16094,bundled_legacy_dup|high_same_street
head-start-montessori-school-abcc05d3,mx-b124abcc05d3,mx,head-start-montessori-school-9373,on-tor-9373,Head Start Montessori School,Head Start Montessori School,2235 Sheppard Avenue,2235 Sheppard Ave E,Toronto,ON,M2J 5B5,M2J 5B5,type_or_direction_only,/daycare/head-start-montessori-school-abcc05d3,/daycare/head-start-montessori-school-9373,mx_copy_of_bundled|high_same_street
heart-beatz-child-care-cliffcrest-site-48577950,mx-b2b448577950,mx,heart-beatz-child-care-cliffcrest-site-1466,on-tor-1466,Heart Beatz Child Care - Cliffcrest Site,Heart Beatz Child Care - Cliffcrest Site,2938 Eglinton Avenue,2938 Eglinton Ave E,Toronto,ON,M1J 2E4,M1J 2E4,type_or_direction_only,/daycare/heart-beatz-child-care-cliffcrest-site-48577950,/daycare/heart-beatz-child-care-cliffcrest-site-1466,mx_copy_of_bundled|high_same_street
hester-how-early-learning-centre-6d6e1bef,mx-1c1c6d6e1bef,mx,hester-how-early-learning-centre-1663,on-tor-1663,Hester How Early Learning Centre,Hester How Early Learning Centre,100 Queen Street,100 Queen St W,Toronto,ON,M5H 2N2,M5H 2N2,type_or_direction_only,/daycare/hester-how-early-learning-centre-6d6e1bef,/daycare/hester-how-early-learning-centre-1663,mx_copy_of_bundled|high_same_street
high-park-gardens-montessori-school-0ae607a7,mx-0a820ae607a7,mx,high-park-gardens-montessori-school-13329,on-tor-13329,High Park Gardens Montessori School,High Park Gardens Montessori School,35 High Park Gardens,35 High Park Gdns,Toronto,ON,M6R 1S8,M6R 1S8,same_number_small_typo(0.92),/daycare/high-park-gardens-montessori-school-0ae607a7,/daycare/high-park-gardens-montessori-school-13329,mx_copy_of_bundled|high_same_street
high-park-jr-ymca-1915,on-tor-1915,bundled,high-park-ymca-day-care-centre-ymca-02034,on-02034,High Park Jr Ymca,High Park Ymca Day Care Centre - (Ymca),2665 Dundas St W,2665 Dundas Street,Toronto,ON,M6P 1Y1,M6P 1Y1,type_or_direction_only,/daycare/high-park-jr-ymca-1915,/daycare/high-park-ymca-day-care-centre-ymca-02034,bundled_legacy_dup|high_same_street
hippo-nursery-school-88f11a00,mx-a28188f11a00,mx,hippo-nursery-school-5873,on-tor-5873,Hippo Nursery School,Hippo Nursery School,729 St.Clair Avenue,729 St Clair Ave W,Toronto,ON,M6C 1B2,M6C 1B2,type_or_direction_only,/daycare/hippo-nursery-school-88f11a00,/daycare/hippo-nursery-school-5873,mx_copy_of_bundled|high_same_street
holland-bloorview-kids-rehab-high-park-site-1f0079ef,mx-cfd71f0079ef,mx,indian-road-crescent-school-age-ymca-13122,on-tor-13122,Holland Bloorview Kids Rehab (High Park Site),Indian Road Crescent School Age Ymca,285 Indian Road Crescent,285 Indian Road Cres,Toronto,ON,M6P 2G8,M6P 2G8,identical_after_norm,/daycare/holland-bloorview-kids-rehab-high-park-site-1f0079ef,/daycare/indian-road-crescent-school-age-ymca-13122,mx_copy_of_bundled|high_same_street
holland-bloorview-kids-rehab-play-and-learn-nursery-5441e145,mx-31625441e145,mx,holland-bloorview-kids-rehab-play-learn-nursery-6608,on-tor-6608,Holland Bloorview Kids Rehab (Play & Learn Nursery),Holland-Bloorview Kids Rehab. - (Play & Learn Nursery),666 Eglinton Avenue,666 Eglinton Ave W,Toronto,ON,M5N 1C3,M5N 1B9,type_or_direction_only,/daycare/holland-bloorview-kids-rehab-play-and-learn-nursery-5441e145,/daycare/holland-bloorview-kids-rehab-play-learn-nursery-6608,mx_copy_of_bundled|high_same_street
holy-spirit-jr-ymca-1927,on-tor-1927,bundled,holy-spirit-ymca-child-care-ymca-07020,on-07020,Holy Spirit Jr Ymca,Holy Spirit Ymca Child Care (Ymca),3530 Sheppard Ave E,3530 Sheppard Avenue,Toronto,ON,M1T 3K7,M1T 3K7,type_or_direction_only,/daycare/holy-spirit-jr-ymca-1927,/daycare/holy-spirit-ymca-child-care-ymca-07020,bundled_legacy_dup|high_same_street
holy-trinity-ymca-6f4aff26,mx-a3ae6f4aff26,mx,holy-trinity-ymca-13756,on-tor-13756,Holy Trinity Ymca,Holy Trinity Ymca,6 Colonel Samuel Smith Drive,6 Colonel Samuel Smith Park Dr,Toronto,ON,M8V 4B7,M8V 4B7,same_number_small_typo(0.90),/daycare/holy-trinity-ymca-6f4aff26,/daycare/holy-trinity-ymca-13756,mx_copy_of_bundled|high_same_street
hopscotch-montessori-canada-e25a734e,mx-1be0e25a734e,mx,hopscotch-montessori-canada-14643,on-tor-14643,Hopscotch Montessori Canada,Hopscotch Montessori Canada,55 St.Clair West Avenue,55 St Clair Ave W,Toronto,ON,M4V 1N5,M4V 2Y7,type_or_direction_only,/daycare/hopscotch-montessori-canada-e25a734e,/daycare/hopscotch-montessori-canada-14643,mx_copy_of_bundled|high_same_street
humber-college-day-care-205-humber-college-blvd-3e6f2d72,mx-482d3e6f2d72,mx,humber-child-development-centre-1211,on-tor-1211,Humber College Day Care (205 Humber College Blvd.),Humber Child Development Centre,205 Humber College Boulevard,205 Humber College Blvd,Toronto,ON,M9W 5L7,M9W 5L7,identical_after_norm,/daycare/humber-college-day-care-205-humber-college-blvd-3e6f2d72,/daycare/humber-child-development-centre-1211,mx_copy_of_bundled|high_same_street
humbercrest-nursery-school-f6fa723d,mx-3176f6fa723d,mx,king-george-b-a-school-program-7693,on-tor-7693,Humbercrest Nursery School,King George B & A School Program,25 Rexford Road,25 Rexford Rd,Toronto,ON,M6S 2M2,M6S 2M2,identical_after_norm,/daycare/humbercrest-nursery-school-f6fa723d,/daycare/king-george-b-a-school-program-7693,mx_copy_of_bundled|high_same_street
humbercrest-school-age-ymca-1941,on-tor-1941,bundled,humbercrest-school-age-program-ymca-03981,on-03981,Humbercrest School Age Ymca,Humbercrest School Age Program - (Ymca),14 St Marks Rd,14 St.Marks Road,Toronto,ON,M6S 2H7,M6S 2H7,identical_after_norm,/daycare/humbercrest-school-age-ymca-1941,/daycare/humbercrest-school-age-program-ymca-03981,bundled_legacy_dup|high_same_street
humewood-day-care-centre-1201,on-tor-1201,bundled,maplewood-before-and-after-care-program-0000749,on-0000749,Humewood Day Care Centre,Maplewood Before And After Care Program,15 Cherrywood Ave,15 Cherrywood Avenue,Toronto,ON,M6C 2X4,M6C 2X4,identical_after_norm,/daycare/humewood-day-care-centre-1201,/daycare/maplewood-before-and-after-care-program-0000749,bundled_legacy_dup|high_same_street
hunter-s-glen-school-age-ymca-1952,on-tor-1952,bundled,hunters-glen-school-age-program-ymca-02063,on-02063,Hunter's Glen School Age Ymca,Hunters Glen School Age Program - (Ymca),16 Haileybury Dr,16 Haileybury Drive,Toronto,ON,M1K 4X5,M1K 4X5,identical_after_norm,/daycare/hunter-s-glen-school-age-ymca-1952,/daycare/hunters-glen-school-age-program-ymca-02063,bundled_legacy_dup|high_same_street
hurwich-education-centre-kamin-14362,on-tor-14362,bundled,hurwich-education-centre-kamin-59342,on-59342,Hurwich Education Centre - Kamin,Hurwich Education Centre - Kamin,252 Finch Ave W,252 Finch Avenue,Toronto,ON,M2R 1M9,M2R 1M9,type_or_direction_only,/daycare/hurwich-education-centre-kamin-14362,/daycare/hurwich-education-centre-kamin-59342,bundled_legacy_dup|high_same_street
immanuel-child-care-centre-1360,on-tor-1360,bundled,immanuel-day-care-centre-04621,on-04621,Immanuel Child Care Centre,Immanuel Day Care Centre,21 Channel Nine Crt,21 Channel Nine Court,Toronto,ON,M1S 4B5,M1S 4B5,same_number_small_typo(0.97),/daycare/immanuel-child-care-centre-1360,/daycare/immanuel-day-care-centre-04621,bundled_legacy_dup|high_same_street
isabella-walton-child-care-scarborough-inc-3810,on-tor-3810,bundled,isabella-walton-childcare-centre-scarborough-inc-12069,on-12069,Isabella Walton Child Care (Scarborough) Inc.,Isabella Walton Childcare Centre (Scarborough) Inc.,835 Birchmount Rd,835 Birchmount Road,Toronto,ON,M1K 5K1,M1K 5K1,identical_after_norm,/daycare/isabella-walton-child-care-scarborough-inc-3810,/daycare/isabella-walton-childcare-centre-scarborough-inc-12069,bundled_legacy_dup|high_same_street
itty-bitty-scholars-daycare-inc-14702,on-tor-14702,bundled,itty-bitty-scholars-daycare-inc-63457,on-63457,Itty Bitty Scholars Daycare Inc.,Itty Bitty Scholars Daycare Inc.,4650 Eglinton Ave W,4650 Eglinton Avenue,Toronto,ON,M9A 0E3,M9A 0E3,type_or_direction_only,/daycare/itty-bitty-scholars-daycare-inc-14702,/daycare/itty-bitty-scholars-daycare-inc-63457,bundled_legacy_dup|high_same_street
jardin-d-eveil-13345,on-tor-13345,bundled,jardin-d-veil-56324,on-56324,Jardin D'Eveil,Jardin D'Éveil,294 Lawrence Ave E,294 Lawrence Avenue,Toronto,ON,M4N 1T7,M4N 3H4,type_or_direction_only,/daycare/jardin-d-eveil-13345,/daycare/jardin-d-veil-56324,bundled_legacy_dup|high_same_street
jingbao-bilingual-children-s-centre-scarborough-12333,on-tor-12333,bundled,jingbao-bilingual-children-s-centre-2350-mccowan-0005108,on-0005108,Jingbao Bilingual Children's Centre - Scarborough,Jingbao Bilingual Children'S Centre (2350 Mccowan Road),2350 Mccowan Rd,2350 Mccowan Road,Toronto,ON,M1S 4B4,M1S 4B4,identical_after_norm,/daycare/jingbao-bilingual-children-s-centre-scarborough-12333,/daycare/jingbao-bilingual-children-s-centre-2350-mccowan-0005108,bundled_legacy_dup|high_same_street
john-ross-robertson-child-centre-b90eedd0,mx-4838b90eedd0,mx,john-ross-robertson-child-centre-1613,on-tor-1613,John Ross Robertson Child Centre,John Ross Robertson Child Centre,130 Glengrove Avenue,130 Glengrove Ave W,Toronto,ON,M4R 1P2,M4R 1P2,type_or_direction_only,/daycare/john-ross-robertson-child-centre-b90eedd0,/daycare/john-ross-robertson-child-centre-1613,mx_copy_of_bundled|high_same_street
keelmount-daycare-centre-1636,on-tor-1636,bundled,keelmount-day-care-of-toronto-08468,on-08468,Keelmount Daycare Centre,Keelmount Day Care Of Toronto,99 Mountview Ave,99 Mountview Avenue,Toronto,ON,M6P 2L5,M6P 2L5,identical_after_norm,/daycare/keelmount-daycare-centre-1636,/daycare/keelmount-day-care-of-toronto-08468,bundled_legacy_dup|high_same_street
kenlinton-child-care-centre-operator-stonehill-facility-16008-f563af0e,mx-c0adf563af0e,mx,kenlinton-child-care-centre-operator-stonehill-f-1538,on-tor-1538,Kenlinton Child Care Centre (Operator: Stonehill) Facility #16008,Kenlinton Child Care Centre (Operator-Stonehill) Facility #16008,2283 Eglinton Avenue,2283 Eglinton Ave E,Toronto,ON,M1K 2N4,M1K 2N4,type_or_direction_only,/daycare/kenlinton-child-care-centre-operator-stonehill-facility-16008-f563af0e,/daycare/kenlinton-child-care-centre-operator-stonehill-f-1538,mx_copy_of_bundled|high_same_street
kids-and-company-bloor-street-site-e8931801,mx-8ca5e8931801,mx,kids-company-bloor-street-site-9815,on-tor-9815,Kids & Company - Bloor Street Site,Kids & Company - Bloor Street Site,160 Bloor Street,160 Bloor St E,Toronto,ON,M4W 1B9,M4W 1B9,type_or_direction_only,/daycare/kids-and-company-bloor-street-site-e8931801,/daycare/kids-company-bloor-street-site-9815,mx_copy_of_bundled|high_same_street
kids-and-company-front-street-site-b4891fd4,mx-6d3bb4891fd4,mx,kids-company-front-street-site-9847,on-tor-9847,Kids & Company - Front Street Site,Kids & Company - Front Street Site,320 Front Street,320 Front St W,Toronto,ON,M5V 3B6,M5V 3B6,type_or_direction_only,/daycare/kids-and-company-front-street-site-b4891fd4,/daycare/kids-company-front-street-site-9847,mx_copy_of_bundled|high_same_street
kids-company-etobicoke-11969,on-tor-11969,bundled,kids-company-etobicoke-56194,on-56194,Kids & Company Etobicoke,Kids & Company Etobicoke,3250 Bloor St W,3250 Bloor Street,Toronto,ON,M8X 2X9,M8X 2W8,type_or_direction_only,/daycare/kids-company-etobicoke-11969,/daycare/kids-company-etobicoke-56194,bundled_legacy_dup|high_same_street
kids-and-company-king-and-highline-c8191601,mx-fc13c8191601,mx,kids-company-king-and-highline-13953,on-tor-13953,Kids & Company King And Highline,Kids & Company King And Highline,1100 King Street,1100 King St W,Toronto,ON,M6K 1E6,M6K 1E6,type_or_direction_only,/daycare/kids-and-company-king-and-highline-c8191601,/daycare/kids-company-king-and-highline-13953,mx_copy_of_bundled|high_same_street
kids-and-company-ltd-bloor-christie-5321f17a,mx-59325321f17a,mx,kids-company-ltd-bloor-christie-12860,on-tor-12860,Kids & Company Ltd. - Bloor Christie,Kids & Company Ltd. - Bloor Christie,703 Bloor Street,703 Bloor St W,Toronto,ON,M6G 1L5,M6G 1L5,type_or_direction_only,/daycare/kids-and-company-ltd-bloor-christie-5321f17a,/daycare/kids-company-ltd-bloor-christie-12860,mx_copy_of_bundled|high_same_street
kids-and-company-queen-west-15e7c6da,mx-0d2e15e7c6da,mx,kids-company-queen-west-13963,on-tor-13963,Kids & Company Queen West,Kids & Company Queen West,308 Queen Street,308 Queen St W,Toronto,ON,M5V 2A2,M5V 2A4,type_or_direction_only,/daycare/kids-and-company-queen-west-15e7c6da,/daycare/kids-company-queen-west-13963,mx_copy_of_bundled|high_same_street
kids-korner-day-care-1630,on-tor-1630,bundled,kids-korner-daycare-centre-dovercourt-boys-and-g-07207,on-07207,Kids Korner Day Care,Kids' Korner Daycare Centre (Dovercourt Boys And Girls Club),180 Westmoreland Ave,180 Westmoreland Avenue,Toronto,ON,M6H 3A2,M6H 3A2,identical_after_norm,/daycare/kids-korner-day-care-1630,/daycare/kids-korner-daycare-centre-dovercourt-boys-and-g-07207,bundled_legacy_dup|high_same_street
kinder-college-early-learning-centre-407c4ab2,mx-8ade407c4ab2,mx,kinder-college-early-learning-centre-12397,on-tor-12397,Kinder College Early Learning Centre,Kinder College Early Learning Centre,218 Richmond Street,218 Richmond St W,Toronto,ON,M5V 1V6,M5V 1V6,type_or_direction_only,/daycare/kinder-college-early-learning-centre-407c4ab2,/daycare/kinder-college-early-learning-centre-12397,mx_copy_of_bundled|high_same_street
knob-hill-school-age-ymca-1951,on-tor-1951,bundled,knob-hill-school-age-program-ymca-03362,on-03362,Knob Hill School Age Ymca,Knob Hill School Age Program (Ymca),25 Seminole Ave,25 Seminole Avenue,Toronto,ON,M1J 1M8,M1J 1M8,identical_after_norm,/daycare/knob-hill-school-age-ymca-1951,/daycare/knob-hill-school-age-program-ymca-03362,bundled_legacy_dup|high_same_street
kreative-kids-child-care-centre-1f84d133,mx-228d1f84d133,mx,kreative-kids-child-care-centre-11809,on-tor-11809,Kreative Kids Child Care Centre,Kreative Kids Child Care Centre,100 Bamburgh Circle,100 Bamburgh Cir,Toronto,ON,M1W 3R3,M1W 3R3,identical_after_norm,/daycare/kreative-kids-child-care-centre-1f84d133,/daycare/kreative-kids-child-care-centre-11809,mx_copy_of_bundled|high_same_street
la-citadelle-international-academy-of-arts-scien-13454,on-tor-13454,bundled,la-citadelle-international-academy-of-arts-scien-56242,on-56242,La Citadelle International Academy Of Arts & Science,La Citadelle International Academy Of Arts & Science,36 Scarsdale Rd,36 Scarsdale,Toronto,ON,M3B 2R7,M3B 2R7,type_or_direction_only,/daycare/la-citadelle-international-academy-of-arts-scien-13454,/daycare/la-citadelle-international-academy-of-arts-scien-56242,bundled_legacy_dup|high_same_street
lakeside-co-operative-playschool-inc-1756,on-tor-1756,bundled,lakeside-co-operative-playschool-58246,on-58246,Lakeside Co-Operative Playschool Inc.,Lakeside Co-Operative Playschool,2226 Queen St E,2226 Queen Street,Toronto,ON,M4E 1E9,M4E 1E9,type_or_direction_only,/daycare/lakeside-co-operative-playschool-inc-1756,/daycare/lakeside-co-operative-playschool-58246,bundled_legacy_dup|high_same_street
lambton-kingsway-before-after-school-program-inc-6465,on-tor-6465,bundled,lambton-kingsway-before-and-after-school-program-15010,on-15010,Lambton - Kingsway Before & After School Program Inc.,Lambton Kingsway Before And After School Program Inc.,525 Prince Edward Dr N,525 Prince Edward Drive,Toronto,ON,M8X 2M6,M8X 2M6,type_or_direction_only,/daycare/lambton-kingsway-before-after-school-program-inc-6465,/daycare/lambton-kingsway-before-and-after-school-program-15010,bundled_legacy_dup|high_same_street
lamp-jr-ymca-1901,on-tor-1901,bundled,lamp-junior-y-day-care-centre-ymca-02130,on-02130,Lamp Jr Ymca,Lamp Junior Y Day Care Centre (Ymca),185 Fifth St,185 Fifth Street,Toronto,ON,M8V 2Z5,M8V 2Z5,identical_after_norm,/daycare/lamp-jr-ymca-1901,/daycare/lamp-junior-y-day-care-centre-ymca-02130,bundled_legacy_dup|high_same_street
lawrence-orton-early-learning-child-care-centre-14315,on-tor-14315,bundled,lawrence-orton-early-learning-and-child-care-cen-59135,on-59135,Lawrence Orton Early Learning & Child Care Centre,Lawrence Orton Early Learning And Child Care Centre,3947 Lawrence Ave E,3947 Lawrence Avenue,Toronto,ON,M1G 1S1,M1G 1S1,type_or_direction_only,/daycare/lawrence-orton-early-learning-child-care-centre-14315,/daycare/lawrence-orton-early-learning-and-child-care-cen-59135,bundled_legacy_dup|high_same_street
le-jardin-de-moliere-inc-14390,on-tor-14390,bundled,le-jardin-de-moli-re-inc-59656,on-59656,Le Jardin De Moliere Inc,Le Jardin De Molière Inc.,3029 Lake Shore Blvd W,3029 Lake Shore Boulevard,Toronto,ON,M8V 1K5,M8V 1K5,type_or_direction_only,/daycare/le-jardin-de-moliere-inc-14390,/daycare/le-jardin-de-moli-re-inc-59656,bundled_legacy_dup|high_same_street
le-petit-chaperon-rouge-coxwell-8d788c96,mx-d8038d788c96,mx,le-petit-chaperon-rouge-coxwell-9294,on-tor-9294,Le Petit Chaperon Rouge - Coxwell,Le Petit Chaperon Rouge - Coxwell,419 Coxwell Avenue (French),419 Coxwell Ave,Toronto,ON,M4L 3B9,M4L 3B9,prefix(unit/city suffix),/daycare/le-petit-chaperon-rouge-coxwell-8d788c96,/daycare/le-petit-chaperon-rouge-coxwell-9294,mx_copy_of_bundled|high_same_street
le-petit-chaperon-rouge-etobicoke-facility-12270-3963,on-tor-3963,bundled,le-petit-chaperon-rouge-d-etobicoke-facility-122-12270,on-12270,Le Petit Chaperon Rouge - Etobicoke (Facility #12270),Le Petit Chaperon Rouge D'Etobicoke (Facility #12270),755 Royal York Rd,755 Royal York Chemin,Toronto,ON,M8Y 2T3,M8Y 2T3,same_number_small_typo(0.90),/daycare/le-petit-chaperon-rouge-etobicoke-facility-12270-3963,/daycare/le-petit-chaperon-rouge-d-etobicoke-facility-122-12270,bundled_legacy_dup|high_same_street
le-petit-chaperon-rouge-gainsborough-1643c63e,mx-fa9f1643c63e,mx,le-petit-chaperon-rouge-gainsborough-1643,on-tor-1643,Le Petit Chaperon Rouge - Gainsborough,Le Petit Chaperon Rouge - Gainsborough,250 Gainsborough Chemin,250 Gainsborough Rd,Toronto,ON,M4L 3C6,M4L 3C6,same_number_small_typo(0.91),/daycare/le-petit-chaperon-rouge-gainsborough-1643c63e,/daycare/le-petit-chaperon-rouge-gainsborough-1643,mx_copy_of_bundled|high_same_street
le-petit-chaperon-rouge-queensdale-85dbcbab,mx-734485dbcbab,mx,le-petit-chaperon-rouge-queensdale-12200,on-tor-12200,Le Petit Chaperon Rouge - Queensdale,Le Petit Chaperon Rouge - Queensdale,80 Queensdale Avenue (French),80 Queensdale Ave,Toronto,ON,M4J 1Y3,M4J 1Y3,prefix(unit/city suffix),/daycare/le-petit-chaperon-rouge-queensdale-85dbcbab,/daycare/le-petit-chaperon-rouge-queensdale-12200,mx_copy_of_bundled|high_same_street
le-petit-chaperon-rouge-richview-cd131276,mx-4631cd131276,mx,le-petit-chaperon-rouge-richview-13005,on-tor-13005,Le Petit Chaperon Rouge - Richview,Le Petit Chaperon Rouge - Richview,59 Clement Chemin,59 Clement Rd,Toronto,ON,M9R 1Y5,M9R 1Y5,same_number_small_typo(0.87),/daycare/le-petit-chaperon-rouge-richview-cd131276,/daycare/le-petit-chaperon-rouge-richview-13005,mx_copy_of_bundled|high_same_street
lef-silverthorn-early-learning-earth-centre-a1d0999b,mx-666aa1d0999b,mx,lef-silverthorn-early-learning-earth-centre-1272,on-tor-1272,Lef - Silverthorn Early Learning Earth Centre,Lef- Silverthorn Early Learning Earth Centre,2700 Eglinton Avenue,2700 Eglinton Ave W,Toronto,ON,M6M 1V5,M6M 1V1,type_or_direction_only,/daycare/lef-silverthorn-early-learning-earth-centre-a1d0999b,/daycare/lef-silverthorn-early-learning-earth-centre-1272,mx_copy_of_bundled|high_same_street
leonardo-da-vinci-academy-of-arts-science-14291,on-tor-14291,bundled,leonardo-da-vinci-academy-of-arts-science-58477,on-58477,Leonardo Da Vinci Academy Of Arts & Science,Leonardo Da Vinci Academy Of Arts & Science,901 Lawrence Ave W,901 Lawrence Avenue,Toronto,ON,M6A 1C3,M6A 1C3,type_or_direction_only,/daycare/leonardo-da-vinci-academy-of-arts-science-14291,/daycare/leonardo-da-vinci-academy-of-arts-science-58477,bundled_legacy_dup|high_same_street
les-etoiles-brillantes-garderie-bafdb3d8,mx-cf1fbafdb3d8,mx,les-etoiles-brillantes-2-14274,on-tor-14274,Les Etoiles Brillantes - Garderie,Les Etoiles Brillantes 2,100 Ravel Chemin,100 Ravel Rd,Toronto,ON,M2H 1S9,M2H 1S9,same_number_small_typo(0.86),/daycare/les-etoiles-brillantes-garderie-bafdb3d8,/daycare/les-etoiles-brillantes-2-14274,mx_copy_of_bundled|high_same_street
les-merveilles-du-monde-7e5dc8ae,mx-bded7e5dc8ae,mx,les-merveilles-du-monde-13146,on-tor-13146,Les Merveilles Du Monde,Les Merveilles Du Monde,150 Rue Carnforth,150 Carnforth Rd,Toronto,ON,M4A 2K7,M4A 2K7,type_or_direction_only,/daycare/les-merveilles-du-monde-7e5dc8ae,/daycare/les-merveilles-du-monde-13146,mx_copy_of_bundled|high_same_postal
lescon-learners-child-care-1229,on-tor-1229,bundled,lescon-north-york-child-care-program-inc-lescon--06837,on-06837,Lescon Learners Child Care,Lescon (North York) Child Care Program Inc. - Lescon Learners,34 Lescon Rd,34 Lescon Road,Toronto,ON,M2J 2G6,M2J 2G6,identical_after_norm,/daycare/lescon-learners-child-care-1229,/daycare/lescon-north-york-child-care-program-inc-lescon--06837,bundled_legacy_dup|high_same_street
little-bugs-nursery-corporation-14279,on-tor-14279,bundled,little-bugs-nursery-corporation-58702,on-58702,Little Bugs Nursery Corporation,Little Bugs Nursery Corporation,1448 Kingston Rd,1448 Kington Road,Toronto,ON,M1N 1R6,M1N 1R6,same_number_small_typo(0.96),/daycare/little-bugs-nursery-corporation-14279,/daycare/little-bugs-nursery-corporation-58702,bundled_legacy_dup|high_same_postal
little-town-childcare-and-montessori-14353,on-tor-14353,bundled,little-town-childcare-and-montessori-59152,on-59152,Little Town Childcare And Montessori,Little Town Childcare And Montessori,122 Queens Plate Dr,122 Queens Plate,Toronto,ON,M9W 0B4,M9C 4E8,type_or_direction_only,/daycare/little-town-childcare-and-montessori-14353,/daycare/little-town-childcare-and-montessori-59152,bundled_legacy_dup|high_same_street
lori-gardens-centre-for-early-learning-1083,on-tor-1083,bundled,lori-gardens-centre-for-early-learning-centres-f-0000359,on-0000359,Lori Gardens Centre For Early Learning,Lori Gardens Centre For Early Learning (Centres For Early Learning Inc.),2405 Finch Ave W,2405 Finch Avenue,Toronto,ON,M9M 2X2,M9M 2X2,type_or_direction_only,/daycare/lori-gardens-centre-for-early-learning-1083,/daycare/lori-gardens-centre-for-early-learning-centres-f-0000359,bundled_legacy_dup|high_same_street
lucy-maud-montgomery-jr-ymca-3550,on-tor-3550,bundled,lucy-maud-montgomery-jr-y-ymca-11975,on-11975,Lucy Maud Montgomery Jr Ymca,Lucy Maud Montgomery Jr. Y (Ymca),95 Murison Blvd,95 Murison Boulevard,Toronto,ON,M1B 2L6,M1B 2L6,identical_after_norm,/daycare/lucy-maud-montgomery-jr-ymca-3550,/daycare/lucy-maud-montgomery-jr-y-ymca-11975,bundled_legacy_dup|high_same_street
lullaboo-nursery-and-childcare-center-152c5ccb,mx-171b152c5ccb,mx,lullaboo-nursery-and-childcare-center-13783,on-tor-13783,Lullaboo Nursery And Childcare Center,Lullaboo Nursery And Childcare Center,2316 Queen Street,2316 Queen St E,Toronto,ON,M4E 1G8,M4E 1G8,type_or_direction_only,/daycare/lullaboo-nursery-and-childcare-center-152c5ccb,/daycare/lullaboo-nursery-and-childcare-center-13783,mx_copy_of_bundled|high_same_street
lycee-francais-de-toronto-692c6b89,mx-e3cb692c6b89,mx,lycee-francais-de-toronto-12212,on-tor-12212,Lycee Francais De Toronto,Lycee Francais De Toronto,2327 Dufferin Rue,2327 Dufferin St,Toronto,ON,M6E 3S5,M6E 3S5,identical_after_norm,/daycare/lycee-francais-de-toronto-692c6b89,/daycare/lycee-francais-de-toronto-12212,mx_copy_of_bundled|high_same_street
lynngate-jr-ymca-1911,on-tor-1911,bundled,lynngate-junior-y-ymca-12250,on-12250,Lynngate Jr Ymca,Lynngate Junior Y - (Ymca),129 Cass Ave,129 Cass Avenue,Toronto,ON,M1T 2B5,M1T 2B5,identical_after_norm,/daycare/lynngate-jr-ymca-1911,/daycare/lynngate-junior-y-ymca-12250,bundled_legacy_dup|high_same_street
lynnwood-heights-junior-public-school-13802,on-tor-13802,bundled,family-day-lynnwood-heights-extended-day-and-sch-57253,on-57253,Lynnwood Heights Junior Public School,Family Day Lynnwood Heights Extended Day And School Age Program,50 Southlawn Dr,50 Southlawn Drive,Toronto,ON,M1S 1J1,M1S 1J1,identical_after_norm,/daycare/lynnwood-heights-junior-public-school-13802,/daycare/family-day-lynnwood-heights-extended-day-and-sch-57253,bundled_legacy_dup|high_same_street
macaulay-the-well-14615,on-tor-14615,bundled,macaulay-the-well-63274,on-63274,Macaulay - The Well,Macaulay -The Well,486 Front St W,486 Front Street,Toronto,ON,M5V 0V2,M5V 0V2,type_or_direction_only,/daycare/macaulay-the-well-14615,/daycare/macaulay-the-well-63274,bundled_legacy_dup|high_same_street
macaulay-child-development-centre-j-r-wilcox-before-and-after-school-f-f264918e,mx-9cd4f264918e,mx,j-r-wilcox-day-care-centre-1271,on-tor-1271,Macaulay Child Development Centre - J.R. Wilcox Before And After School For Kind,J.R. Wilcox Day Care Centre,231 Ava Road,231 Ava Rd,Toronto,ON,M6C 1X3,M6C 1X3,identical_after_norm,/daycare/macaulay-child-development-centre-j-r-wilcox-before-and-after-school-f-f264918e,/daycare/j-r-wilcox-day-care-centre-1271,mx_copy_of_bundled|high_same_street
manor-montessori-school-a0311c5e,mx-38eca0311c5e,mx,manor-montessori-school-14226,on-tor-14226,Manor Montessori School,Manor Montessori School,9 Elvina Gardens,9 Elvina Gdns,Toronto,ON,M4P 1X7,M4P 1X7,same_number_small_typo(0.90),/daycare/manor-montessori-school-a0311c5e,/daycare/manor-montessori-school-14226,mx_copy_of_bundled|high_same_street
maplewood-before-and-after-school-care-7766,on-tor-7766,bundled,maplewood-before-and-after-care-program-0000749,on-0000749,Maplewood Before And After School Care,Maplewood Before And After Care Program,15 Cherrywood Ave,15 Cherrywood Avenue,Toronto,ON,M6C 2X4,M6C 2X4,identical_after_norm,/daycare/maplewood-before-and-after-school-care-7766,/daycare/maplewood-before-and-after-care-program-0000749,bundled_legacy_dup|high_same_street
marguerite-butt-early-learning-and-child-care-centre-f27ab4d3,mx-43ebf27ab4d3,mx,marguerite-butt-early-learning-child-care-centre-3537,on-tor-3537,Marguerite Butt Early Learning & Child Care Centre,Marguerite Butt Early Learning & Child Care Centre,3197 Lakeshore Boulevard,3197 Lake Shore Blvd W,Toronto,ON,M8V 3X5,M8V 3X5,type_or_direction_only,/daycare/marguerite-butt-early-learning-and-child-care-centre-f27ab4d3,/daycare/marguerite-butt-early-learning-child-care-centre-3537,mx_copy_of_bundled|high_same_postal
martin-luther-child-care-lakeshore-c5c7be23,mx-9974c5c7be23,mx,martin-luther-child-care-lakeshore-9965,on-tor-9965,Martin Luther Child Care (Lakeshore),Martin Luther Child Care - Lakeshore,2379 Lakeshore Boulevard,2379 Lake Shore Blvd W,Toronto,ON,M8V 1B7,M8V 1B7,type_or_direction_only,/daycare/martin-luther-child-care-lakeshore-c5c7be23,/daycare/martin-luther-child-care-lakeshore-9965,mx_copy_of_bundled|high_same_postal
mary-ward-child-care-centre-4044,on-tor-4044,bundled,family-day-care-services-mary-ward-child-care-ce-12256,on-12256,Mary Ward Child Care Centre,Family Day Care Services - Mary Ward Child Care Centre,3200 Kennedy Rd,3200 Kennedy Road,Toronto,ON,M1V 3S8,M1V 3S8,identical_after_norm,/daycare/mary-ward-child-care-centre-4044,/daycare/family-day-care-services-mary-ward-child-care-ce-12256,bundled_legacy_dup|high_same_street
maryvale-jr-ymca-1913,on-tor-1913,bundled,maryvale-junior-y-ymca-04235,on-04235,Maryvale Jr Ymca,Maryvale Junior Y - (Ymca),1325 Pharmacy Ave,1325 Pharmacy Avenue,Toronto,ON,M1R 2J1,M1R 2J1,identical_after_norm,/daycare/maryvale-jr-ymca-1913,/daycare/maryvale-junior-y-ymca-04235,bundled_legacy_dup|high_same_street
mcgregor-jr-ymca-1935,on-tor-1935,bundled,mcgregor-junior-y-ymca-06843,on-06843,McGregor Jr Ymca,Mcgregor Junior Y (Ymca),555 Mortimer Ave,555 Mortimer Avenue,Toronto,ON,M4J 2G9,M4J 2G9,identical_after_norm,/daycare/mcgregor-jr-ymca-1935,/daycare/mcgregor-junior-y-ymca-06843,bundled_legacy_dup|high_same_street
millwood-jr-ymca-5543,on-tor-5543,bundled,millwood-junior-y-ymca-04585,on-04585,Millwood Jr Ymca,Millwood Junior Y. - (Ymca),222 Mill Rd,222 Mill Road,Toronto,ON,M9C 1Y2,M9C 1Y2,identical_after_norm,/daycare/millwood-jr-ymca-5543,/daycare/millwood-junior-y-ymca-04585,bundled_legacy_dup|high_same_street
monarch-manor-c22a6596,mx-7abdc22a6596,mx,monarch-manor-13547,on-tor-13547,Monarch Manor,Monarch Manor,240 Manor Road,240 Manor Rd E,Toronto,ON,M4S 1R8,M4S 1R8,type_or_direction_only,/daycare/monarch-manor-c22a6596,/daycare/monarch-manor-13547,mx_copy_of_bundled|high_same_street
montessori-start-inc-9b382775,mx-9b4f9b382775,mx,montessori-start-inc-12903,on-tor-12903,Montessori Start Inc.,Montessori Start Inc,1195 Lawrence Avenue,1195 Lawrence Ave W,Toronto,ON,M6E 1E2,M6A 1E2,type_or_direction_only,/daycare/montessori-start-inc-9b382775,/daycare/montessori-start-inc-12903,mx_copy_of_bundled|high_same_street
morrish-jr-ymca-3507,on-tor-3507,bundled,morrish-jr-y-ymca-11968,on-11968,Morrish Jr Ymca,Morrish Jr. Y (Ymca),61 Canmore Blvd,61 Canmore Boulevard,Toronto,ON,M1C 3T7,M1C 3T7,identical_after_norm,/daycare/morrish-jr-ymca-3507,/daycare/morrish-jr-y-ymca-11968,bundled_legacy_dup|high_same_street
moshava-ba-ir-day-camp-of-toronto-preschool-14552,on-tor-14552,bundled,moshava-ba-ir-day-camp-of-toronto-preschool-61377,on-61377,Moshava Ba'Ir Day Camp Of Toronto - Preschool,Moshava Ba'Ir Day Camp Of Toronto- Preschool,819 Sheppard Ave W,819 Sheppard Avenue,Toronto,ON,M3H 2T3,M3H 2T3,type_or_direction_only,/daycare/moshava-ba-ir-day-camp-of-toronto-preschool-14552,/daycare/moshava-ba-ir-day-camp-of-toronto-preschool-61377,bundled_legacy_dup|high_same_street
mothercraft-robertson-house-32-heath-street-west-98f976db,mx-026998f976db,mx,mothercraft-robertson-house-32-heath-street-west-1396,on-tor-1396,Mothercraft: Robertson House (32 Heath Street West),Mothercraft Robertson House (32 Heath Street West),32 Heath Street,32 Heath St W,Toronto,ON,M4V 1T3,M4V 1T3,type_or_direction_only,/daycare/mothercraft-robertson-house-32-heath-street-west-98f976db,/daycare/mothercraft-robertson-house-32-heath-street-west-1396,mx_copy_of_bundled|high_same_street
mothercraft-toronto-eaton-centre-a9c536b3,mx-1135a9c536b3,mx,mothercraft-toronto-eaton-centre-3884,on-tor-3884,Mothercraft: Toronto Eaton Centre,Mothercraft Toronto Eaton Centre,14 Trinity Square,14 Trinity Sq,Toronto,ON,M5G 1B1,M5G 1B1,identical_after_norm,/daycare/mothercraft-toronto-eaton-centre-a9c536b3,/daycare/mothercraft-toronto-eaton-centre-3884,mx_copy_of_bundled|high_same_street
mount-pleasant-road-children-s-circle-op-the-south-drive-children-s-ci-d03a8ae4,mx-47e4d03a8ae4,mx,kids-company-rosedale-13860,on-tor-13860,Mount Pleasant Road Children'S Circle (Op:  The South Drive Children'S Circle),Kids & Company - Rosedale,129 Mount Pleasant Road,129 Mount Pleasant Rd,Toronto,ON,M4W 2S3,M4W 2S3,identical_after_norm,/daycare/mount-pleasant-road-children-s-circle-op-the-south-drive-children-s-ci-d03a8ae4,/daycare/kids-company-rosedale-13860,mx_copy_of_bundled|high_same_street
mtt-davisville-10730041-canada-inc-14280,on-tor-14280,bundled,mtt-davisville-58453,on-58453,Mtt Davisville (10730041 Canada Inc),Mtt Davisville,588 Mount Pleasant Rd,588 Mount Pleasant Road,Toronto,ON,M4S 2M8,M4S 2M8,identical_after_norm,/daycare/mtt-davisville-10730041-canada-inc-14280,/daycare/mtt-davisville-58453,bundled_legacy_dup|high_same_street
muppets-children-s-centre-314-5828,on-tor-5828,bundled,muppets-children-s-centre-victoria-village-cs-lt-0001051,on-0001051,Muppets Children's Centre 314,Muppets Children'S Centre (Victoria Village Cs Ltd.) - 314 Main Street,314 Main St,314 Main Street,Toronto,ON,M4C 4X7,M4C 4X7,identical_after_norm,/daycare/muppets-children-s-centre-314-5828,/daycare/muppets-children-s-centre-victoria-village-cs-lt-0001051,bundled_legacy_dup|high_same_street
muppets-infant-toddler-centre-312-5070,on-tor-5070,bundled,muppets-infant-and-toddler-centre-victoria-villa-16064,on-16064,Muppets Infant & Toddler Centre 312,Muppets Infant And Toddler Centre - (Victoria Village) - 312 Main Street,312 Main St,312 Main Street,Toronto,ON,M4C 4X7,M4C 4X7,identical_after_norm,/daycare/muppets-infant-toddler-centre-312-5070,/daycare/muppets-infant-and-toddler-centre-victoria-villa-16064,bundled_legacy_dup|high_same_street
muppets-private-home-day-care-agency-1492-victoria-park-avenue-d61188f7,mx-31f4d61188f7,mx,my-little-school-7528,on-tor-7528,"Muppets Private Home Day Care Agency, 1492 Victoria Park Avenue",My Little School,1492 Victoria Park Avenue,1492 Victoria Park Ave,Toronto,ON,M4A 2M6,M4A 2M6,identical_after_norm,/daycare/muppets-private-home-day-care-agency-1492-victoria-park-avenue-d61188f7,/daycare/my-little-school-7528,mx_copy_of_bundled|high_same_street
network-child-s-nest-early-years-and-child-care--1086,on-tor-1086,bundled,network-child-care-child-s-nest-early-years-and--0006442,on-0006442,Network - Child's Nest Early Years And Child Care Centre - 123 Cosburn,Network Child Care - Child'S Nest Early Years And Child Care Centre -123 Cosburn,123 Cosburn Ave,123 Cosburn Avenue,Toronto,ON,M4J 2L1,M4J 2L1,identical_after_norm,/daycare/network-child-s-nest-early-years-and-child-care--1086,/daycare/network-child-care-child-s-nest-early-years-and--0006442,bundled_legacy_dup|high_same_street
network-bendale-acres-child-care-centre-13893,on-tor-13893,bundled,bendale-acres-child-care-centre-58068,on-58068,Network Bendale Acres Child Care Centre,Bendale Acres Child Care Centre,2920 Lawrence Ave E,2920 Lawrence Avenue,Toronto,ON,M1P 2T8,M1P 2T8,type_or_direction_only,/daycare/network-bendale-acres-child-care-centre-13893,/daycare/bendale-acres-child-care-centre-58068,bundled_legacy_dup|high_same_street
network-child-care-services-child-s-nest-early-l-1065,on-tor-1065,bundled,network-child-care-services-child-s-nest-early-l-0005680,on-0005680,Network Child Care Services - Child's Nest Early Learning Centre,Network Child Care Services - Child'S Nest Early Learning And Child Care Centre,121 Cosburn Ave,121 Cosburn Avenue,Toronto,ON,M4J 2L1,M4J 2L1,identical_after_norm,/daycare/network-child-care-services-child-s-nest-early-l-1065,/daycare/network-child-care-services-child-s-nest-early-l-0005680,bundled_legacy_dup|high_same_street
network-child-care-services-children-s-gallery-child-care-centre-ba7116d1,mx-5bd7ba7116d1,mx,network-child-care-services-children-s-gallery-c-14689,on-tor-14689,Network Child Care Services - Children'S Gallery Child Care Centre,Network Child Care Services - Children's Gallery Child Care Centre,292 Dundas Street,292 Dundas St W,Toronto,ON,M5T 1G2,M5T 1G2,type_or_direction_only,/daycare/network-child-care-services-children-s-gallery-child-care-centre-ba7116d1,/daycare/network-child-care-services-children-s-gallery-c-14689,mx_copy_of_bundled|high_same_street
network-child-care-services-holy-cross-c59c09a2,mx-2063c59c09a2,mx,network-childcare-services-holy-cross-12892,on-tor-12892,Network Child Care Services - Holy Cross,Network Childcare Services - Holy Cross,299 A Donlands Avenue,299A Donlands Ave,Toronto,ON,M4J 3R7,M4J 3R7,identical_after_norm,/daycare/network-child-care-services-holy-cross-c59c09a2,/daycare/network-childcare-services-holy-cross-12892,mx_copy_of_bundled|high_same_postal
network-child-care-services-st-aidan-early-learning-centre-51d5a057,mx-d26d51d5a057,mx,network-child-care-services-st-aidan-early-learn-11645,on-tor-11645,Network Child Care Services - St. Aidan Early Learning Centre,Network Child Care Services - St. Aidan Early Learning Centre,3521 Finch Avenue,3521 Finch Ave E,Toronto,ON,M1W 2S2,M1W 2S2,type_or_direction_only,/daycare/network-child-care-services-st-aidan-early-learning-centre-51d5a057,/daycare/network-child-care-services-st-aidan-early-learn-11645,mx_copy_of_bundled|high_same_street
norman-ingram-school-age-ymca-3551,on-tor-3551,bundled,blue-wave-child-care-centre-3499,on-tor-3499,Norman Ingram School Age Ymca,Blue Wave Child Care Centre,50 Duncairn Rd,50 Duncairn Rd,Toronto,ON,M3B 1C8,M3B 1C8,identical_after_norm,/daycare/norman-ingram-school-age-ymca-3551,/daycare/blue-wave-child-care-centre-3499,bundled_legacy_dup|high_same_street
norseman-jr-ymca-9470,on-tor-9470,bundled,norseman-junior-y-ymca-0001955,on-0001955,Norseman Jr Ymca,Norseman Junior Y. (Ymca),80 Lothian Ave,80 Lothian Avenue,Toronto,ON,M8Z 4K5,M8Z 4K5,identical_after_norm,/daycare/norseman-jr-ymca-9470,/daycare/norseman-junior-y-ymca-0001955,bundled_legacy_dup|high_same_street
north-etobicoke-jr-ymca-3795,on-tor-3795,bundled,north-etobicoke-junior-y-ymca-12059,on-12059,North Etobicoke Jr Ymca,North Etobicoke Junior Y. - (Ymca),88 Humber College Blvd,88 Humber College Boulevard,Toronto,ON,M9V 5G3,M9V 5G3,identical_after_norm,/daycare/north-etobicoke-jr-ymca-3795,/daycare/north-etobicoke-junior-y-ymca-12059,bundled_legacy_dup|high_same_street
north-york-jr-ymca-1895,on-tor-1895,bundled,north-york-junior-y-ymca-06833,on-06833,North York Jr Ymca,North York Junior Y (Ymca),567 Sheppard Ave E,567 Sheppard Avenue,Toronto,ON,M2K 1B2,M2K 1B2,type_or_direction_only,/daycare/north-york-jr-ymca-1895,/daycare/north-york-junior-y-ymca-06833,bundled_legacy_dup|high_same_street
northminster-early-learning-and-child-care-centre-f0505b51,mx-7608f0505b51,mx,tree-of-life-montessori-academy-kaleo-ministry-14531,on-tor-14531,Northminster Early Learning & Child Care Centre,Tree Of Life Montessori Academy (Kaleo Ministry),255 Finch Avenue,255 Finch Ave W,Toronto,ON,M2R 1M8,M2R 1M8,type_or_direction_only,/daycare/northminster-early-learning-and-child-care-centre-f0505b51,/daycare/tree-of-life-montessori-academy-kaleo-ministry-14531,mx_copy_of_bundled|high_same_street
northview-heights-early-learning-centre-north-york-bae231cc,mx-296dbae231cc,mx,northview-heights-early-learning-centre-north-yo-3495,on-tor-3495,Northview Heights Early Learning Centre - North York,Northview Heights Early Learning Centre - North York,550 Finch Avenue,550 Finch Ave W,Toronto,ON,M2R 1N6,M2R 1N6,type_or_direction_only,/daycare/northview-heights-early-learning-centre-north-york-bae231cc,/daycare/northview-heights-early-learning-centre-north-yo-3495,mx_copy_of_bundled|high_same_street
northwood-montessori-d0b35840,mx-ef69d0b35840,mx,northwood-montessori-13451,on-tor-13451,Northwood Montessori,Northwood Montessori,1080 Finch Avenue,1080 Finch Ave E,Toronto,ON,M2J 2X2,M2J 2X2,type_or_direction_only,/daycare/northwood-montessori-d0b35840,/daycare/northwood-montessori-13451,mx_copy_of_bundled|high_same_street
norway-school-age-ymca-12228,on-tor-12228,bundled,norway-school-age-program-ymca-0004668,on-0004668,Norway School Age Ymca,Norway School Age Program (Ymca),390 Kingston Rd,390 Kingston Road,Toronto,ON,M4L 1T9,M4L 1T9,identical_after_norm,/daycare/norway-school-age-ymca-12228,/daycare/norway-school-age-program-ymca-0004668,bundled_legacy_dup|high_same_street
nsheemaehn-child-care-centre-1192,on-tor-1192,bundled,n-sheemaehn-the-scarborough-campus-child-care-ce-11967,on-11967,Nsheemaehn Child Care Centre,N'Sheemaehn: The Scarborough Campus Child Care Centre,1255 Military Trail,1255 Military Trail,Toronto,ON,M1C 1A3,M1C 1A3,identical_after_norm,/daycare/nsheemaehn-child-care-centre-1192,/daycare/n-sheemaehn-the-scarborough-campus-child-care-ce-11967,bundled_legacy_dup|high_same_street
ola-day-care-inc-5883e754,mx-4d955883e754,mx,ola-day-care-inc-12988,on-tor-12988,Ola Day Care Inc.,Ola Day Care Inc.,2211 Dundas Street,2211 Dundas St W,Toronto,ON,M6R 1X6,M6R 1X6,type_or_direction_only,/daycare/ola-day-care-inc-5883e754,/daycare/ola-day-care-inc-12988,mx_copy_of_bundled|high_same_street
our-lady-of-fatima-ymca-13505,on-tor-13505,bundled,our-lady-of-fatima-ymca-56549,on-56549,Our Lady Of Fatima Ymca,Our Lady Of Fatima Ymca,3176 St Clair Ave E,3176 St Clair Avenue,Toronto,ON,M1L 1V6,M1L 1V6,type_or_direction_only,/daycare/our-lady-of-fatima-ymca-13505,/daycare/our-lady-of-fatima-ymca-56549,bundled_legacy_dup|high_same_street
our-lady-of-sorrows-school-age-ymca-3992,on-tor-3992,bundled,our-lady-of-sorrows-school-age-program-ymca-06940,on-06940,Our Lady Of Sorrows School Age Ymca,Our Lady Of Sorrows School Age Program - Ymca,32 Montgomery Rd,32 Montgomery Road,Toronto,ON,M8X 1Z4,M8X 1Z4,identical_after_norm,/daycare/our-lady-of-sorrows-school-age-ymca-3992,/daycare/our-lady-of-sorrows-school-age-program-ymca-06940,bundled_legacy_dup|high_same_street
our-lady-of-victory-school-age-ymca-13045,on-tor-13045,bundled,our-lady-of-victory-ymca-55292,on-55292,Our Lady Of Victory School Age Ymca,Our Lady Of Victory Ymca,70 Guestville Ave,70 Guestville Avenue,Toronto,ON,M6N 4N3,M6N 4N3,identical_after_norm,/daycare/our-lady-of-victory-school-age-ymca-13045,/daycare/our-lady-of-victory-ymca-55292,bundled_legacy_dup|high_same_street
pauline-johnson-school-age-ymca-1928,on-tor-1928,bundled,ymca-pauline-johnson-school-age-program-07253,on-07253,Pauline Johnson School Age Ymca,Ymca - Pauline Johnson School Age Program,35 Dunmurray Blvd,35 Dunmurray Boulevard,Toronto,ON,M1T 2K2,M1T 2K2,identical_after_norm,/daycare/pauline-johnson-school-age-ymca-1928,/daycare/ymca-pauline-johnson-school-age-program-07253,bundled_legacy_dup|high_same_street
perth-early-learning-centre-f799cbdc,mx-62e3f799cbdc,mx,perth-avenue-early-learning-centre-13109,on-tor-13109,Perth Early Learning Centre,Perth Avenue Early Learning Centre,14 Ruskin Avenue,14 Ruskin Ave,Toronto,ON,M6P 3P8,M6P 3P8,identical_after_norm,/daycare/perth-early-learning-centre-f799cbdc,/daycare/perth-avenue-early-learning-centre-13109,mx_copy_of_bundled|high_same_street
petitecare-6dad2ddb,mx-e5e86dad2ddb,mx,petitecare-14323,on-tor-14323,Petitecare,Petitecare,1419 Gerrard Street,1419 Gerrard St E,Toronto,ON,M4L 1Z7,M4L 1Z7,type_or_direction_only,/daycare/petitecare-6dad2ddb,/daycare/petitecare-14323,mx_copy_of_bundled|high_same_street
pineway-child-care-learning-center-9536,on-tor-9536,bundled,pineway-children-s-learning-centre-ideal-child-s-0001970,on-0001970,Pineway Child Care Learning Center,Pineway Children'S Learning Centre (Ideal Child Services Group),110 Pineway Blvd,110 Pineway Boulevard,Toronto,ON,M2H 1A8,M2H 1A8,identical_after_norm,/daycare/pineway-child-care-learning-center-9536,/daycare/pineway-children-s-learning-centre-ideal-child-s-0001970,bundled_legacy_dup|high_same_street
pinnacle-jr-ymca-12092,on-tor-12092,bundled,pinnacle-ymca-childcare-program-ymca-0004280,on-0004280,Pinnacle Jr Ymca,Pinnacle Ymca Childcare Program (Ymca),12 Yonge St,12 Yonge Street,Toronto,ON,M5E 1Z9,M5E 1Z9,identical_after_norm,/daycare/pinnacle-jr-ymca-12092,/daycare/pinnacle-ymca-childcare-program-ymca-0004280,bundled_legacy_dup|high_same_street
plasp-bennington-heights-ps-13599,on-tor-13599,bundled,bennington-heights-child-care-centre-5878,on-tor-5878,Plasp Bennington Heights Ps,Bennington Heights Child Care Centre,76 Bennington Heights Dr,76 Bennington Heights Dr,Toronto,ON,M4G 1B1,M4G 1B1,identical_after_norm,/daycare/plasp-bennington-heights-ps-13599,/daycare/bennington-heights-child-care-centre-5878,bundled_legacy_dup|high_same_street
plasp-blessed-sacrament-c-s-3797e5b6,mx-5a013797e5b6,mx,plasp-blessed-sacrament-c-s-13601,on-tor-13601,Plasp Blessed Sacrament C.S.,Plasp Blessed Sacrament C.S.,24 Bedford Park,24 Bedford Park Ave,Toronto,ON,M5M 1H9,M5M 1H9,type_or_direction_only,/daycare/plasp-blessed-sacrament-c-s-3797e5b6,/daycare/plasp-blessed-sacrament-c-s-13601,mx_copy_of_bundled|high_same_street
plasp-kingsview-village-junior-school-13126,on-tor-13126,bundled,plasp-kingsview-village-junior-school-55632,on-55632,Plasp Kingsview Village Junior School,Plasp Kingsview Village Junior School,1 York Rd,1 York Street,Toronto,ON,M9R 3C8,M9R 3C8,type_or_direction_only,/daycare/plasp-kingsview-village-junior-school-13126,/daycare/plasp-kingsview-village-junior-school-55632,bundled_legacy_dup|high_same_street
plasp-mother-cabrini-catholic-school-12938,on-tor-12938,bundled,plasp-mother-cabrini-catholic-schoool-0006376,on-0006376,Plasp Mother Cabrini Catholic School,Plasp Mother Cabrini Catholic Schoool,720 Renforth Dr,720 Renforth Drive,Toronto,ON,M9C 2N9,M9C 2N9,identical_after_norm,/daycare/plasp-mother-cabrini-catholic-school-12938,/daycare/plasp-mother-cabrini-catholic-schoool-0006376,bundled_legacy_dup|high_same_street
plasp-pauline-junior-public-school-13838,on-tor-13838,bundled,plasp-pauline-jr-p-s-57313,on-57313,Plasp Pauline Junior Public School,Plasp Pauline Jr. P.S.,100 Pauline Ave,100 Pauline Avenue,Toronto,ON,M6H 3M8,M6H 3M8,identical_after_norm,/daycare/plasp-pauline-junior-public-school-13838,/daycare/plasp-pauline-jr-p-s-57313,bundled_legacy_dup|high_same_street
plasp-st-clement-catholic-school-b41ea1eb,mx-037eb41ea1eb,mx,plasp-st-clement-catholic-school-6424,on-tor-6424,Plasp St. Clement Catholic School,Plasp St. Clement Catholic School,4319 Bloor Street,4319 Bloor St W,Toronto,ON,M9C 2A2,M9C 2A2,type_or_direction_only,/daycare/plasp-st-clement-catholic-school-b41ea1eb,/daycare/plasp-st-clement-catholic-school-6424,mx_copy_of_bundled|high_same_street
plasp-st-isaac-jogues-catholic-school-tor-14360,on-tor-14360,bundled,plasp-st-isaac-jogues-c-s-tor-59252,on-59252,Plasp St. Isaac Jogues Catholic School - Tor,Plasp St. Isaac Jogues C.S. - Tor,1330 York Mills Rd,1330 York Mills Road,Toronto,ON,M3A 1Z8,M3A 1Z8,identical_after_norm,/daycare/plasp-st-isaac-jogues-catholic-school-tor-14360,/daycare/plasp-st-isaac-jogues-c-s-tor-59252,bundled_legacy_dup|high_same_street
plasp-twentieth-street-junior-school-97a94309,mx-b6c197a94309,mx,plasp-twentieth-street-junior-school-13615,on-tor-13615,Plasp Twentieth Street Junior School,Plasp Twentieth Street Junior School,3190 Lakeshore Boulevard,3190 Lake Shore Blvd W,Toronto,ON,M8V 1L8,M8V 1L8,type_or_direction_only,/daycare/plasp-twentieth-street-junior-school-97a94309,/daycare/plasp-twentieth-street-junior-school-13615,mx_copy_of_bundled|high_same_postal
plato-adult-education-centre-west-end-home-child-care-services-phdc-594e3990,mx-87ec594e3990,mx,candy-factory-swallows-day-care-the-1832,on-tor-1832,Plato Adult Education Centre (West End Home Child Care Services) (Phdc),Candy Factory Swallows Day Care (The),1411 Bloor Street,1411 Bloor St W,Toronto,ON,M6P 3L4,M6P 3L4,type_or_direction_only,/daycare/plato-adult-education-centre-west-end-home-child-care-services-phdc-594e3990,/daycare/candy-factory-swallows-day-care-the-1832,mx_copy_of_bundled|high_same_street
playhouse-child-care-centre-1577,on-tor-1577,bundled,greenland-recreational-after-school-program-1588,on-tor-1588,Playhouse Child Care Centre,Greenland Recreational After School Program,15 Greenland Rd,15 Greenland Rd,Toronto,ON,M3C 1N1,M3C 1N1,identical_after_norm,/daycare/playhouse-child-care-centre-1577,/daycare/greenland-recreational-after-school-program-1588,bundled_legacy_dup|high_same_street
port-royal-jr-ymca-4258,on-tor-4258,bundled,port-royal-jr-y-ymca-15008,on-15008,Port Royal Jr Ymca,Port Royal Jr. Y (Ymca),410 Port Royal Trail,410 Port Royal Trail,Toronto,ON,M1V 4R1,M1V 4R1,identical_after_norm,/daycare/port-royal-jr-ymca-4258,/daycare/port-royal-jr-y-ymca-15008,bundled_legacy_dup|high_same_street
precious-blood-jr-ymca-elp-12887,on-tor-12887,bundled,ymca-precious-blood-child-care-0006304,on-0006304,Precious Blood Jr Ymca Elp,Ymca - Precious Blood Child Care,1035 Pharmacy Ave,1035 Pharmacy Avenue,Toronto,ON,M1R 2G8,M1R 2G8,identical_after_norm,/daycare/precious-blood-jr-ymca-elp-12887,/daycare/ymca-precious-blood-child-care-0006304,bundled_legacy_dup|high_same_street
prince-edward-montessori-school-of-toronto-6437,on-tor-6437,bundled,prince-edward-montessori-school-inc-16017,on-16017,Prince Edward Montessori School Of Toronto,Prince Edward Montessori School Inc.,2850 Bloor St W,2850 Bloor Street,Toronto,ON,M8X 1B2,M8X 1B2,type_or_direction_only,/daycare/prince-edward-montessori-school-of-toronto-6437,/daycare/prince-edward-montessori-school-inc-16017,bundled_legacy_dup|high_same_street
queen-s-park-child-care-centre-4811b218,mx-51664811b218,mx,queen-s-park-child-care-centre-13954,on-tor-13954,Queen'S Park Child Care Centre,Queen's Park Child Care Centre,7 Queen'S Park Crescent,7 Queens Park Cres E,Toronto,ON,M7A 1Y7,M7A 1Y7,same_number_small_typo(0.97),/daycare/queen-s-park-child-care-centre-4811b218,/daycare/queen-s-park-child-care-centre-13954,mx_copy_of_bundled|high_same_postal
rainbow-village-childcare-centre-mid-scarborough-child-care-205f47ca,mx-0fb7205f47ca,mx,rainbow-village-childcare-centre-mid-scarborough-1448,on-tor-1448,Rainbow Village Childcare Centre (Mid-Scarborough Child Care),Rainbow Village Childcare Centre (Mid-Scarborough Child Care),2460 Eglinton Avenue,2460 Eglinton Ave E,Toronto,ON,M1K 5J7,M1K 5J7,type_or_direction_only,/daycare/rainbow-village-childcare-centre-mid-scarborough-child-care-205f47ca,/daycare/rainbow-village-childcare-centre-mid-scarborough-1448,mx_copy_of_bundled|high_same_street
rainbow-s-end-lutheran-daycare-satellite-13132,on-tor-13132,bundled,rainbow-s-end-faith-lutheran-daycare-satellite-55618,on-55618,"Rainbow's End Lutheran Daycare ""satellite""","Rainbow'S End Faith Lutheran Daycare ""Satellite""",33 Lamberton Blvd,33 Lamberton Boulevard,Toronto,ON,M3J 1G6,M3J 1G6,identical_after_norm,/daycare/rainbow-s-end-lutheran-daycare-satellite-13132,/daycare/rainbow-s-end-faith-lutheran-daycare-satellite-55618,bundled_legacy_dup|high_same_street
rawlinson-b-a-school-program-7689,on-tor-7689,bundled,lef-rawlinson-before-and-after-school-care-progr-0000786,on-0000786,Rawlinson B & A School Program,Lef - Rawlinson Before And After School Care Program (Licence #786),231 Glenholme Ave,231 Glenholme Avenue,Toronto,ON,M6E 3C7,M6E 3C7,identical_after_norm,/daycare/rawlinson-b-a-school-program-7689,/daycare/lef-rawlinson-before-and-after-school-care-progr-0000786,bundled_legacy_dup|high_same_street
red-apple-day-care-st-john-xxiii-11623,on-tor-11623,bundled,red-apple-day-care-overlea-early-learning-progra-0003714,on-0003714,Red Apple Day Care - St John XXIII,Red Apple Day Care (Overlea) Early Learning Program,175 Grenoble Dr,175 Grenoble Drive,Toronto,ON,M3C 3E7,M3C 3E7,identical_after_norm,/daycare/red-apple-day-care-st-john-xxiii-11623,/daycare/red-apple-day-care-overlea-early-learning-progra-0003714,bundled_legacy_dup|high_same_street
red-apple-day-care-rouge-valley-a9da18b6,mx-49c0a9da18b6,mx,red-apple-day-care-rouge-valley-14608,on-tor-14608,Red Apple Day Care--Rouge Valley,Red Apple Day Care - Rouge Valley,8450 Sheppard Avenue,8450 Sheppard Ave E,Toronto,ON,M1B 5R4,M1B 5R4,type_or_direction_only,/daycare/red-apple-day-care-rouge-valley-a9da18b6,/daycare/red-apple-day-care-rouge-valley-14608,mx_copy_of_bundled|high_same_street
rejoyce-caledon-community-child-care-0fd20e3f,mx-37c20fd20e3f,mx,rejoyce-caledon-community-child-care-1578,on-tor-1578,Rejoyce Caledon Community Child Care,Rejoyce Caledon Community Child Care,26 Joyce Parkway,26 Joyce Pky,Toronto,ON,M2B 2S9,M6B 2S9,same_number_small_typo(0.96),/daycare/rejoyce-caledon-community-child-care-0fd20e3f,/daycare/rejoyce-caledon-community-child-care-1578,mx_copy_of_bundled|high_same_street
ridley-orchard-school-ltd-14308,on-tor-14308,bundled,ridley-orchard-58530,on-58530,Ridley Orchard School Ltd.,Ridley Orchard,1920 Avenue Rd,1920 Avenue Road,Toronto,ON,M5M 4A1,M5M 4A1,identical_after_norm,/daycare/ridley-orchard-school-ltd-14308,/daycare/ridley-orchard-58530,bundled_legacy_dup|high_same_street
riverdale-mighty-kids-corp-bb3b9726,mx-5504bb3b9726,mx,riverdale-mighty-kids-corp-13478,on-tor-13478,Riverdale Mighty Kids Corp.,Riverdale Mighty Kids Corp,842 Gerrard Street,842 Gerrard St E,Toronto,ON,M4M 1Y7,M4M 1Y7,type_or_direction_only,/daycare/riverdale-mighty-kids-corp-bb3b9726,/daycare/riverdale-mighty-kids-corp-13478,mx_copy_of_bundled|high_same_street
rosalie-hall-early-learning-and-child-care-centre-0a2f6929,mx-c9db0a2f6929,mx,rosalie-hall-early-learning-and-child-care-centr-1196,on-tor-1196,Rosalie Hall Early Learning And Child Care Centre,Rosalie Hall Early Learning And Child Care Centre,3020 Lawrence Avenue,3020 Lawrence Ave E,Toronto,ON,M1P 2T7,M1P 2T7,type_or_direction_only,/daycare/rosalie-hall-early-learning-and-child-care-centre-0a2f6929,/daycare/rosalie-hall-early-learning-and-child-care-centr-1196,mx_copy_of_bundled|high_same_street
rouge-valley-jr-ymca-4049,on-tor-4049,bundled,rouge-valley-jr-y-ymca-12096,on-12096,Rouge Valley Jr Ymca,Rouge Valley Jr. Y (Ymca),30 Durnford Rd,30 Durnford Road,Toronto,ON,M1B 4X3,M1B 4X3,identical_after_norm,/daycare/rouge-valley-jr-ymca-4049,/daycare/rouge-valley-jr-y-ymca-12096,bundled_legacy_dup|high_same_street
sandalwood-centre-for-early-learning-centres-for-early-learning-inc-0e89bb19,mx-cf580e89bb19,mx,sandalwood-centre-for-early-learning-centres-for-1750,on-tor-1750,Sandalwood Centre For Early Learning (Centres For Early Learning Inc.),Sandalwood Centre For Early Learning (Centres For Early Learning Inc.),1825 Finch Avenue,1825 Finch Ave W,Toronto,ON,M3N 1M7,M3N 1M7,type_or_direction_only,/daycare/sandalwood-centre-for-early-learning-centres-for-early-learning-inc-0e89bb19,/daycare/sandalwood-centre-for-early-learning-centres-for-1750,mx_copy_of_bundled|high_same_street
sandbox-day-care-centre-1205,on-tor-1205,bundled,sandbox-day-care-mini-world-ltd-0001038,on-0001038,Sandbox Day Care Centre,Sandbox Day Care (Mini World Ltd),15 Orton Park Rd,15 Orton Park Road,Toronto,ON,M1G 3G3,M1G 3G3,identical_after_norm,/daycare/sandbox-day-care-centre-1205,/daycare/sandbox-day-care-mini-world-ltd-0001038,bundled_legacy_dup|high_same_street
scarborough-citadel-child-care-d2e4bbe6,mx-73d7d2e4bbe6,mx,scarborough-citadel-child-care-7712,on-tor-7712,Scarborough Citadel Child Care,Scarborough Citadel Child Care,2021 Lawrence Avenue,2021 Lawrence Ave E,Toronto,ON,M1R 2Z2,M1R 2Z2,type_or_direction_only,/daycare/scarborough-citadel-child-care-d2e4bbe6,/daycare/scarborough-citadel-child-care-7712,mx_copy_of_bundled|high_same_street
scarborough-jr-ymca-3497,on-tor-3497,bundled,scarborough-junior-y-ymca-11933,on-11933,Scarborough Jr Ymca,Scarborough Junior Y (Ymca),230 Town Centre Crt,230 Town Centre Court,Toronto,ON,M1P 4Y7,M1P 4Y7,same_number_small_typo(0.97),/daycare/scarborough-jr-ymca-3497,/daycare/scarborough-junior-y-ymca-11933,bundled_legacy_dup|high_same_street
scarborough-village-day-nursery-2-1509,on-tor-1509,bundled,scarborough-village-day-nurseries-2-155-markham--04209,on-04209,Scarborough Village Day Nursery 2,Scarborough Village Day Nurseries # 2 (155 Markham Road),155 Markham Rd,155 Markham Road,Toronto,ON,M1M 3A1,M1M 3A1,identical_after_norm,/daycare/scarborough-village-day-nursery-2-1509,/daycare/scarborough-village-day-nurseries-2-155-markham--04209,bundled_legacy_dup|high_same_street
second-street-school-age-ymca-1900,on-tor-1900,bundled,second-street-ymca-school-age-program-formerly-l-06968,on-06968,Second Street School Age Ymca,Second Street Ymca School Age Program (Formerly Lamp Jr. Y On Second Street),71 Second St,71 Second Street,Toronto,ON,M8V 2X4,M8V 2X4,identical_after_norm,/daycare/second-street-school-age-ymca-1900,/daycare/second-street-ymca-school-age-program-formerly-l-06968,bundled_legacy_dup|high_same_street
secord-school-age-ymca-1931,on-tor-1931,bundled,secord-school-age-program-ymca-02050,on-02050,Secord School Age Ymca,Secord School Age Program (Ymca),91 Barrington Ave,91 Barrington Street,Toronto,ON,M4C 4Y9,M4C 4Y9,type_or_direction_only,/daycare/secord-school-age-ymca-1931,/daycare/secord-school-age-program-ymca-02050,bundled_legacy_dup|high_same_street
shaawnong-aboriginal-head-start-6620,on-tor-6620,bundled,george-brown-dundas-street-east-child-care-centr-14630,on-tor-14630,Shaawnong Aboriginal Head Start,George Brown - Dundas Street East Child Care Centre,935 Dundas St E,935 Dundas St E,Toronto,ON,M4M 1R4,M4M 1R4,identical_after_norm,/daycare/shaawnong-aboriginal-head-start-6620,/daycare/george-brown-dundas-street-east-child-care-centr-14630,bundled_legacy_dup|high_same_street
shaughnessy-boulevard-children-s-centre-1731,on-tor-1731,bundled,shaughnessy-children-s-centre-07261,on-07261,Shaughnessy Boulevard Children's Centre,Shaughnessy Children'S Centre,30 Shaughnessy Blvd,30 Shaughnessy Boulevard,Toronto,ON,M2J 1H5,M2J 1H5,identical_after_norm,/daycare/shaughnessy-boulevard-children-s-centre-1731,/daycare/shaughnessy-children-s-centre-07261,bundled_legacy_dup|high_same_street
sheppard-business-park-child-care-centre-4936,on-tor-4936,bundled,sheppard-business-park-child-care-centre-graydon-16038,on-16038,Sheppard Business Park Child Care Centre,Sheppard Business Park Child Care Centre - Graydon Hall (1220 Sheppard East),1220 Sheppard Ave E,1220 Sheppard Avenue,Toronto,ON,M2K 2S5,M2K 2S5,type_or_direction_only,/daycare/sheppard-business-park-child-care-centre-4936,/daycare/sheppard-business-park-child-care-centre-graydon-16038,bundled_legacy_dup|high_same_street
sheppard-square-day-nursery-1278,on-tor-1278,bundled,sheppard-square-child-care-centre-graydon-hall-5-04440,on-04440,Sheppard Square Day Nursery,Sheppard Square Child Care Centre - Graydon Hall (5600 Sheppard East),5600 Sheppard Ave E,5600 Sheppard Avenue,Toronto,ON,M1B 2L4,M1B 2L4,type_or_direction_only,/daycare/sheppard-square-day-nursery-1278,/daycare/sheppard-square-child-care-centre-graydon-hall-5-04440,bundled_legacy_dup|high_same_street
shirley-street-jr-ymca-11643,on-tor-11643,bundled,shirley-street-ymca-childcare-ymca-0003735,on-0003735,Shirley Street Jr Ymca,Shirley Street Ymca Childcare (Ymca),38 Shirley St,38 Shirley Street,Toronto,ON,M6K 1S9,M6K 1S9,identical_after_norm,/daycare/shirley-street-jr-ymca-11643,/daycare/shirley-street-ymca-childcare-ymca-0003735,bundled_legacy_dup|high_same_street
silver-springs-extended-day-school-age-program-13617,on-tor-13617,bundled,family-day-silver-springs-extended-day-and-schoo-56934,on-56934,Silver Springs Extended Day & School Age Program,Family Day Silver Springs Extended Day And School Age Program,222 Silver Springs Blvd,222 Silver Springs Boulevard,Toronto,ON,M1V 1S4,M1V 1S4,identical_after_norm,/daycare/silver-springs-extended-day-school-age-program-13617,/daycare/family-day-silver-springs-extended-day-and-schoo-56934,bundled_legacy_dup|high_same_street
simcoe-sunshine-child-care-166-sylvan-avenue-6555,on-tor-6555,bundled,simcoe-sunshine-child-care-centre-166-sylvan-ave-11906,on-11906,Simcoe Sunshine Child Care (166 Sylvan Avenue),Simcoe Sunshine Child Care Centre (166 Sylvan Avenue),166 Sylvan Ave,166 Sylvan Avenue,Toronto,ON,M1E 1A3,M1E 1A3,identical_after_norm,/daycare/simcoe-sunshine-child-care-166-sylvan-avenue-6555,/daycare/simcoe-sunshine-child-care-centre-166-sylvan-ave-11906,bundled_legacy_dup|high_same_street
simplysmart-childcare-centre-and-montessori-c1259b7a,mx-61dcc1259b7a,mx,simplysmart-childcare-centre-montessori-14365,on-tor-14365,Simplysmart Childcare Centre & Montessori,Simplysmart Childcare Centre & Montessori,2271 Bloor Street,2271 Bloor St W,Toronto,ON,M6S 1P1,M6S 1P1,type_or_direction_only,/daycare/simplysmart-childcare-centre-and-montessori-c1259b7a,/daycare/simplysmart-childcare-centre-montessori-14365,mx_copy_of_bundled|high_same_street
sir-samuel-b-steele-jr-ymca-11644,on-tor-11644,bundled,sir-samuel-b-steele-ymca-child-care-ymca-0003636,on-0003636,Sir Samuel B Steele Jr Ymca,Sir Samuel B Steele Ymca Child Care (Ymca),131 Huntsmill Blvd,131 Huntsmill Boulevard,Toronto,ON,M1W 2Y2,M1W 2Y2,identical_after_norm,/daycare/sir-samuel-b-steele-jr-ymca-11644,/daycare/sir-samuel-b-steele-ymca-child-care-ymca-0003636,bundled_legacy_dup|high_same_street
st-mark-s-day-care-centre-greenland-road-1691,on-tor-1691,bundled,st-mark-s-day-care-centre-1-greenland-rd-11961,on-11961,St Mark's Day Care Centre - Greenland Road,St. Mark'S Day Care Centre (1 Greenland Rd),1 Greenland Rd,1 Greenland Road,Toronto,ON,M3C 1N1,M3C 1N1,identical_after_norm,/daycare/st-mark-s-day-care-centre-greenland-road-1691,/daycare/st-mark-s-day-care-centre-1-greenland-rd-11961,bundled_legacy_dup|high_same_street
st-victor-catholic-school-before-after-child-car-13820,on-tor-13820,bundled,st-victor-57259,on-57259,St Victor Catholic School Before & After Child Care Program,St Victor,20 Bernadine St,20 Bernadine Street,Toronto,ON,M1P 4M2,M1P 4M2,identical_after_norm,/daycare/st-victor-catholic-school-before-after-child-car-13820,/daycare/st-victor-57259,bundled_legacy_dup|high_same_street
st-bernadette-s-family-resource-centre-6752,on-tor-6752,bundled,aboriginal-head-start-epnigishmok-13948,on-tor-13948,St. Bernadette's Family Resource Centre,Aboriginal Head Start - Epnigishmok,20 Bansley Ave,20 Bansley Ave,Toronto,ON,M6E 2A2,M6E 2A2,identical_after_norm,/daycare/st-bernadette-s-family-resource-centre-6752,/daycare/aboriginal-head-start-epnigishmok-13948,bundled_legacy_dup|high_same_street
st-boniface-jr-ymca-11651,on-tor-11651,bundled,st-boniface-ymca-childcare-ymca-0004468,on-0004468,St. Boniface Jr Ymca,St. Boniface Ymca Childcare (Ymca),20 Markanna Dr,20 Markanna Drive,Toronto,ON,M1M 2J1,M1M 2J1,identical_after_norm,/daycare/st-boniface-jr-ymca-11651,/daycare/st-boniface-ymca-childcare-ymca-0004468,bundled_legacy_dup|high_same_street
st-columba-catholic-school-13807,on-tor-13807,bundled,st-columba-ymca-child-care-57248,on-57248,St. Columba Catholic School,St. Columba Ymca Child Care,10 John Tabor Trail,10 John Tabor Trail,Toronto,ON,M1B 1M9,M1B 1M9,identical_after_norm,/daycare/st-columba-catholic-school-13807,/daycare/st-columba-ymca-child-care-57248,bundled_legacy_dup|high_same_street
st-cyril-s-before-after-school-programme-4436,on-tor-4436,bundled,st-cyril-s-b-a-school-program-north-york-little--15027,on-15027,St. Cyril's Before & After School Programme,St. Cyril'S B&A School Program - (North York Little Prints Daycare),18 Kempford Blvd,18 Kempford Boulevard,Toronto,ON,M2N 2B9,M2N 2B9,identical_after_norm,/daycare/st-cyril-s-before-after-school-programme-4436,/daycare/st-cyril-s-b-a-school-program-north-york-little--15027,bundled_legacy_dup|high_same_street
st-francis-de-sales-jr-y-11657,on-tor-11657,bundled,st-francis-de-sales-ymca-child-care-0003972,on-0003972,St. Francis De Sales Jr Y,St. Francis De Sales Ymca Child Care,333 Firgrove Cres,333 Firgrove Crescent,Toronto,ON,M3N 1K9,M3N 1K9,identical_after_norm,/daycare/st-francis-de-sales-jr-y-11657,/daycare/st-francis-de-sales-ymca-child-care-0003972,bundled_legacy_dup|high_same_street
st-gabriel-s-jr-ymca-1907,on-tor-1907,bundled,st-gabriel-s-jr-y-ymca-06920,on-06920,St. Gabriel's Jr Ymca,St. Gabriel'S Jr. Y (Ymca),396 Spring Garden Ave,396 Spring Garden Avenue,Toronto,ON,M2N 3H5,M2N 3H5,identical_after_norm,/daycare/st-gabriel-s-jr-ymca-1907,/daycare/st-gabriel-s-jr-y-ymca-06920,bundled_legacy_dup|high_same_street
st-george-s-school-age-child-care-programme-6447,on-tor-6447,bundled,princess-margaret-nursery-school-6459,on-tor-6459,St. George's School Age Child Care Programme,Princess Margaret Nursery School,70 Princess Anne Cres,70 Princess Anne Cres,Toronto,ON,M9A 2P7,M9A 2P7,identical_after_norm,/daycare/st-george-s-school-age-child-care-programme-6447,/daycare/princess-margaret-nursery-school-6459,bundled_legacy_dup|high_same_street
st-gregory-s-before-after-school-club-6395,on-tor-6395,bundled,st-gregory-s-before-and-after-school-club-north--16117,on-16117,St. Gregory's Before & After School Club,St. Gregory'S Before And After School Club (North York Little Prints),126 Rathburn Rd,126 Rathburn Road,Toronto,ON,M9B 2K6,M9B 2K6,identical_after_norm,/daycare/st-gregory-s-before-after-school-club-6395,/daycare/st-gregory-s-before-and-after-school-club-north--16117,bundled_legacy_dup|high_same_street
st-jerome-jr-ymca-11663,on-tor-11663,bundled,st-jerome-ymca-child-care-ymca-0004072,on-0004072,St. Jerome Jr Ymca,St. Jerome Ymca Child Care (Ymca),111 Sharpecroft Blvd,111 Sharpecroft Boulevard,Toronto,ON,M3J 1P5,M3J 1P5,identical_after_norm,/daycare/st-jerome-jr-ymca-11663,/daycare/st-jerome-ymca-child-care-ymca-0004072,bundled_legacy_dup|high_same_street
st-joseph-jr-ymca-11665,on-tor-11665,bundled,mackie-sunshine-child-care-inc-st-joseph-s-sunsh-9679,on-tor-9679,St. Joseph Jr Ymca,Mackie Sunshine Child Care Inc.St. Joseph's Sunshine,176 Leslie St,176 Leslie St,Toronto,ON,M4M 3C7,M4M 3C7,identical_after_norm,/daycare/st-joseph-jr-ymca-11665,/daycare/mackie-sunshine-child-care-inc-st-joseph-s-sunsh-9679,bundled_legacy_dup|high_same_street
st-malachy-before-after-school-program-14367,on-tor-14367,bundled,st-malachy-licensed-before-and-after-school-prog-59532,on-59532,St. Malachy Before & After School Program,St. Malachy Licensed Before And After School Program,80 Bennett Rd,80 Bennett Road,Toronto,ON,M1E 3Y3,M1E 3Y3,identical_after_norm,/daycare/st-malachy-before-after-school-program-14367,/daycare/st-malachy-licensed-before-and-after-school-prog-59532,bundled_legacy_dup|high_same_street
st-michael-and-all-angels-day-care-centre-3f7ca244,mx-8bb93f7ca244,mx,st-michael-and-all-angels-day-care-centre-1559,on-tor-1559,St. Michael And All Angels Day Care Centre,St. Michael And All Angels Day Care Centre,611 St.Clair Avenue,611 St Clair Ave W,Toronto,ON,M6C 1A3,M6C 1A3,type_or_direction_only,/daycare/st-michael-and-all-angels-day-care-centre-3f7ca244,/daycare/st-michael-and-all-angels-day-care-centre-1559,mx_copy_of_bundled|high_same_street
st-monica-s-satellite-central-eglinton-5908,on-tor-5908,bundled,central-eglinton-children-s-centre-st-monica-s-s-16138,on-16138,St. Monica's Satellite (Central Eglinton),Central Eglinton Children'S Centre (St. Monica'S Satellite),14 Broadway Ave,14 Broadway Avenue,Toronto,ON,M4P 1T4,M4P 1T4,identical_after_norm,/daycare/st-monica-s-satellite-central-eglinton-5908,/daycare/central-eglinton-children-s-centre-st-monica-s-s-16138,bundled_legacy_dup|high_same_street
st-rose-of-lima-ymca-child-care-3a29eb05,mx-66ab3a29eb05,mx,st-rose-of-lima-ymca-child-care-11677,on-tor-11677,St. Rose Of Lima Ymca Child Care,St. Rose Of Lima Ymca Child Care,3220 Lawrence Avenue,3220 Lawrence Ave E,Toronto,ON,M1H 1A4,M1H 1A4,type_or_direction_only,/daycare/st-rose-of-lima-ymca-child-care-3a29eb05,/daycare/st-rose-of-lima-ymca-child-care-11677,mx_copy_of_bundled|high_same_street
st-stephen-s-our-lady-of-lourdes-4e0ce51d,mx-8ca64e0ce51d,mx,the-neighbourhood-group-community-services-our-l-13947,on-tor-13947,St. Stephen'S Our Lady Of Lourdes,The Neighbourhood Group Community Services Our Lady Of Lourdes,444 Sherbourne Street,444 Sherbourne St,Toronto,ON,M4X 1K2,M4X 1K2,identical_after_norm,/daycare/st-stephen-s-our-lady-of-lourdes-4e0ce51d,/daycare/the-neighbourhood-group-community-services-our-l-13947,mx_copy_of_bundled|high_same_street
st-vincent-sunshine-9462,on-tor-9462,bundled,my-school-co-operative-nursery-school-6692,on-tor-6692,St. Vincent Sunshine,My School Co-Operative Nursery School,116 Fermanagh Ave,116 Fermanagh Ave,Toronto,ON,M6R 1M2,M6R 1M2,identical_after_norm,/daycare/st-vincent-sunshine-9462,/daycare/my-school-co-operative-nursery-school-6692,bundled_legacy_dup|high_same_street
st-wilfred-ymca-12989,on-tor-12989,bundled,st-wilfrid-ymca-0006718,on-0006718,St. Wilfred Ymca,St. Wilfrid Ymca,1685 Finch Ave W,1685 Finch Avenue,Toronto,ON,M3J 2G8,M3J 2G8,type_or_direction_only,/daycare/st-wilfred-ymca-12989,/daycare/st-wilfrid-ymca-0006718,bundled_legacy_dup|high_same_street
stepping-stones-day-nursery-6713,on-tor-6713,bundled,stepping-stones-montessori-school-s-s-day-nurser-12241,on-12241,Stepping Stones Day Nursery,Stepping Stones Montessori School (S.S. Day Nursery Limited),342 Runnymede Rd,342 Runnymede Road,Toronto,ON,M6S 2Y6,M6S 2Y6,identical_after_norm,/daycare/stepping-stones-day-nursery-6713,/daycare/stepping-stones-montessori-school-s-s-day-nurser-12241,bundled_legacy_dup|high_same_street
studio-1-2-3-early-learning-centre-656f1c21,mx-43ea656f1c21,mx,studio-1-2-3-early-learning-centre-5847,on-tor-5847,"Studio 1, 2, 3 Early Learning Centre","Studio 1,2,3 Early Learning Centre",401 Richmond Street,401 Richmond St W,Toronto,ON,M5V 3A8,M5V 3A8,type_or_direction_only,/daycare/studio-1-2-3-early-learning-centre-656f1c21,/daycare/studio-1-2-3-early-learning-centre-5847,mx_copy_of_bundled|high_same_street
sunflower-house-3959,on-tor-3959,bundled,sunflower-house-childcare-centre-16090,on-16090,Sunflower House,Sunflower House Childcare Centre,162 Dunn Ave,162 Dunn Avenue,Toronto,ON,M6K 2R6,M6K 2R6,identical_after_norm,/daycare/sunflower-house-3959,/daycare/sunflower-house-childcare-centre-16090,bundled_legacy_dup|high_same_street
sunshine-child-care-centre-mackie-sunshine-c-c-i-6557,on-tor-6557,bundled,sunshine-child-care-centre-mackie-sunshine-child-12219,on-12219,Sunshine Child Care Centre (Mackie Sunshine C C. Inc) - 60 Heathfield,Sunshine Child Care Centre (Mackie Sunshine Child Care Inc) - 60 Heathfield,60 Heathfield Dr,60 Heathfield Drive,Toronto,ON,M1M 3B1,M1M 3B1,identical_after_norm,/daycare/sunshine-child-care-centre-mackie-sunshine-c-c-i-6557,/daycare/sunshine-child-care-centre-mackie-sunshine-child-12219,bundled_legacy_dup|high_same_street
terraview-willowfield-extended-day-program-13603,on-tor-13603,bundled,family-day-terraview-willowfield-extended-day-an-56921,on-56921,Terraview-Willowfield Extended Day Program,Family Day Terraview-Willowfield Extended Day And School Age Program,95 Pachino Blvd,95 Pachino Boulevard,Toronto,ON,M1R 4K1,M1R 4K1,identical_after_norm,/daycare/terraview-willowfield-extended-day-program-13603,/daycare/family-day-terraview-willowfield-extended-day-an-56921,bundled_legacy_dup|high_same_street
terry-tan-child-centre-bloordale-8c3701ca,mx-2c128c3701ca,mx,terry-tan-child-centre-bloordale-1287,on-tor-1287,Terry Tan Child Centre (Bloordale),Terry Tan Child Centre (Bloordale),4258 Bloor Street,4258 Bloor St W,Toronto,ON,M9C 1Z7,M9C 1Z7,type_or_direction_only,/daycare/terry-tan-child-centre-bloordale-8c3701ca,/daycare/terry-tan-child-centre-bloordale-1287,mx_copy_of_bundled|high_same_street
tfs-canada-s-international-school-mildenhall-bra-13344,on-tor-13344,bundled,tfs-canada-s-international-school-mildehall-bran-56307,on-56307,Tfs Canada's International School (Mildenhall Branch),Tfs Canada'S International School (Mildehall Branch),101 Mildenhall Rd,101 Mildenhall Road,Toronto,ON,M4N 3H4,M4N 3H4,identical_after_norm,/daycare/tfs-canada-s-international-school-mildenhall-bra-13344,/daycare/tfs-canada-s-international-school-mildehall-bran-56307,bundled_legacy_dup|high_same_street
the-creative-preschool-of-east-toronto-st-aidan-s-in-the-beach-614a899e,mx-3fd1614a899e,mx,the-creative-preschool-of-east-toronto-st-aidan--14687,on-tor-14687,The Creative Preschool Of East Toronto - St. Aidan'S In The Beach,The Creative Preschool Of East Toronto - St. Aidan's In The Beach,2423 Queen Street,2423 Queen St E,Toronto,ON,M4E 1H6,M4E 1H6,type_or_direction_only,/daycare/the-creative-preschool-of-east-toronto-st-aidan-s-in-the-beach-614a899e,/daycare/the-creative-preschool-of-east-toronto-st-aidan--14687,mx_copy_of_bundled|high_same_street
the-learning-nest-academy-14598,on-tor-14598,bundled,the-learning-nest-academy-61772,on-61772,The Learning Nest Academy,The Learning Nest Academy,95 Sheppard Ave W,95 Sheppard Avenue,Toronto,ON,M2N 1M4,M2N 1M4,type_or_direction_only,/daycare/the-learning-nest-academy-14598,/daycare/the-learning-nest-academy-61772,bundled_legacy_dup|high_same_street
the-munchkin-manor-daycare-early-learning-centre-14497,on-tor-14497,bundled,the-munchkin-manor-early-learning-centre-60733,on-60733,The Munchkin Manor Daycare & Early Learning Centre Inc.,The Munchkin Manor Early Learning Centre,525 Bloor St E,525 Bloor Street,Toronto,ON,M4W 1J1,M4W 1J1,type_or_direction_only,/daycare/the-munchkin-manor-daycare-early-learning-centre-14497,/daycare/the-munchkin-manor-early-learning-centre-60733,bundled_legacy_dup|high_same_street
the-neighbourhood-group-harbourfront-child-care-3af3d265,mx-69883af3d265,mx,the-neighbourhood-group-harbourfront-child-care-14338,on-tor-14338,The Neighbourhood Group Harbourfront Child Care,The Neighbourhood Group Harbourfront Child Care,650 Queens Quay,650 Queens Quay W,Toronto,ON,M5V 3N2,M5V 3N2,type_or_direction_only,/daycare/the-neighbourhood-group-harbourfront-child-care-3af3d265,/daycare/the-neighbourhood-group-harbourfront-child-care-14338,mx_copy_of_bundled|high_same_street
the-neighbourhood-group-waterfront-child-care-centre-9dc53a08,mx-0c9f9dc53a08,mx,the-neighbourhood-group-waterfront-child-care-ce-14339,on-tor-14339,The Neighbourhood Group Waterfront Child Care Centre,The Neighbourhood Group Waterfront Child Care Centre,635 Queens Quay,635 Queens Quay W,Toronto,ON,M5V 2N2,M5V 3G3,type_or_direction_only,/daycare/the-neighbourhood-group-waterfront-child-care-centre-9dc53a08,/daycare/the-neighbourhood-group-waterfront-child-care-ce-14339,mx_copy_of_bundled|high_same_street
the-neighbourhood-group-yonge-and-sheppard-child-13924,on-tor-13924,bundled,the-neighbourhood-group-yonge-and-sheppard-child-58294,on-58294,The Neighbourhood Group Yonge And Sheppard Child Care Centre,The Neighbourhood Group Yonge And Sheppard Child Care Centre,30 Sheppard Ave E,30 Sheppard Avenue,Toronto,ON,M2N 2Z7,M2N 2Z7,type_or_direction_only,/daycare/the-neighbourhood-group-yonge-and-sheppard-child-13924,/daycare/the-neighbourhood-group-yonge-and-sheppard-child-58294,bundled_legacy_dup|high_same_street
the-toronto-heschel-school-242c731c,mx-6e42242c731c,mx,the-toronto-heschel-school-14361,on-tor-14361,The Toronto Heschel School,The Toronto Heschel School,819 Sheppard Avenue,819 Sheppard Ave W,Toronto,ON,M3H 2T3,M3H 2T3,type_or_direction_only,/daycare/the-toronto-heschel-school-242c731c,/daycare/the-toronto-heschel-school-14361,mx_copy_of_bundled|high_same_street
the-village-nursery-school-b1ccaea4,mx-442ab1ccaea4,mx,the-village-nursery-school-14541,on-tor-14541,The Village Nursery School,The Village Nursery School,2241 Dundas Street,2241 Dundas St W,Toronto,ON,M6R 1X6,M6R 1X6,type_or_direction_only,/daycare/the-village-nursery-school-b1ccaea4,/daycare/the-village-nursery-school-14541,mx_copy_of_bundled|high_same_street
the-village-shul-and-learning-centre-of-toronto-96392dc7,mx-0c2596392dc7,mx,the-village-shul-and-learning-centre-of-toronto-9467,on-tor-9467,The Village Shul And Learning Centre Of Toronto,The Village Shul And Learning Centre Of Toronto,1072 Eglinton Avenue,1072 Eglinton Ave W,Toronto,ON,M6C 2E2,M6C 2E2,type_or_direction_only,/daycare/the-village-shul-and-learning-centre-of-toronto-96392dc7,/daycare/the-village-shul-and-learning-centre-of-toronto-9467,mx_copy_of_bundled|high_same_street
the-yonge-street-mission-davis-centre-a6a60e4d,mx-5d0fa6a60e4d,mx,the-yonge-street-mission-davis-centre-1893,on-tor-1893,The Yonge Street Mission / Davis Centre,The Yonge Street Mission / Davis Centre,270 Gerrard Street,270 Gerrard St E,Toronto,ON,M5A 2G4,M5A 2G4,type_or_direction_only,/daycare/the-yonge-street-mission-davis-centre-a6a60e4d,/daycare/the-yonge-street-mission-davis-centre-1893,mx_copy_of_bundled|high_same_street
thomas-berry-early-learning-and-child-care-centre-661304a2,mx-42f3661304a2,mx,thomas-berry-early-learning-child-care-centre-1854,on-tor-1854,Thomas Berry Early Learning & Child Care Centre,Thomas Berry Early Learning & Child Care Centre,3495 Lakeshore Boulevard,3495 Lake Shore Blvd W,Toronto,ON,M8W 1N5,M8W 1N5,type_or_direction_only,/daycare/thomas-berry-early-learning-and-child-care-centre-661304a2,/daycare/thomas-berry-early-learning-child-care-centre-1854,mx_copy_of_bundled|high_same_postal
thorncliffe-park-school-age-day-care-centre-12084,on-tor-12084,bundled,thorncliffe-park-day-care-centre-11772,on-tor-11772,Thorncliffe Park School Age Day Care Centre,Thorncliffe Park Day Care Centre,48 Thorncliffe Park Dr,48 Thorncliffe Park Dr,Toronto,ON,M4H 1J7,M4H 1J7,identical_after_norm,/daycare/thorncliffe-park-school-age-day-care-centre-12084,/daycare/thorncliffe-park-day-care-centre-11772,bundled_legacy_dup|high_same_street
timothy-eaton-infant-and-toddler-centre-71a7a7b7,mx-b46171a7a7b7,mx,timothy-eaton-infant-toddler-centre-3774,on-tor-3774,Timothy Eaton Infant & Toddler Centre,Timothy Eaton Infant & Toddler Centre,35 Glendower Circuit,35 Glendower Circt,Toronto,ON,M1T 2Z3,M1T 2Z3,same_number_small_typo(0.95),/daycare/timothy-eaton-infant-and-toddler-centre-71a7a7b7,/daycare/timothy-eaton-infant-toddler-centre-3774,mx_copy_of_bundled|high_same_street
tlc-tender-loving-care-cross-st-1309,on-tor-1309,bundled,tender-loving-care-child-learning-centre-86637-c-07001,on-07001,Tlc - Tender Loving Care (Cross St.),Tender Loving Care Child Learning Centre (86637 Canada Inc.) (44 Cross Street),44 Cross St,44 Cross Street,Toronto,ON,M9N 2B9,M9N 2B9,identical_after_norm,/daycare/tlc-tender-loving-care-cross-st-1309,/daycare/tender-loving-care-child-learning-centre-86637-c-07001,bundled_legacy_dup|high_same_street
top-mandarin-daycare-centre-f3a805bc,mx-de63f3a805bc,mx,top-mandarin-day-care-centre-13012,on-tor-13012,Top Mandarin Daycare Centre,Top Mandarin Day Care Centre,3143 Sheppard Avenue,3143 Sheppard Ave E,Toronto,ON,M1T 3J7,M1T 3J7,type_or_direction_only,/daycare/top-mandarin-daycare-centre-f3a805bc,/daycare/top-mandarin-day-care-centre-13012,mx_copy_of_bundled|high_same_street
top-mandarin-daycare-centre-2-14170,on-tor-14170,bundled,top-mandarin-daycare-2-57848,on-57848,Top Mandarin Daycare Centre-2,Top Mandarin Daycare-2,4271 Sheppard Ave E,4271 Sheppard Avenue,Toronto,ON,M1S 4G4,M1S 4G4,type_or_direction_only,/daycare/top-mandarin-daycare-centre-2-14170,/daycare/top-mandarin-daycare-2-57848,bundled_legacy_dup|high_same_street
torah-tots-preschool-14370,on-tor-14370,bundled,torah-tots-preschool-59517,on-59517,Torah Tots Preschool,Torah Tots Preschool,3995 Bathurst St,3995 Bathurst,Toronto,ON,M3H 5V3,M3H 5V3,type_or_direction_only,/daycare/torah-tots-preschool-14370,/daycare/torah-tots-preschool-59517,bundled_legacy_dup|high_same_street
toronto-cheder-64a7bb24,mx-1b1964a7bb24,mx,toronto-cheder-14329,on-tor-14329,Toronto Cheder,Toronto Cheder,410 Lawrence Avenue,410 Lawrence Ave W,Toronto,ON,M5M 1C2,M5M 1C2,type_or_direction_only,/daycare/toronto-cheder-64a7bb24,/daycare/toronto-cheder-14329,mx_copy_of_bundled|high_same_street
toronto-hebrew-congregation-holy-blossom-temple--6744,on-tor-6744,bundled,holy-blossom-temple-preschool-toronto-hebrew-con-06986,on-06986,Toronto Hebrew Congregation/Holy Blossom Temple Preschool,Holy Blossom Temple Preschool (Toronto Hebrew Congregation),1950 Bathurst St,1950 Bathurst Street,Toronto,ON,M5P 3K9,M5P 3K9,identical_after_norm,/daycare/toronto-hebrew-congregation-holy-blossom-temple--6744,/daycare/holy-blossom-temple-preschool-toronto-hebrew-con-06986,bundled_legacy_dup|high_same_street
treasured-moments-bloor-9633,on-tor-9633,bundled,treasured-moments-facility-16165-3107-bloor-st-w-16165,on-16165,Treasured Moments - Bloor,Treasured Moments (Facility #16165 - 3107 Bloor St W),3107 Bloor St W,3107 Bloor Street,Toronto,ON,M8X 1E2,M8X 1E2,type_or_direction_only,/daycare/treasured-moments-bloor-9633,/daycare/treasured-moments-facility-16165-3107-bloor-st-w-16165,bundled_legacy_dup|high_same_street
treasured-moments-burnhamthorpe-12409,on-tor-12409,bundled,treasured-moments-316-burnhamthorpe-road-0005349,on-0005349,Treasured Moments - Burnhamthorpe,Treasured Moments (316 Burnhamthorpe Road),316 Burnhamthorpe Rd,316 Burnhamthorpe Road,Toronto,ON,M9B 2A1,M9B 2A1,identical_after_norm,/daycare/treasured-moments-burnhamthorpe-12409,/daycare/treasured-moments-316-burnhamthorpe-road-0005349,bundled_legacy_dup|high_same_street
university-city-jr-ymca-1902,on-tor-1902,bundled,university-city-jr-y-ymca-01557,on-01557,University City Jr Ymca,University City Jr Y - Ymca,453 Sentinel Rd,453 Sentinel Road,Toronto,ON,M3J 2T6,M3J 2T6,identical_after_norm,/daycare/university-city-jr-ymca-1902,/daycare/university-city-jr-y-ymca-01557,bundled_legacy_dup|high_same_street
university-of-toronto-childcare-on-charles-9768,on-tor-9768,bundled,university-of-toronto-childcare-centre-on-charle-0003323,on-0003323,University Of Toronto Childcare On Charles,University Of Toronto Childcare Centre On Charles,35 Charles St W,35 Charles Street,Toronto,ON,M4Y 1R6,M4Y 1R6,type_or_direction_only,/daycare/university-of-toronto-childcare-on-charles-9768,/daycare/university-of-toronto-childcare-centre-on-charle-0003323,bundled_legacy_dup|high_same_street
university-of-toronto-early-learning-centre-o-i-s-e-3763b557,mx-680b3763b557,mx,university-of-toronto-early-learning-centre-o-i--9742,on-tor-9742,University Of Toronto Early Learning Centre - O.I.S.E.,University Of Toronto Early Learning Centre - O.I.S.E.,252 Bloor Street,252 Bloor St W,Toronto,ON,M5S 1V6,M5S 1V6,type_or_direction_only,/daycare/university-of-toronto-early-learning-centre-o-i-s-e-3763b557,/daycare/university-of-toronto-early-learning-centre-o-i--9742,mx_copy_of_bundled|high_same_street
village-green-child-care-centre-14220,on-tor-14220,bundled,village-green-child-care-centre-58555,on-58555,Village Green Child Care Centre,Village Green Child Care Centre,275 Village Green Sq,275 Village Green Square,Toronto,ON,M1S 0L8,M1S 0L1,identical_after_norm,/daycare/village-green-child-care-centre-14220,/daycare/village-green-child-care-centre-58555,bundled_legacy_dup|high_same_street
vincent-massey-childcare-center-521909-ontario-l-13164,on-tor-13164,bundled,vincent-massey-academy-franklin-horner-campus-55413,on-55413,Vincent Massey Childcare Center (521909 Ontario Ltd.),Vincent Massey Academy- Franklin Horner Campus,432 Horner Ave,432 Horner Avenue,Toronto,ON,M8W 2B2,M8W 2B2,identical_after_norm,/daycare/vincent-massey-childcare-center-521909-ontario-l-13164,/daycare/vincent-massey-academy-franklin-horner-campus-55413,bundled_legacy_dup|high_same_street
waldorf-academy-childcare-centre-ef1eae0e,mx-7fa5ef1eae0e,mx,waldorf-academy-childcare-centre-13317,on-tor-13317,Waldorf Academy Childcare Centre,Waldorf Academy Childcare Centre,263/265 Spadina Road,263 Spadina Rd,Toronto,ON,M5R 2V3,M5R 2V3,same_number_small_typo(0.85),/daycare/waldorf-academy-childcare-centre-ef1eae0e,/daycare/waldorf-academy-childcare-centre-13317,mx_copy_of_bundled|high_same_postal
waterclub-jr-ymca-11930,on-tor-11930,bundled,waterclub-ymca-child-care-ymca-0003957,on-0003957,Waterclub Jr Ymca,Waterclub Ymca Child Care (Ymca),208 Queens Quay W,208 Queens Quay,Toronto,ON,M5J 2Y5,M5J 2Y5,type_or_direction_only,/daycare/waterclub-jr-ymca-11930,/daycare/waterclub-ymca-child-care-ymca-0003957,bundled_legacy_dup|high_same_street
wedgewood-school-age-ymca-1919,on-tor-1919,bundled,ymca-wedgewood-school-age-program-03958,on-03958,Wedgewood School Age Ymca,Ymca - Wedgewood School Age Program,5 Swan Ave,5 Swan Avenue,Toronto,ON,M9B 1V1,M9B 1V1,identical_after_norm,/daycare/wedgewood-school-age-ymca-1919,/daycare/ymca-wedgewood-school-age-program-03958,bundled_legacy_dup|high_same_street
wee-leprechauns-child-care-centre-ltd-59e25028,mx-0e1259e25028,mx,wee-leprechauns-child-care-centre-ltd-6480,on-tor-6480,Wee Leprechauns Child Care Centre Ltd,Wee Leprechauns Child Care Centre Ltd,235 The Donway,235 The Donway E,Toronto,ON,M3B 2Y8,M3B 2Y8,type_or_direction_only,/daycare/wee-leprechauns-child-care-centre-ltd-59e25028,/daycare/wee-leprechauns-child-care-centre-ltd-6480,mx_copy_of_bundled|high_same_street
wellesworth-school-age-ymca-1918,on-tor-1918,bundled,wellesworth-school-age-program-ymca-08513,on-08513,Wellesworth School Age Ymca,Wellesworth School Age Program (Ymca),225 Wellesworth Dr,225 Wellesworth Drive,Toronto,ON,M9C 4S5,M9C 4S5,identical_after_norm,/daycare/wellesworth-school-age-ymca-1918,/daycare/wellesworth-school-age-program-ymca-08513,bundled_legacy_dup|high_same_street
west-end-jr-ymca-1896,on-tor-1896,bundled,west-end-junior-y-day-care-ymca-04592,on-04592,West End Jr Ymca,West End Junior Y Day Care (Ymca),931 College St,931 College Street,Toronto,ON,M6H 1A1,M6H 1A1,identical_after_norm,/daycare/west-end-jr-ymca-1896,/daycare/west-end-junior-y-day-care-ymca-04592,bundled_legacy_dup|high_same_street
west-hill-centre-for-early-learning-centres-for-early-learning-inc-b74115cd,mx-1717b74115cd,mx,west-hill-centre-for-early-learning-centres-for--1297,on-tor-1297,West Hill Centre For Early Learning (Centres For Early Learning Inc.),West Hill Centre For Early Learning (Centres For Early Learning Inc.),4010 Lawrence Avenue,4010 Lawrence Ave E,Toronto,ON,M1E 2R4,M1E 2R4,type_or_direction_only,/daycare/west-hill-centre-for-early-learning-centres-for-early-learning-inc-b74115cd,/daycare/west-hill-centre-for-early-learning-centres-for--1297,mx_copy_of_bundled|high_same_street
weston-memorial-b-a-school-program-7699,on-tor-7699,bundled,lef-weston-memorial-before-and-after-school-care-0000763,on-0000763,Weston Memorial B & A School Program,Lef - Weston Memorial Before And After School Care Program,200 John St,200 John Street,Toronto,ON,M9N 1K2,M9N 1K2,identical_after_norm,/daycare/weston-memorial-b-a-school-program-7699,/daycare/lef-weston-memorial-before-and-after-school-care-0000763,bundled_legacy_dup|high_same_street
wexford-extended-day-and-school-age-program-13502,on-tor-13502,bundled,family-day-care-service-wexford-extended-day-and-56582,on-56582,Wexford Extended Day And School Age Program,Family Day Care Service Wexford Extended Day And School Age Program,1050 Pharmacy Ave,1050 Pharmacy Avenue,Toronto,ON,M1R 2H1,M1R 2H1,identical_after_norm,/daycare/wexford-extended-day-and-school-age-program-13502,/daycare/family-day-care-service-wexford-extended-day-and-56582,bundled_legacy_dup|high_same_street
weybourne-school-f57d538a,mx-2565f57d538a,mx,weybourne-school-13216,on-tor-13216,Weybourne School,Weybourne School,54 Lawrence Avenue,54 Lawrence Ave E,Toronto,ON,M4N 1S3,M4N 1S3,type_or_direction_only,/daycare/weybourne-school-f57d538a,/daycare/weybourne-school-13216,mx_copy_of_bundled|high_same_street
william-burgess-jr-ymca-1938,on-tor-1938,bundled,william-burgess-jr-y-day-care-ymca-06915,on-06915,William Burgess Jr Ymca,William Burgess Jr Y Day Care (Ymca),100 Torrens Ave,100 Torrens Avenue,Toronto,ON,M4J 2P5,M4J 2P5,identical_after_norm,/daycare/william-burgess-jr-ymca-1938,/daycare/william-burgess-jr-y-day-care-ymca-06915,bundled_legacy_dup|high_same_street
william-g-miller-school-age-ymca-1934,on-tor-1934,bundled,william-g-miller-school-age-program-ymca-03787,on-03787,William G. Miller School Age Ymca,William G. Miller School Age Program (Ymca),60 Bennett Rd,60 Bennett Road,Toronto,ON,M1E 3Y3,M1E 3Y3,identical_after_norm,/daycare/william-g-miller-school-age-ymca-1934,/daycare/william-g-miller-school-age-program-ymca-03787,bundled_legacy_dup|high_same_street
willowbrae-academy-bayview-village-157eac37,mx-bb46157eac37,mx,willowbrae-academy-bayview-village-13618,on-tor-13618,Willowbrae Academy Bayview Village,Willowbrae Academy Bayview Village,432 Sheppard Avenue,432 Sheppard Ave E,Toronto,ON,M2N 3B7,M2N 3B7,type_or_direction_only,/daycare/willowbrae-academy-bayview-village-157eac37,/daycare/willowbrae-academy-bayview-village-13618,mx_copy_of_bundled|high_same_street
willowbrae-academy-etobicoke-13902,on-tor-13902,bundled,willowbrae-academy-etobicoke-57495,on-57495,Willowbrae Academy Etobicoke,Willowbrae Academy Etobicoke,4975 Dundas St W,4975 Dundas Street,Toronto,ON,M9A 1B6,M9A 1B6,type_or_direction_only,/daycare/willowbrae-academy-etobicoke-13902,/daycare/willowbrae-academy-etobicoke-57495,bundled_legacy_dup|high_same_street
wilmington-best-schoolage-satellite-centre-9456,on-tor-9456,bundled,wilmington-best-childcare-10-plus-program-0001865,on-0001865,Wilmington Best Schoolage Satellite Centre,Wilmington Best Childcare 10 Plus Program,285 Wilmington Ave,285 Wilmington Avenue,Toronto,ON,M3H 5K8,M3H 5K8,identical_after_norm,/daycare/wilmington-best-schoolage-satellite-centre-9456,/daycare/wilmington-best-childcare-10-plus-program-0001865,bundled_legacy_dup|high_same_street
wonderkids-daycare-14573,on-tor-14573,bundled,wonderkids-daycare-inc-61559,on-61559,Wonderkids Daycare,Wonderkids Daycare Inc.,475 Rathburn Rd,475 Rathburn,Toronto,ON,M9C 3S9,M9C 3S9,type_or_direction_only,/daycare/wonderkids-daycare-14573,/daycare/wonderkids-daycare-inc-61559,bundled_legacy_dup|high_same_street
woodgreen-community-services-morse-child-care-ce-1786,on-tor-1786,bundled,woodgreen-community-services-morse-street-child--07240,on-07240,Woodgreen Community Services (Morse Child Care Centre),Woodgreen Community Services (Morse Street Child Care Centre),180 Carlaw Ave,180 Carlaw Avenue,Toronto,ON,M4M 2R9,M4M 2R9,identical_after_norm,/daycare/woodgreen-community-services-morse-child-care-ce-1786,/daycare/woodgreen-community-services-morse-street-child--07240,bundled_legacy_dup|high_same_street
woodgreen-community-services-riverdale-child-care-17c4511a,mx-263617c4511a,mx,woodgreen-community-services-riverdale-child-car-4680,on-tor-4680,Woodgreen Community Services (Riverdale Child Care),Woodgreen Community Services (Riverdale Child Care),1094 Gerrard Street,1094 Gerrard St E,Toronto,ON,M4M 2A1,M4M 2A1,type_or_direction_only,/daycare/woodgreen-community-services-riverdale-child-care-17c4511a,/daycare/woodgreen-community-services-riverdale-child-car-4680,mx_copy_of_bundled|high_same_street
woodland-nursery-school-warden-woods-community-c-1017,on-tor-1017,bundled,woodland-nursery-school-op-warden-woods-communit-06867,on-06867,Woodland Nursery School (Warden Woods Community Centre),Woodland Nursery School (Op: Warden Woods Community Centre) Facility #6867),1 Firvalley Crt,1 Firvalley Court,Toronto,ON,M1L 1N8,M1L 1N8,same_number_small_typo(0.97),/daycare/woodland-nursery-school-warden-woods-community-c-1017,/daycare/woodland-nursery-school-op-warden-woods-communit-06867,bundled_legacy_dup|high_same_street
ymca-of-greater-toronto-st-augustine-13876,on-tor-13876,bundled,st-augustine-of-canterbury-ymca-57793,on-57793,Ymca Of Greater Toronto - St Augustine,St Augustine Of Canterbury Ymca,98 Shoreham Dr,98 Shoreham Drive,Toronto,ON,M3N 1S9,M3N 1S9,identical_after_norm,/daycare/ymca-of-greater-toronto-st-augustine-13876,/daycare/st-augustine-of-canterbury-ymca-57793,bundled_legacy_dup|high_same_street
young-talents-academy-c26b3eec,mx-b26ec26b3eec,mx,young-talents-academy-14459,on-tor-14459,Young Talents Academy,Young Talents Academy,2255 Sheppard Avenue,2255 Sheppard Ave E,Toronto,ON,M2J 4Y1,M2J 4Y1,type_or_direction_only,/daycare/young-talents-academy-c26b3eec,/daycare/young-talents-academy-14459,mx_copy_of_bundled|high_same_street
blue-bell-academy-bf932108,mx-becebf932108,mx,blue-bell-academy-14229,on-tor-14229,Blue Bell Academy,Blue Bell Academy,2189 Gerrard Street,2189 Gerrard St E,Toronto.,ON,M4E 2C6,M4E 2C6,type_or_direction_only,/daycare/blue-bell-academy-bf932108,/daycare/blue-bell-academy-14229,mx_copy_of_bundled|high_same_street
northview-advent-child-care-8593cdc8,mx-08418593cdc8,mx,northview-advent-child-care-13873,on-tor-13873,Northview Advent Child Care,Northview Advent Child Care,541 Finch Avenue,541 Finch Ave W,Toronto.,ON,M2R 3Y3,M2R 3Y3,type_or_direction_only,/daycare/northview-advent-child-care-8593cdc8,/daycare/northview-advent-child-care-13873,mx_copy_of_bundled|high_same_street
the-castle-child-care-centre-73af7c76,mx-e25973af7c76,mx,the-castle-child-care-centre-14243,on-tor-14243,The Castle Child Care Centre,The Castle Child Care Centre,4480 Eglington Avenue,4480 Eglinton Ave W,Toronto.,ON,M9A 4M4,M9A 4M4,same_number_small_typo(0.96),/daycare/the-castle-child-care-centre-73af7c76,/daycare/the-castle-child-care-centre-14243,mx_copy_of_bundled|high_same_postal
centre-de-la-petite-enfance-pirursaivik-0b74c91f,mx-691d0b74c91f,mx,centre-de-la-petite-enfance-pirursaivik-la,qc-2175-centre-de-la,Centre De La Petite Enfance Pirursaivik,Centre De La Petite Enfance Pirursaivik,",   C.P. 69",",   C.P. 69",Akulivik,QC,J0M 1V0,J0M 1V0,identical_after_norm,/daycare/centre-de-la-petite-enfance-pirursaivik-0b74c91f,/daycare/centre-de-la-petite-enfance-pirursaivik-la,mx_copy_of_bundled|high_same_postal
centre-de-la-petite-enfance-sukliateet-de5e7991,mx-8780de5e7991,mx,centre-de-la-petite-enfance-sukliateet-la,qc-2176-centre-de-la,Centre De La Petite Enfance Sukliateet,Centre De La Petite Enfance Sukliateet,",   C.P. 39",",   C.P. 39",Aupaluk,QC,J0M 1X0,J0M 1X0,identical_after_norm,/daycare/centre-de-la-petite-enfance-sukliateet-de5e7991,/daycare/centre-de-la-petite-enfance-sukliateet-la,mx_copy_of_bundled|high_same_postal
centre-de-la-petite-enfance-au-jardin-de-dominique-installation-domini-afa904c0,mx-3c44afa904c0,mx,centre-de-la-petite-enfance-au-jardin-de-dominiq-la,qc-2252-centre-de-la,Centre De La Petite Enfance Au Jardin De Dominique - Installation Domini Jardin,Centre De La Petite Enfance Au Jardin De Dominique - Installation Domini Jardin,"645, 7e avenue","645, 7e avenue",Beauceville,QC,G5X 1L1,G5X 1L1,identical_after_norm,/daycare/centre-de-la-petite-enfance-au-jardin-de-dominique-installation-domini-afa904c0,/daycare/centre-de-la-petite-enfance-au-jardin-de-dominiq-la,mx_copy_of_bundled|high_same_street
centre-de-la-petite-enfance-au-jardin-de-dominique-installation-opti-j-5643b7c8,mx-b50b5643b7c8,mx,centre-de-la-petite-enfance-au-jardin-de-dominiq-la-2,qc-2253-centre-de-la,Centre De La Petite Enfance Au Jardin De Dominique - Installation Opti-Jardin,Centre De La Petite Enfance Au Jardin De Dominique - Installation Opti-Jardin,"99, 107e rue","99, 107e rue",Beauceville,QC,G5X 2P9,G5X 2P9,identical_after_norm,/daycare/centre-de-la-petite-enfance-au-jardin-de-dominique-installation-opti-j-5643b7c8,/daycare/centre-de-la-petite-enfance-au-jardin-de-dominiq-la-2,mx_copy_of_bundled|high_same_street
centre-de-la-petite-enfance-au-jardin-de-dominique-installation-uni-ve-aaefefc6,mx-f397aaefefc6,mx,centre-de-la-petite-enfance-au-jardin-de-dominiq-la-3,qc-2254-centre-de-la,Centre De La Petite Enfance Au Jardin De Dominique - Installation Uni-Vert Jardin,Centre De La Petite Enfance Au Jardin De Dominique - Installation Uni-Vert Jardin,"116, 125e rue","116, 125e rue",Beauceville,QC,G5X 2R3,G5X 2R3,identical_after_norm,/daycare/centre-de-la-petite-enfance-au-jardin-de-dominique-installation-uni-ve-aaefefc6,/daycare/centre-de-la-petite-enfance-au-jardin-de-dominiq-la-3,mx_copy_of_bundled|high_same_street
centre-de-la-petite-enfance-la-cabotine-installation-crabtree-613a81a5,mx-bdee613a81a5,mx,centre-de-la-petite-enfance-la-cabotine-installa-la,qc-2645-centre-de-la,Centre De La Petite Enfance La Cabotine - Installation Crabtree,Centre De La Petite Enfance La Cabotine - Installation Crabtree,"120, 7e Rue","120, 7e Rue",Crabtree,QC,J0K 1B0,J0K 1B0,identical_after_norm,/daycare/centre-de-la-petite-enfance-la-cabotine-installation-crabtree-613a81a5,/daycare/centre-de-la-petite-enfance-la-cabotine-installa-la,mx_copy_of_bundled|high_same_street
garderie-ducative-acad-mie-deux-montagnes-inc-d47ee5bd,mx-d9e8d47ee5bd,mx,garderie-ducative-acad-mie-deux-montagnes-inc-duc,qc-2890-garderie-duc,Garderie Éducative Académie Deux Montagnes Inc.,Garderie Éducative Académie Deux Montagnes Inc.,"589, 20e Avenue","589, 20e Avenue",Deux-Montagnes,QC,J7R 6B2,J7R 6B2,identical_after_norm,/daycare/garderie-ducative-acad-mie-deux-montagnes-inc-d47ee5bd,/daycare/garderie-ducative-acad-mie-deux-montagnes-inc-duc,mx_copy_of_bundled|high_same_street
garderie-ducative-tam-tam-inc-804623a3,mx-c31b804623a3,mx,garderie-ducative-tam-tam-inc-duc,qc-2891-garderie-duc,Garderie Éducative Tam-Tam Inc.,Garderie Éducative Tam-Tam Inc.,"635, 20e avenue","635, 20e avenue",Deux-Montagnes,QC,J7R 6B2,J7R 6B2,identical_after_norm,/daycare/garderie-ducative-tam-tam-inc-804623a3,/daycare/garderie-ducative-tam-tam-inc-duc,mx_copy_of_bundled|high_same_street
centre-de-la-petite-enfance-le-papillon-enchant-installation-1-2212db0f,mx-3a332212db0f,mx,centre-de-la-petite-enfance-le-papillon-enchant--la,qc-3729-centre-de-la,Centre De La Petite Enfance Le Papillon Enchanté - Installation 1,Centre De La Petite Enfance Le Papillon Enchanté - Installation 1,"116, 18e Avenue","116, 18e Avenue",Drummondville,QC,J2B 3T3,J2B 3T3,identical_after_norm,/daycare/centre-de-la-petite-enfance-le-papillon-enchant-installation-1-2212db0f,/daycare/centre-de-la-petite-enfance-le-papillon-enchant--la,mx_copy_of_bundled|high_same_street
centre-de-la-petite-enfance-la-girofl-e-installation-de-forestville-352468c2,mx-f017352468c2,mx,centre-de-la-petite-enfance-la-girofl-e-installa-la-2,qc-2148-centre-de-la,Centre De La Petite Enfance La Giroflée - Installation De Forestville,Centre De La Petite Enfance La Giroflée - Installation De Forestville,"11, 10e Rue","11, 10e Rue",Forestville,QC,G0T 1E0,G0T 1E0,identical_after_norm,/daycare/centre-de-la-petite-enfance-la-girofl-e-installation-de-forestville-352468c2,/daycare/centre-de-la-petite-enfance-la-girofl-e-installa-la-2,mx_copy_of_bundled|high_same_street
service-de-garde-tasiurvik-inc-bd5e93fe,mx-2667bd5e93fe,mx,service-de-garde-tasiurvik-inc-g,qc-2187-service-de-g,Service De Garde Tasiurvik Inc.,Service De Garde Tasiurvik Inc.,",   C.P. 280",",   C.P. 280",Inukjuak,QC,J0M 1M0,J0M 1M0,identical_after_norm,/daycare/service-de-garde-tasiurvik-inc-bd5e93fe,/daycare/service-de-garde-tasiurvik-inc-g,mx_copy_of_bundled|high_same_postal
centre-de-la-petite-enfance-amaarvik-207b1184,mx-bbd2207b1184,mx,centre-de-la-petite-enfance-amaarvik-la,qc-2189-centre-de-la,Centre De La Petite Enfance Amaarvik,Centre De La Petite Enfance Amaarvik,",   C.P. 50",",   C.P. 50",Ivujivik,QC,J0M 1H0,J0M 1H0,identical_after_norm,/daycare/centre-de-la-petite-enfance-amaarvik-207b1184,/daycare/centre-de-la-petite-enfance-amaarvik-la,mx_copy_of_bundled|high_same_postal
centre-enfance-et-famille-de-step-by-step-step-by-step-child-and-famil-b1e1656a,mx-58bdb1e1656a,mx,centre-enfance-et-famille-de-step-by-step-step-b-enfan,qc-3226-centre-enfan,Centre Enfance Et Famille De Step By Step / Step By Step Child And Family Center,Centre Enfance Et Famille De Step By Step / Step By Step Child And Family Center,",   C.P. 771",",   C.P. 771",Kahnawake,QC,J0L 1B0,J0L 1B0,identical_after_norm,/daycare/centre-enfance-et-famille-de-step-by-step-step-by-step-child-and-famil-b1e1656a,/daycare/centre-enfance-et-famille-de-step-by-step-step-b-enfan,mx_copy_of_bundled|high_same_postal
centre-de-la-petite-enfance-aqaivik-0a07e9e4,mx-20b80a07e9e4,mx,centre-de-la-petite-enfance-aqaivik-la,qc-2190-centre-de-la,Centre De La Petite Enfance Aqaivik,Centre De La Petite Enfance Aqaivik,",   C.P. 130",",   C.P. 130",Kangiqsualujjuaq,QC,J0M 1N0,J0M 1N0,identical_after_norm,/daycare/centre-de-la-petite-enfance-aqaivik-0a07e9e4,/daycare/centre-de-la-petite-enfance-aqaivik-la,mx_copy_of_bundled|high_same_postal
centre-de-la-petite-enfance-saralikitaarapiit-c8a0e53b,mx-6dc8c8a0e53b,mx,centre-de-la-petite-enfance-saralikitaarapiit-la,qc-2191-centre-de-la,Centre De La Petite Enfance Saralikitaarapiit,Centre De La Petite Enfance Saralikitaarapiit,",   C.P. 130",",   C.P. 130",Kangiqsualujjuaq,QC,J0M 1N0,J0M 1N0,identical_after_norm,/daycare/centre-de-la-petite-enfance-saralikitaarapiit-c8a0e53b,/daycare/centre-de-la-petite-enfance-saralikitaarapiit-la,mx_copy_of_bundled|high_same_postal
centre-de-la-petite-enfance-mikijuq-25f2a6dc,mx-d2f125f2a6dc,mx,centre-de-la-petite-enfance-mikijuq-la,qc-2192-centre-de-la,Centre De La Petite Enfance Mikijuq,Centre De La Petite Enfance Mikijuq,",   C.P. 169",",   C.P. 169",Kangiqsujuaq,QC,J0M 1K0,J0M 1K0,identical_after_norm,/daycare/centre-de-la-petite-enfance-mikijuq-25f2a6dc,/daycare/centre-de-la-petite-enfance-mikijuq-la,mx_copy_of_bundled|high_same_postal
centre-de-la-petite-enfance-iqitauvik-iqitauvik-child-care-centre-744f414e,mx-3a91744f414e,mx,centre-de-la-petite-enfance-iqitauvik-iqitauvik--la,qc-2194-centre-de-la,Centre De La Petite Enfance Iqitauvik / Iqitauvik Child Care Centre,Centre De La Petite Enfance Iqitauvik / Iqitauvik Child Care Centre,",   C.P. 699",",   C.P. 699",Kuujjuaq,QC,J0M 1C0,J0M 1C0,identical_after_norm,/daycare/centre-de-la-petite-enfance-iqitauvik-iqitauvik-child-care-centre-744f414e,/daycare/centre-de-la-petite-enfance-iqitauvik-iqitauvik--la,mx_copy_of_bundled|high_same_postal
centre-de-la-petite-enfance-iqitauvik-iqitauvik-child-care-centre-tumi-5caa645f,mx-ae405caa645f,mx,centre-de-la-petite-enfance-iqitauvik-iqitauvik--la-2,qc-2195-centre-de-la,Centre De La Petite Enfance Iqitauvik / Iqitauvik Child Care Centre - Tumiapiit,Centre De La Petite Enfance Iqitauvik / Iqitauvik Child Care Centre - Tumiapiit,",   C.P. 699",",   C.P. 699",Kuujjuaq,QC,J0M 1C0,J0M 1C0,identical_after_norm,/daycare/centre-de-la-petite-enfance-iqitauvik-iqitauvik-child-care-centre-tumi-5caa645f,/daycare/centre-de-la-petite-enfance-iqitauvik-iqitauvik--la-2,mx_copy_of_bundled|high_same_postal
centre-de-la-petite-enfance-saqliavik-7b7b1b25,mx-c25e7b7b1b25,mx,centre-de-la-petite-enfance-saqliavik-la,qc-2197-centre-de-la,Centre De La Petite Enfance Saqliavik,Centre De La Petite Enfance Saqliavik,",   C.P. 429",",   C.P. 429",Kuujjuarapik,QC,J0M 1G0,J0M 1G0,identical_after_norm,/daycare/centre-de-la-petite-enfance-saqliavik-7b7b1b25,/daycare/centre-de-la-petite-enfance-saqliavik-la,mx_copy_of_bundled|high_same_postal
centre-de-la-petite-enfance-le-jardin-des-frimousses-installation-8e-a-a2542088,mx-ee6ba2542088,mx,centre-de-la-petite-enfance-le-jardin-des-frimou-la,qc-904-centre-de-la,Centre De La Petite Enfance Le Jardin Des Frimousses - Installation 8E Avenue,Centre De La Petite Enfance Le Jardin Des Frimousses - Installation 8E Avenue,"160, 8e Avenue","160, 8e Avenue",Lachine,QC,H8S 3B1,H8S 3B1,identical_after_norm,/daycare/centre-de-la-petite-enfance-le-jardin-des-frimousses-installation-8e-a-a2542088,/daycare/centre-de-la-petite-enfance-le-jardin-des-frimou-la,mx_copy_of_bundled|high_same_street
centre-montessori-et-garderie-de-lachine-65fa1e9c,mx-e9b965fa1e9c,mx,centre-montessori-et-garderie-de-lachine-monte,qc-908-centre-monte,Centre Montessori Et Garderie De Lachine,Centre Montessori Et Garderie De Lachine,"953, 14e Avenue","953, 14e Avenue",Lachine,QC,H8S 4E5,H8S 4E5,identical_after_norm,/daycare/centre-montessori-et-garderie-de-lachine-65fa1e9c,/daycare/centre-montessori-et-garderie-de-lachine-monte,mx_copy_of_bundled|high_same_street
garderie-ducative-les-amis-de-cathy-1-7d7cbb26,mx-be087d7cbb26,mx,garderie-ducative-les-amis-de-cathy-1-duc,qc-920-garderie-duc,Garderie Éducative Les Amis De Cathy 1,Garderie Éducative Les Amis De Cathy 1,"116, 9e Avenue","116, 9e Avenue",Lachine,QC,H8S 3B9,H8S 3B9,identical_after_norm,/daycare/garderie-ducative-les-amis-de-cathy-1-7d7cbb26,/daycare/garderie-ducative-les-amis-de-cathy-1-duc,mx_copy_of_bundled|high_same_street
la-garderie-des-globe-trotteurs-dd038deb,mx-4b62dd038deb,mx,la-garderie-des-globe-trotteurs-,qc-922-la-garderie-,La Garderie Des Globe-Trotteurs,La Garderie Des Globe-Trotteurs,"663, 2e Avenue","663, 2e Avenue",Lachine,QC,H8S 2T3,H8S 2T3,identical_after_norm,/daycare/la-garderie-des-globe-trotteurs-dd038deb,/daycare/la-garderie-des-globe-trotteurs-,mx_copy_of_bundled|high_same_street
centre-de-la-petite-enfance-fleurs-de-lune-7ed232a6,mx-dd167ed232a6,mx,centre-de-la-petite-enfance-fleurs-de-lune-la,qc-2442-centre-de-la,Centre De La Petite Enfance Fleurs De Lune,Centre De La Petite Enfance Fleurs De Lune,"4200, 18e Rue","4200, 18e Rue",Laval,QC,H7R 2P6,H7R 2P6,identical_after_norm,/daycare/centre-de-la-petite-enfance-fleurs-de-lune-7ed232a6,/daycare/centre-de-la-petite-enfance-fleurs-de-lune-la,mx_copy_of_bundled|high_same_street
garderie-croque-nuage-inc-3acbcc6e,mx-8db93acbcc6e,mx,garderie-croque-nuage-inc-cro,qc-2508-garderie-cro,Garderie Croque Nuage Inc.,Garderie Croque Nuage Inc.,"3580, 24e Rue","3580, 24e Rue",Laval,QC,H7R 2L5,H7R 2L5,identical_after_norm,/daycare/garderie-croque-nuage-inc-3acbcc6e,/daycare/garderie-croque-nuage-inc-cro,mx_copy_of_bundled|high_same_street
garderie-l-univers-des-petits-coeurs-inc-5dc1127f,mx-cd485dc1127f,mx,garderie-l-univers-des-petits-coeurs-inc-u,qc-2525-garderie-l-u,Garderie L'Univers Des Petits Coeurs Inc.,Garderie L'Univers Des Petits Coeurs Inc.,"85-89, 8e rue","85-89, 8e rue",Laval,QC,H7N 2C5,H7N 2C5,identical_after_norm,/daycare/garderie-l-univers-des-petits-coeurs-inc-5dc1127f,/daycare/garderie-l-univers-des-petits-coeurs-inc-u,mx_copy_of_bundled|high_same_street
garderie-le-royaume-des-petits-coeurs-e75540ba,mx-1a2ae75540ba,mx,garderie-le-royaume-des-petits-coeurs-,qc-2541-garderie-le-,Garderie Le Royaume Des Petits Coeurs,Garderie Le Royaume Des Petits Coeurs,"99, 8e Rue","99, 8e Rue",Laval,QC,H7N 2C5,H7N 2C5,identical_after_norm,/daycare/garderie-le-royaume-des-petits-coeurs-e75540ba,/daycare/garderie-le-royaume-des-petits-coeurs-,mx_copy_of_bundled|high_same_street
garderie-nareg-5a9d1b09,mx-30c05a9d1b09,mx,garderie-nareg-nar,qc-2564-garderie-nar,Garderie Nareg,Garderie Nareg,"500, 67e Avenue","500, 67e Avenue",Laval,QC,H7V 2N2,H7V 2N2,identical_after_norm,/daycare/garderie-nareg-5a9d1b09,/daycare/garderie-nareg-nar,mx_copy_of_bundled|high_same_street
garderie-val-fleuri-inc-8d450086,mx-caa38d450086,mx,garderie-val-fleuri-inc-val,qc-2572-garderie-val,Garderie Val Fleuri Inc.,Garderie Val Fleuri Inc.,"81, 8e Rue","81, 8e Rue",Laval,QC,H7N 2C5,H7N 2C5,identical_after_norm,/daycare/garderie-val-fleuri-inc-8d450086,/daycare/garderie-val-fleuri-inc-val,mx_copy_of_bundled|high_same_street
garderie-ducative-cinq-toiles-inc-e8bbb436,mx-adf8e8bbb436,mx,garderie-ducative-cinq-toiles-inc-duc,qc-2578-garderie-duc,Garderie Éducative Cinq Étoiles Inc.,Garderie Éducative Cinq Étoiles Inc.,"3340, 100e Avenue","3340, 100e Avenue",Laval,QC,H7T 0J7,H7T 0J7,identical_after_norm,/daycare/garderie-ducative-cinq-toiles-inc-e8bbb436,/daycare/garderie-ducative-cinq-toiles-inc-duc,mx_copy_of_bundled|high_same_street
garderie-ducative-mini-minous-4b12a89a,mx-47d64b12a89a,mx,garderie-ducative-mini-minous-duc,qc-2609-garderie-duc,Garderie Éducative Mini Minous,Garderie Éducative Mini Minous,"135, 7e Avenue","135, 7e Avenue",Laval,QC,H7N 4J4,H7N 4J4,identical_after_norm,/daycare/garderie-ducative-mini-minous-4b12a89a,/daycare/garderie-ducative-mini-minous-duc,mx_copy_of_bundled|high_same_street
installation-louiseville-canadel-17dd52d3,mx-79f717dd52d3,mx,installation-louiseville-canadel-installa,qc-530-installation,INSTALLATION lOUISEVILLE/CANADEL,INSTALLATION lOUISEVILLE/CANADEL,"550, 6e rue","550, 6e rue",Louiseville,QC,J5V 0B4,J5V 0B4,identical_after_norm,/daycare/installation-louiseville-canadel-17dd52d3,/daycare/installation-louiseville-canadel-installa,mx_copy_of_bundled|high_same_street
acad-mie-les-petits-voyageurs-b95c5138,mx-9440b95c5138,mx,acad-mie-les-petits-voyageurs-les,qc-944-acad-mie-les,Académie Les Petits Voyageurs,Académie Les Petits Voyageurs,"6965, 6e Avenue","6965, 6e Avenue",Montréal,QC,H2A 3E3,H2A 3E3,identical_after_norm,/daycare/acad-mie-les-petits-voyageurs-b95c5138,/daycare/acad-mie-les-petits-voyageurs-les,mx_copy_of_bundled|high_same_street
centre-de-la-petite-enfance-bobino-bobinette-inc-9f9f4c99,mx-ad2c9f9f4c99,mx,centre-de-la-petite-enfance-bobino-bobinette-inc-la,qc-987-centre-de-la,Centre De La Petite Enfance Bobino-Bobinette Inc.,Centre De La Petite Enfance Bobino-Bobinette Inc.,"12505, 28e Avenue","12505, 28e Avenue",Montréal,QC,H1E 3V3,H1E 3V3,identical_after_norm,/daycare/centre-de-la-petite-enfance-bobino-bobinette-inc-9f9f4c99,/daycare/centre-de-la-petite-enfance-bobino-bobinette-inc-la,mx_copy_of_bundled|high_same_street
centre-de-la-petite-enfance-cardio-puces-installation-de-la-marmaille--f3e9e6eb,mx-55bdf3e9e6eb,mx,centre-de-la-petite-enfance-cardio-puces-install-la,qc-991-centre-de-la,Centre De La Petite Enfance Cardio-Puces - Installation De La Marmaille Du Parc,Centre De La Petite Enfance Cardio-Puces - Installation De La Marmaille Du Parc,"6280, 31e Avenue","6280, 31e Avenue",Montréal,QC,H1T 3E3,H1T 3E3,identical_after_norm,/daycare/centre-de-la-petite-enfance-cardio-puces-installation-de-la-marmaille--f3e9e6eb,/daycare/centre-de-la-petite-enfance-cardio-puces-install-la,mx_copy_of_bundled|high_same_street
centre-de-la-petite-enfance-cardio-puces-installation-le-rep-re-des-mo-6f36396a,mx-cafc6f36396a,mx,centre-de-la-petite-enfance-cardio-puces-install-la-3,qc-993-centre-de-la,Centre De La Petite Enfance Cardio-Puces - Installation Le Repère Des Mousses,Centre De La Petite Enfance Cardio-Puces - Installation Le Repère Des Mousses,"6815, 36e Avenue","6815, 36e Avenue",Montréal,QC,H1T 2Z9,H1T 2Z9,identical_after_norm,/daycare/centre-de-la-petite-enfance-cardio-puces-installation-le-rep-re-des-mo-6f36396a,/daycare/centre-de-la-petite-enfance-cardio-puces-install-la-3,mx_copy_of_bundled|high_same_street
centre-de-la-petite-enfance-la-galijode-inc-742db7ff,mx-5094742db7ff,mx,centre-de-la-petite-enfance-la-galijode-inc-la,qc-1064-centre-de-la,Centre De La Petite Enfance La Galijode Inc.,Centre De La Petite Enfance La Galijode Inc.,"6315, 13e Avenue","6315, 13e Avenue",Montréal,QC,H1X 2Y6,H1X 2Y6,identical_after_norm,/daycare/centre-de-la-petite-enfance-la-galijode-inc-742db7ff,/daycare/centre-de-la-petite-enfance-la-galijode-inc-la,mx_copy_of_bundled|high_same_street
centre-de-la-petite-enfance-la-porte-ouverte-inc-76e7e2d0,mx-3b8d76e7e2d0,mx,centre-de-la-petite-enfance-la-porte-ouverte-inc-la,qc-1072-centre-de-la,Centre De La Petite Enfance La Porte Ouverte Inc.,Centre De La Petite Enfance La Porte Ouverte Inc.,"2020, 31e Avenue","2020, 31e Avenue",Montréal,QC,H1A 4B7,H1A 4B7,identical_after_norm,/daycare/centre-de-la-petite-enfance-la-porte-ouverte-inc-76e7e2d0,/daycare/centre-de-la-petite-enfance-la-porte-ouverte-inc-la,mx_copy_of_bundled|high_same_street
centre-de-la-petite-enfance-populaire-st-michel-installation-des-carac-f1dfaa9f,mx-be6ef1dfaa9f,mx,centre-de-la-petite-enfance-populaire-st-michel--la,qc-1139-centre-de-la,Centre De La Petite Enfance Populaire St-Michel - Installation Des Caracoles,Centre De La Petite Enfance Populaire St-Michel - Installation Des Caracoles,"7990, 2e Avenue","7990, 2e Avenue",Montréal,QC,H1Z 2S3,H1Z 2S3,identical_after_norm,/daycare/centre-de-la-petite-enfance-populaire-st-michel-installation-des-carac-f1dfaa9f,/daycare/centre-de-la-petite-enfance-populaire-st-michel--la,mx_copy_of_bundled|high_same_street
garderie-abri-des-anges-19bd4d58,mx-0eb419bd4d58,mx,garderie-abri-des-anges-abr,qc-1212-garderie-abr,Garderie Abri Des Anges,Garderie Abri Des Anges,"6273, 25e Avenue","6273, 25e Avenue",Montréal,QC,H1T 3L5,H1T 3L5,identical_after_norm,/daycare/garderie-abri-des-anges-19bd4d58,/daycare/garderie-abri-des-anges-abr,mx_copy_of_bundled|high_same_street
garderie-les-anges-des-prairies-inc-bfbfa86a,mx-3c48bfbfa86a,mx,garderie-les-anges-des-prairies-inc-les,qc-1342-garderie-les,Garderie Les Anges Des Prairies Inc.,Garderie Les Anges Des Prairies Inc.,"9650, 4e Rue","9650, 4e Rue",Montréal,QC,H1E 5B5,H1E 5B5,identical_after_norm,/daycare/garderie-les-anges-des-prairies-inc-bfbfa86a,/daycare/garderie-les-anges-des-prairies-inc-les,mx_copy_of_bundled|high_same_street
garderie-mes-petits-lutins-63bbf850,mx-c66163bbf850,mx,garderie-mes-petits-lutins-mes,qc-1388-garderie-mes,Garderie Mes Petits Lutins,Garderie Mes Petits Lutins,"7571, 17e Avenue","7571, 17e Avenue",Montréal,QC,H2A 2R7,H2A 2R7,identical_after_norm,/daycare/garderie-mes-petits-lutins-63bbf850,/daycare/garderie-mes-petits-lutins-mes,mx_copy_of_bundled|high_same_street
garderie-rita-inc-3696cfbd,mx-7a703696cfbd,mx,garderie-rita-inc-rit,qc-1426-garderie-rit,Garderie Rita Inc.,Garderie Rita Inc.,"7772, 16e Avenue","7772, 16e Avenue",Montréal,QC,H2A 2T4,H2A 2T4,identical_after_norm,/daycare/garderie-rita-inc-3696cfbd,/daycare/garderie-rita-inc-rit,mx_copy_of_bundled|high_same_street
garderie-ducative-les-bonnes-journ-es-inc-897b35ad,mx-920f897b35ad,mx,garderie-ducative-les-bonnes-journ-es-inc-duc,qc-1491-garderie-duc,Garderie Éducative Les Bonnes Journées Inc.,Garderie Éducative Les Bonnes Journées Inc.,"2050, 32e Avenue","2050, 32e Avenue",Montréal,QC,H1A 3X4,H1A 3X4,identical_after_norm,/daycare/garderie-ducative-les-bonnes-journ-es-inc-897b35ad,/daycare/garderie-ducative-les-bonnes-journ-es-inc-duc,mx_copy_of_bundled|high_same_street
garderie-ducative-les-petites-mains-inc-413b3abe,mx-61cf413b3abe,mx,garderie-ducative-les-petites-mains-inc-duc,qc-1500-garderie-duc,Garderie Éducative Les Petites Mains Inc.,Garderie Éducative Les Petites Mains Inc.,"5730, 10e Avenue","5730, 10e Avenue",Montréal,QC,H1Y 1R5,H1Y 1R5,identical_after_norm,/daycare/garderie-ducative-les-petites-mains-inc-413b3abe,/daycare/garderie-ducative-les-petites-mains-inc-duc,mx_copy_of_bundled|high_same_street
centre-de-la-petite-enfance-la-claire-fontaine-de-pincourt-1c0eb9f9,mx-44d31c0eb9f9,mx,centre-de-la-petite-enfance-la-claire-fontaine-d-la,qc-3385-centre-de-la,Centre De La Petite Enfance La Claire Fontaine De Pincourt,Centre De La Petite Enfance La Claire Fontaine De Pincourt,"263, 5e Avenue","263, 5e Avenue",Pincourt,QC,J7W 5L4,J7W 5L4,identical_after_norm,/daycare/centre-de-la-petite-enfance-la-claire-fontaine-de-pincourt-1c0eb9f9,/daycare/centre-de-la-petite-enfance-la-claire-fontaine-d-la,mx_copy_of_bundled|high_same_street
centre-de-la-petite-enfance-sarliatauvik-arqsuivik-f15ddccb,mx-4107f15ddccb,mx,centre-de-la-petite-enfance-sarliatauvik-arqsuiv-la,qc-2205-centre-de-la,Centre De La Petite Enfance Sarliatauvik - Arqsuivik,Centre De La Petite Enfance Sarliatauvik - Arqsuivik,",   C.P. 347",",   C.P. 347",Puvirnituq,QC,J0M 1P0,J0M 1P0,identical_after_norm,/daycare/centre-de-la-petite-enfance-sarliatauvik-arqsuivik-f15ddccb,/daycare/centre-de-la-petite-enfance-sarliatauvik-arqsuiv-la,mx_copy_of_bundled|high_same_postal
centre-de-la-petite-enfance-sarliatauvik-sarliatauvik-child-care-cente-50f148e6,mx-462650f148e6,mx,centre-de-la-petite-enfance-sarliatauvik-sarliat-la,qc-2206-centre-de-la,Centre De La Petite Enfance Sarliatauvik / Sarliatauvik Child Care Center,Centre De La Petite Enfance Sarliatauvik / Sarliatauvik Child Care Center,",   C.P. 347",",   C.P. 347",Puvirnituq,QC,J0M 1P0,J0M 1P0,identical_after_norm,/daycare/centre-de-la-petite-enfance-sarliatauvik-sarliatauvik-child-care-cente-50f148e6,/daycare/centre-de-la-petite-enfance-sarliatauvik-sarliat-la,mx_copy_of_bundled|high_same_postal
centre-de-la-petite-enfance-kamattsiavik-kamattsiavik-child-care-centr-d07f3f30,mx-8f0bd07f3f30,mx,centre-de-la-petite-enfance-kamattsiavik-kamatts-la,qc-2207-centre-de-la,Centre De La Petite Enfance Kamattsiavik / Kamattsiavik Child Care Centre,Centre De La Petite Enfance Kamattsiavik / Kamattsiavik Child Care Centre,",   C.P. 106",",   C.P. 106",Quaqtaq,QC,J0M 1J0,J0M 1J0,identical_after_norm,/daycare/centre-de-la-petite-enfance-kamattsiavik-kamattsiavik-child-care-centr-d07f3f30,/daycare/centre-de-la-petite-enfance-kamattsiavik-kamatts-la,mx_copy_of_bundled|high_same_postal
centre-de-la-petite-enfance-jardin-bleu-installation-la-maison-des-enf-51b509d1,mx-b38a51b509d1,mx,centre-de-la-petite-enfance-jardin-bleu-installa-la-2,qc-245-centre-de-la,Centre De La Petite Enfance Jardin Bleu - Installation La Maison Des Enfants,Centre De La Petite Enfance Jardin Bleu - Installation La Maison Des Enfants,"896, 3e Avenue","896, 3e Avenue",Québec,QC,G1L 2W9,G1L 2W9,identical_after_norm,/daycare/centre-de-la-petite-enfance-jardin-bleu-installation-la-maison-des-enf-51b509d1,/daycare/centre-de-la-petite-enfance-jardin-bleu-installa-la-2,mx_copy_of_bundled|high_same_street
centre-de-la-petite-enfance-les-p-tits-loups-limoilou-31d8f95d,mx-5fce31d8f95d,mx,centre-de-la-petite-enfance-les-p-tits-loups-lim-la,qc-295-centre-de-la,Centre De La Petite Enfance Les P'Tits Loups (Limoilou),Centre De La Petite Enfance Les P'Tits Loups (Limoilou),"1300, 8e Avenue","1300, 8e Avenue",Québec,QC,G1J 5L5,G1J 5L5,identical_after_norm,/daycare/centre-de-la-petite-enfance-les-p-tits-loups-limoilou-31d8f95d,/daycare/centre-de-la-petite-enfance-les-p-tits-loups-lim-la,mx_copy_of_bundled|high_same_street
garderie-les-timoilous-inc-d563d143,mx-4da0d563d143,mx,garderie-les-timoilous-inc-les,qc-414-garderie-les,Garderie Les Timoilous Inc.,Garderie Les Timoilous Inc.,"510, 6e Rue","510, 6e Rue",Québec,QC,G1J 2S4,G1J 2S4,identical_after_norm,/daycare/garderie-les-timoilous-inc-d563d143,/daycare/garderie-les-timoilous-inc-les,mx_copy_of_bundled|high_same_street
garderie-duc-atout-da492cfd,mx-1461da492cfd,mx,garderie-duc-atout-duc,qc-2698-garderie-duc,Garderie Éduc-Atout,Garderie Éduc-Atout,"3257, 9e Avenue","3257, 9e Avenue",Rawdon,QC,J0K 1S0,J0K 1S0,identical_after_norm,/daycare/garderie-duc-atout-da492cfd,/daycare/garderie-duc-atout-duc,mx_copy_of_bundled|high_same_street
centre-de-la-petite-enfance-l-anode-magique-installation-rouyn-noranda-f028e4e7,mx-f54ef028e4e7,mx,centre-de-la-petite-enfance-l-anode-magique-inst-la-2,qc-2112-centre-de-la,Centre De La Petite Enfance L'Anode Magique - Installation Rouyn-Noranda,Centre De La Petite Enfance L'Anode Magique - Installation Rouyn-Noranda,"36, 6e Rue","36, 6e Rue",Rouyn-Noranda,QC,J9X 1Y7,J9X 1Y7,identical_after_norm,/daycare/centre-de-la-petite-enfance-l-anode-magique-installation-rouyn-noranda-f028e4e7,/daycare/centre-de-la-petite-enfance-l-anode-magique-inst-la-2,mx_copy_of_bundled|high_same_street
centre-de-la-petite-enfance-le-cept-installation-la-ribambelle-6882c33f,mx-b9136882c33f,mx,centre-de-la-petite-enfance-le-cept-installation-la-2,qc-2115-centre-de-la,Centre De La Petite Enfance Le Cept - Installation La Ribambelle,Centre De La Petite Enfance Le Cept - Installation La Ribambelle,"111, 11e Rue","111, 11e Rue",Rouyn-Noranda,QC,J9X 2E8,J9X 2E8,identical_after_norm,/daycare/centre-de-la-petite-enfance-le-cept-installation-la-ribambelle-6882c33f,/daycare/centre-de-la-petite-enfance-le-cept-installation-la-2,mx_copy_of_bundled|high_same_street
centre-de-la-petite-enfance-hell-nique-ilios-bc36be50,mx-4ab0bc36be50,mx,centre-de-la-petite-enfance-hell-nique-ilios-la,qc-1725-centre-de-la,Centre De La Petite Enfance Hellénique Ilios,Centre De La Petite Enfance Hellénique Ilios,"11, 11e Rue","11, 11e Rue",Roxboro,QC,H8Y 1K6,H8Y 1K6,identical_after_norm,/daycare/centre-de-la-petite-enfance-hell-nique-ilios-bc36be50,/daycare/centre-de-la-petite-enfance-hell-nique-ilios-la,mx_copy_of_bundled|high_same_street
centre-de-la-petite-enfance-bureau-coordonnateur-mini-monde-1f983149,mx-d8351f983149,mx,centre-de-la-petite-enfance-bureau-coordonnateur-la,qc-100-centre-de-la,Centre De La Petite Enfance - Bureau Coordonnateur Mini-Monde,Centre De La Petite Enfance - Bureau Coordonnateur Mini-Monde,"701, 5e Rue","701, 5e Rue",Saguenay,QC,G7B 1Y7,G7B 1Y7,identical_after_norm,/daycare/centre-de-la-petite-enfance-bureau-coordonnateur-mini-monde-1f983149,/daycare/centre-de-la-petite-enfance-bureau-coordonnateur-la,mx_copy_of_bundled|high_same_street
centre-de-la-petite-enfance-la-chenille-installation-saint-c-me-8df9eaa1,mx-74fa8df9eaa1,mx,centre-de-la-petite-enfance-la-chenille-installa-la-2,qc-2746-centre-de-la,Centre De La Petite Enfance La Chenille - Installation Saint-Côme,Centre De La Petite Enfance La Chenille - Installation Saint-Côme,"1610, 55e Rue","1610, 55e Rue",Saint-Côme,QC,J0K 2B0,J0K 2B0,identical_after_norm,/daycare/centre-de-la-petite-enfance-la-chenille-installation-saint-c-me-8df9eaa1,/daycare/centre-de-la-petite-enfance-la-chenille-installa-la-2,mx_copy_of_bundled|high_same_street
les-petits-tr-sors-de-saint-eustache-inc-08047dd5,mx-aec008047dd5,mx,les-petits-tr-sors-de-saint-eustache-inc-t,qc-2999-les-petits-t,Les Petits Trésors De Saint-Eustache Inc.,Les Petits Trésors De Saint-Eustache Inc.,"135A, 25e Avenue","135A, 25e Avenue",Saint-Eustache,QC,J7P 2V1,J7P 2V1,identical_after_norm,/daycare/les-petits-tr-sors-de-saint-eustache-inc-08047dd5,/daycare/les-petits-tr-sors-de-saint-eustache-inc-t,mx_copy_of_bundled|high_same_street
centre-de-la-petite-enfance-au-palais-des-merveilles-installation-aux--8f2bcdcf,mx-90fc8f2bcdcf,mx,centre-de-la-petite-enfance-au-palais-des-mervei-la,qc-2358-centre-de-la,Centre De La Petite Enfance Au Palais Des Merveilles - Installation Aux Mille Merveilles,Centre De La Petite Enfance Au Palais Des Merveilles - Installation Aux Mille Merveilles,"1025, 114e rue","1025, 114e rue",Saint-Georges,QC,G5Y 8C2,G5Y 8C2,identical_after_norm,/daycare/centre-de-la-petite-enfance-au-palais-des-merveilles-installation-aux--8f2bcdcf,/daycare/centre-de-la-petite-enfance-au-palais-des-mervei-la,mx_copy_of_bundled|high_same_street
centre-de-la-petite-enfance-au-palais-des-merveilles-installation-le-m-9ac8fe73,mx-ef649ac8fe73,mx,centre-de-la-petite-enfance-au-palais-des-mervei-la-2,qc-2359-centre-de-la,Centre De La Petite Enfance Au Palais Des Merveilles - Installation Le Mini-Palais Des Merveilles,Centre De La Petite Enfance Au Palais Des Merveilles - Installation Le Mini-Palais Des Merveilles,"1055, 116e rue","1055, 116e rue",Saint-Georges,QC,G5Y 3G1,G5Y 3G1,identical_after_norm,/daycare/centre-de-la-petite-enfance-au-palais-des-merveilles-installation-le-m-9ac8fe73,/daycare/centre-de-la-petite-enfance-au-palais-des-mervei-la-2,mx_copy_of_bundled|high_same_street
centre-de-la-petite-enfance-au-palais-des-merveilles-installation-les--62707d66,mx-e74262707d66,mx,centre-de-la-petite-enfance-au-palais-des-mervei-la-3,qc-2360-centre-de-la,Centre De La Petite Enfance Au Palais Des Merveilles - Installation Les Trésors Du Palais,Centre De La Petite Enfance Au Palais Des Merveilles - Installation Les Trésors Du Palais,"805, 32e rue","805, 32e rue",Saint-Georges,QC,G5Y 8K6,G5Y 8K6,identical_after_norm,/daycare/centre-de-la-petite-enfance-au-palais-des-merveilles-installation-les--62707d66,/daycare/centre-de-la-petite-enfance-au-palais-des-mervei-la-3,mx_copy_of_bundled|high_same_street
centre-de-la-petite-enfance-boutons-d-or-installation-parcelles-d-or-898edd07,mx-b5b6898edd07,mx,centre-de-la-petite-enfance-boutons-d-or-install-la,qc-2362-centre-de-la,Centre De La Petite Enfance Boutons D'Or - Installation Parcelles D'Or,Centre De La Petite Enfance Boutons D'Or - Installation Parcelles D'Or,"13250, 2e Avenue","13250, 2e Avenue",Saint-Georges,QC,G5Y 1Y8,G5Y 1Y8,identical_after_norm,/daycare/centre-de-la-petite-enfance-boutons-d-or-installation-parcelles-d-or-898edd07,/daycare/centre-de-la-petite-enfance-boutons-d-or-install-la,mx_copy_of_bundled|high_same_street
centre-de-la-petite-enfance-la-fourmille-installation-la-fourmille-4b61ce5e,mx-93e74b61ce5e,mx,centre-de-la-petite-enfance-la-fourmille-install-la,qc-2363-centre-de-la,Centre De La Petite Enfance La Fourmille - Installation La Fourmille,Centre De La Petite Enfance La Fourmille - Installation La Fourmille,"1011, 17e Rue","1011, 17e Rue",Saint-Georges,QC,G5Y 0M9,G5Y 0M9,identical_after_norm,/daycare/centre-de-la-petite-enfance-la-fourmille-installation-la-fourmille-4b61ce5e,/daycare/centre-de-la-petite-enfance-la-fourmille-install-la,mx_copy_of_bundled|high_same_street
centre-de-la-petite-enfance-panta-mousse-installation-les-petits-lans-257de4c3,mx-7465257de4c3,mx,centre-de-la-petite-enfance-panta-mousse-install-la,qc-2365-centre-de-la,Centre De La Petite Enfance Panta-Mousse - Installation Les Petits Élans,Centre De La Petite Enfance Panta-Mousse - Installation Les Petits Élans,"11550, 2e Avenue","11550, 2e Avenue",Saint-Georges,QC,G5Y 1W6,G5Y 1W6,identical_after_norm,/daycare/centre-de-la-petite-enfance-panta-mousse-installation-les-petits-lans-257de4c3,/daycare/centre-de-la-petite-enfance-panta-mousse-install-la,mx_copy_of_bundled|high_same_street
garderie-les-petits-chercheurs-83be3d87,mx-97de83be3d87,mx,garderie-les-petits-chercheurs-les,qc-2366-garderie-les,Garderie Les Petits Chercheurs,Garderie Les Petits Chercheurs,"14125, 10e Avenue","14125, 10e Avenue",Saint-Georges,QC,G5Y 5G6,G5Y 5G6,identical_after_norm,/daycare/garderie-les-petits-chercheurs-83be3d87,/daycare/garderie-les-petits-chercheurs-les,mx_copy_of_bundled|high_same_street
garderie-les-petits-coeurs-f3435fb5,mx-c499f3435fb5,mx,garderie-les-petits-coeurs-les,qc-2367-garderie-les,Garderie Les Petits Coeurs,Garderie Les Petits Coeurs,"615, 91e Rue","615, 91e Rue",Saint-Georges,QC,G5Y 3K7,G5Y 3K7,identical_after_norm,/daycare/garderie-les-petits-coeurs-f3435fb5,/daycare/garderie-les-petits-coeurs-les,mx_copy_of_bundled|high_same_street
garderie-montessori-beauce-deaf5ce1,mx-05bddeaf5ce1,mx,garderie-montessori-beauce-mon,qc-2368-garderie-mon,Garderie Montessori Beauce,Garderie Montessori Beauce,"420, 166e Rue","420, 166e Rue",Saint-Georges,QC,G5Y 2G7,G5Y 2G7,identical_after_norm,/daycare/garderie-montessori-beauce-deaf5ce1,/daycare/garderie-montessori-beauce-mon,mx_copy_of_bundled|high_same_street
maison-d-enseignement-let-s-go-076c49f6,mx-725d076c49f6,mx,maison-d-enseignement-let-s-go-ens,qc-2370-maison-d-ens,Maison D'Enseignement Let'S Go,Maison D'Enseignement Let'S Go,"17835, 10e Avenue","17835, 10e Avenue",Saint-Georges,QC,G5Z 2B6,G5Z 2B6,identical_after_norm,/daycare/maison-d-enseignement-let-s-go-076c49f6,/daycare/maison-d-enseignement-let-s-go-ens,mx_copy_of_bundled|high_same_street
centre-de-la-petite-enfance-l-univers-des-petits-installation-la-for-t-275cdc45,mx-a5f6275cdc45,mx,centre-de-la-petite-enfance-l-univers-des-petits-la-2,qc-3528-centre-de-la,Centre De La Petite Enfance L'Univers Des Petits - Installation La Forêt Enchantée,Centre De La Petite Enfance L'Univers Des Petits - Installation La Forêt Enchantée,"880, 2e Rue","880, 2e Rue",Saint-Jean-Sur-Richelieu,QC,J2X 3J1,J2X 3J1,identical_after_norm,/daycare/centre-de-la-petite-enfance-l-univers-des-petits-installation-la-for-t-275cdc45,/daycare/centre-de-la-petite-enfance-l-univers-des-petits-la-2,mx_copy_of_bundled|high_same_street
garderie-alakazou-enr-49d1a05a,mx-e6df49d1a05a,mx,garderie-alakazou-enr-ala,qc-3537-garderie-ala,Garderie Alakazou Enr.,Garderie Alakazou Enr.,"475, 2e Avenue","475, 2e Avenue",Saint-Jean-Sur-Richelieu,QC,J2X 5H9,J2X 5H9,identical_after_norm,/daycare/garderie-alakazou-enr-49d1a05a,/daycare/garderie-alakazou-enr-ala,mx_copy_of_bundled|high_same_street
garderie-la-fabrique-des-apprentis-58663872,mx-aa9758663872,mx,garderie-la-fabrique-des-apprentis-,qc-3544-garderie-la-,Garderie La Fabrique Des Apprentis,Garderie La Fabrique Des Apprentis,"405, 2e Avenue","405, 2e Avenue",Saint-Jean-Sur-Richelieu,QC,J2X 2B7,J2X 2B7,identical_after_norm,/daycare/garderie-la-fabrique-des-apprentis-58663872,/daycare/garderie-la-fabrique-des-apprentis-,mx_copy_of_bundled|high_same_street
garderie-le-toit-rouge-18ca0b83,mx-0fda18ca0b83,mx,garderie-le-toit-rouge-,qc-3029-garderie-le-,Garderie Le Toit Rouge,Garderie Le Toit Rouge,"785, 20e Avenue","785, 20e Avenue",Saint-Jérôme,QC,J7Z 6Y8,J7Z 6Y8,identical_after_norm,/daycare/garderie-le-toit-rouge-18ca0b83,/daycare/garderie-le-toit-rouge-,mx_copy_of_bundled|high_same_street
garderie-passe-plumes-inc-696dc87a,mx-c23f696dc87a,mx,garderie-passe-plumes-inc-pas,qc-3006-garderie-pas,Garderie Passe-Plumes Inc.,Garderie Passe-Plumes Inc.,"609, 9e Rue","609, 9e Rue",Saint-Jérôme,QC,J7Z 2Z2,J7Z 2Z2,identical_after_norm,/daycare/garderie-passe-plumes-inc-696dc87a,/daycare/garderie-passe-plumes-inc-pas,mx_copy_of_bundled|high_same_street
centre-de-la-petite-enfance-chatons-d-or-installation-ma-langue-au-cha-ddcafb53,mx-b33addcafb53,mx,centre-de-la-petite-enfance-chatons-d-or-install-la-4,qc-2390-centre-de-la,Centre De La Petite Enfance Chatons D'Or - Installation Ma Langue Au Chat,Centre De La Petite Enfance Chatons D'Or - Installation Ma Langue Au Chat,"600, 7e rue","600, 7e rue",Saint-Malachie,QC,G0R 3N0,G0R 3N0,identical_after_norm,/daycare/centre-de-la-petite-enfance-chatons-d-or-installation-ma-langue-au-cha-ddcafb53,/daycare/centre-de-la-petite-enfance-chatons-d-or-install-la-4,mx_copy_of_bundled|high_same_street
centre-de-la-petite-enfance-passe-lacets-45408c1c,mx-ae3945408c1c,mx,centre-de-la-petite-enfance-passe-lacets-la,qc-2394-centre-de-la,Centre De La Petite Enfance Passe-Lacets,Centre De La Petite Enfance Passe-Lacets,"2825, 25e Avenue","2825, 25e Avenue",Saint-Prosper,QC,G0M 1Y0,G0M 1Y0,identical_after_norm,/daycare/centre-de-la-petite-enfance-passe-lacets-45408c1c,/daycare/centre-de-la-petite-enfance-passe-lacets-la,mx_copy_of_bundled|high_same_street
installation-les-lacets-color-s-ba12b418,mx-1df6ba12b418,mx,installation-les-lacets-color-s-installa,qc-2395-installation,Installation Les Lacets Colorés,Installation Les Lacets Colorés,"2960, 15e avenue","2960, 15e avenue",Saint-Prosper,QC,G0M 1Y0,G0M 1Y0,identical_after_norm,/daycare/installation-les-lacets-color-s-ba12b418,/daycare/installation-les-lacets-color-s-installa,mx_copy_of_bundled|high_same_street
coin-des-lutins-st-zotique-inc-6dd64b11,mx-a53f6dd64b11,mx,coin-des-lutins-st-zotique-inc-lut,qc-3614-coin-des-lut,"Coin Des Lutins, St-Zotique Inc.","Coin Des Lutins, St-Zotique Inc.","215, 34e Avenue","215, 34e Avenue",Saint-Zotique,QC,J0P 1Z0,J0P 1Z0,identical_after_norm,/daycare/coin-des-lutins-st-zotique-inc-6dd64b11,/daycare/coin-des-lutins-st-zotique-inc-lut,mx_copy_of_bundled|high_same_street
garderie-de-la-petite-famille-inc-28f075b4,mx-836728f075b4,mx,garderie-de-la-petite-famille-inc-,qc-3615-garderie-de-,Garderie De La Petite Famille Inc.,Garderie De La Petite Famille Inc.,"456, 34e Avenue","456, 34e Avenue",Saint-Zotique,QC,J0P 1Z0,J0P 1Z0,identical_after_norm,/daycare/garderie-de-la-petite-famille-inc-28f075b4,/daycare/garderie-de-la-petite-famille-inc-,mx_copy_of_bundled|high_same_street
centre-de-la-petite-enfance-la-p-tite-caboche-3e3e92e5,mx-9e2f3e3e92e5,mx,centre-de-la-petite-enfance-la-p-tite-caboche-la-3,qc-3619-centre-de-la,Centre De La Petite Enfance La P'Tite Caboche,Centre De La Petite Enfance La P'Tite Caboche,"1171, 28e avenue","1171, 28e avenue",Sainte-Anne-De-Sabrevois,QC,J0J 2G0,J0J 2G0,identical_after_norm,/daycare/centre-de-la-petite-enfance-la-p-tite-caboche-3e3e92e5,/daycare/centre-de-la-petite-enfance-la-p-tite-caboche-la-3,mx_copy_of_bundled|high_same_street
centre-de-la-petite-enfance-plus-grand-que-nature-installation-sainte--1d565852,mx-2eb41d565852,mx,centre-de-la-petite-enfance-plus-grand-que-natur-la-3,qc-3628-centre-de-la,Centre De La Petite Enfance Plus Grand Que Nature - Installation Sainte-Hélène-De-Bagot,Centre De La Petite Enfance Plus Grand Que Nature - Installation Sainte-Hélène-De-Bagot,"399, 2e Rue","399, 2e Rue",Sainte-Hélène-De-Bagot,QC,J0H 1M0,J0H 1M0,identical_after_norm,/daycare/centre-de-la-petite-enfance-plus-grand-que-nature-installation-sainte--1d565852,/daycare/centre-de-la-petite-enfance-plus-grand-que-natur-la-3,mx_copy_of_bundled|high_same_street
centre-de-la-petite-enfance-les-explorateurs-installation-1-0be4be91,mx-2ee90be4be91,mx,centre-de-la-petite-enfance-les-explorateurs-ins-la,qc-3053-centre-de-la,Centre De La Petite Enfance Les Explorateurs - Installation 1,Centre De La Petite Enfance Les Explorateurs - Installation 1,"103, 25e avenue","103, 25e avenue",Sainte-Marthe-Sur-Le-Lac,QC,J0N 1P0,J0N 1P0,identical_after_norm,/daycare/centre-de-la-petite-enfance-les-explorateurs-installation-1-0be4be91,/daycare/centre-de-la-petite-enfance-les-explorateurs-ins-la,mx_copy_of_bundled|high_same_street
garderie-coeur-d-enfant-ii-06009e88,mx-5a5106009e88,mx,garderie-coeur-d-enfant-ii-coe,qc-3057-garderie-coe,Garderie Coeur D'Enfant Ii,Garderie Coeur D'Enfant Ii,"148, 43e Avenue","148, 43e Avenue",Sainte-Marthe-Sur-Le-Lac,QC,J0N 1P0,J0N 1P0,identical_after_norm,/daycare/garderie-coeur-d-enfant-ii-06009e88,/daycare/garderie-coeur-d-enfant-ii-coe,mx_copy_of_bundled|high_same_street
garderie-ducative-la-souris-verte-inc-4d41d74e,mx-9cb24d41d74e,mx,garderie-ducative-la-souris-verte-inc-duc,qc-3062-garderie-duc,Garderie Éducative La Souris Verte Inc.,Garderie Éducative La Souris Verte Inc.,"42, 31e Avenue","42, 31e Avenue",Sainte-Marthe-Sur-Le-Lac,QC,J0N 1P0,J0N 1P0,identical_after_norm,/daycare/garderie-ducative-la-souris-verte-inc-4d41d74e,/daycare/garderie-ducative-la-souris-verte-inc-duc,mx_copy_of_bundled|high_same_street
centre-de-la-petite-enfance-tasiursivik-512673f4,mx-3472512673f4,mx,centre-de-la-petite-enfance-tasiursivik-la,qc-2208-centre-de-la,Centre De La Petite Enfance Tasiursivik,Centre De La Petite Enfance Tasiursivik,",   C.P. 330",",   C.P. 330",Salluit,QC,J0M 1S0,J0M 1S0,identical_after_norm,/daycare/centre-de-la-petite-enfance-tasiursivik-512673f4,/daycare/centre-de-la-petite-enfance-tasiursivik-la,mx_copy_of_bundled|high_same_postal
centre-de-la-petite-enfance-tasiursivik-pirursiak-b053687d,mx-3b81b053687d,mx,centre-de-la-petite-enfance-tasiursivik-pirursia-la,qc-2209-centre-de-la,Centre De La Petite Enfance Tasiursivik - Pirursiak,Centre De La Petite Enfance Tasiursivik - Pirursiak,",   C.P. 168",",   C.P. 168",Salluit,QC,J0M 1S0,J0M 1S0,identical_after_norm,/daycare/centre-de-la-petite-enfance-tasiursivik-pirursiak-b053687d,/daycare/centre-de-la-petite-enfance-tasiursivik-pirursia-la,mx_copy_of_bundled|high_same_postal
centre-de-la-petite-enfance-des-petits-pommiers-installation-scott-2-c63791c1,mx-e753c63791c1,mx,centre-de-la-petite-enfance-des-petits-pommiers--la-5,qc-2410-centre-de-la,Centre De La Petite Enfance Des Petits Pommiers - Installation Scott 2,Centre De La Petite Enfance Des Petits Pommiers - Installation Scott 2,"91, 18e Rue","91, 18e Rue",Scott,QC,G0S 3G0,G0S 3G0,identical_after_norm,/daycare/centre-de-la-petite-enfance-des-petits-pommiers-installation-scott-2-c63791c1,/daycare/centre-de-la-petite-enfance-des-petits-pommiers--la-5,mx_copy_of_bundled|high_same_street
centre-de-la-petite-enfance-bout-chou-et-casse-cou-installation-lisett-e2c10627,mx-215ee2c10627,mx,centre-de-la-petite-enfance-bout-chou-et-casse-c-la,qc-2121-centre-de-la,Centre De La Petite Enfance Bout'Chou Et Casse-Cou - Installation Lisette Branconnier,Centre De La Petite Enfance Bout'Chou Et Casse-Cou - Installation Lisette Branconnier,"221, 12e Avenue","221, 12e Avenue",Senneterre,QC,J0Y 2M0,J0Y 2M0,identical_after_norm,/daycare/centre-de-la-petite-enfance-bout-chou-et-casse-cou-installation-lisett-e2c10627,/daycare/centre-de-la-petite-enfance-bout-chou-et-casse-c-la,mx_copy_of_bundled|high_same_street
centre-de-la-petite-enfance-bout-chou-et-casse-cou-inc-60ca7703,mx-a40c60ca7703,mx,centre-de-la-petite-enfance-bout-chou-et-casse-c-la-2,qc-2122-centre-de-la,Centre De La Petite Enfance Bout'Chou Et Casse-Cou Inc.,Centre De La Petite Enfance Bout'Chou Et Casse-Cou Inc.,"770, 11e avenue","770, 11e avenue",Senneterre,QC,J0Y 2M0,J0Y 2M0,identical_after_norm,/daycare/centre-de-la-petite-enfance-bout-chou-et-casse-cou-inc-60ca7703,/daycare/centre-de-la-petite-enfance-bout-chou-et-casse-c-la-2,mx_copy_of_bundled|high_same_street
centre-de-la-petite-enfance-la-bottine-souriante-installation-des-jard-7cf7b40f,mx-a1cc7cf7b40f,mx,centre-de-la-petite-enfance-la-bottine-souriante-la-2,qc-552-centre-de-la,Centre De La Petite Enfance La Bottine Souriante - Installation Des Jardins,Centre De La Petite Enfance La Bottine Souriante - Installation Des Jardins,"383, 206e Avenue","383, 206e Avenue",Shawinigan,QC,G9T 3J9,G9T 3J9,identical_after_norm,/daycare/centre-de-la-petite-enfance-la-bottine-souriante-installation-des-jard-7cf7b40f,/daycare/centre-de-la-petite-enfance-la-bottine-souriante-la-2,mx_copy_of_bundled|high_same_street
centre-de-la-petite-enfance-la-bottine-souriante-installation-les-amis-9f7f6227,mx-849c9f7f6227,mx,centre-de-la-petite-enfance-la-bottine-souriante-la-3,qc-553-centre-de-la,Centre De La Petite Enfance La Bottine Souriante - Installation Les Amis,Centre De La Petite Enfance La Bottine Souriante - Installation Les Amis,"400, 206e Avenue","400, 206e Avenue",Shawinigan,QC,G9T 3K1,G9T 3K1,identical_after_norm,/daycare/centre-de-la-petite-enfance-la-bottine-souriante-installation-les-amis-9f7f6227,/daycare/centre-de-la-petite-enfance-la-bottine-souriante-la-3,mx_copy_of_bundled|high_same_street
centre-de-la-petite-enfance-le-man-ge-des-tout-petits-installation-1-82443eae,mx-3a0b82443eae,mx,centre-de-la-petite-enfance-le-man-ge-des-tout-p-la,qc-558-centre-de-la,Centre De La Petite Enfance Le Manège Des Tout-Petits - Installation 1,Centre De La Petite Enfance Le Manège Des Tout-Petits - Installation 1,"2090, 10e Rue","2090, 10e Rue",Shawinigan,QC,G9T 6V8,G9T 6V8,identical_after_norm,/daycare/centre-de-la-petite-enfance-le-man-ge-des-tout-petits-installation-1-82443eae,/daycare/centre-de-la-petite-enfance-le-man-ge-des-tout-p-la,mx_copy_of_bundled|high_same_street
centre-de-la-petite-enfance-le-man-ge-des-tout-petits-installation-2-9a070581,mx-dc689a070581,mx,centre-de-la-petite-enfance-le-man-ge-des-tout-p-la-2,qc-559-centre-de-la,Centre De La Petite Enfance Le Manège Des Tout-Petits - Installation 2,Centre De La Petite Enfance Le Manège Des Tout-Petits - Installation 2,"2090, 10e Rue","2090, 10e Rue",Shawinigan,QC,G9T 6V8,G9T 6V8,identical_after_norm,/daycare/centre-de-la-petite-enfance-le-man-ge-des-tout-petits-installation-2-9a070581,/daycare/centre-de-la-petite-enfance-le-man-ge-des-tout-p-la-2,mx_copy_of_bundled|high_same_street
centre-de-la-petite-enfance-le-man-ge-des-tout-petits-installation-3-e4125a26,mx-1f9ee4125a26,mx,centre-de-la-petite-enfance-le-man-ge-des-tout-p-la-3,qc-560-centre-de-la,Centre De La Petite Enfance Le Manège Des Tout-Petits - Installation 3,Centre De La Petite Enfance Le Manège Des Tout-Petits - Installation 3,"821, 5e Avenue","821, 5e Avenue",Shawinigan,QC,G9T 2M9,G9T 2M9,identical_after_norm,/daycare/centre-de-la-petite-enfance-le-man-ge-des-tout-petits-installation-3-e4125a26,/daycare/centre-de-la-petite-enfance-le-man-ge-des-tout-p-la-3,mx_copy_of_bundled|high_same_street
centre-de-la-petite-enfance-qulliapik-1248b158,mx-c89f1248b158,mx,centre-de-la-petite-enfance-qulliapik-la,qc-2210-centre-de-la,Centre De La Petite Enfance Qulliapik,Centre De La Petite Enfance Qulliapik,",   C.P. 54",",   C.P. 54",Tasiujaq,QC,J0M 1T0,J0M 1T0,identical_after_norm,/daycare/centre-de-la-petite-enfance-qulliapik-1248b158,/daycare/centre-de-la-petite-enfance-qulliapik-la,mx_copy_of_bundled|high_same_postal
garderie-pour-tous-les-amis-78f417c7,mx-b94b78f417c7,mx,garderie-pour-tous-les-amis-pou,qc-3670-garderie-pou,Garderie Pour Tous Les Amis,Garderie Pour Tous Les Amis,"91, 5e Boulevard","91, 5e Boulevard",Terrasse-Vaudreuil,QC,J7V 5M1,J7V 5M1,identical_after_norm,/daycare/garderie-pour-tous-les-amis-78f417c7,/daycare/garderie-pour-tous-les-amis-pou,mx_copy_of_bundled|high_same_street
centre-de-la-petite-enfance-amautik-e278b45e,mx-a41ee278b45e,mx,centre-de-la-petite-enfance-amautik-la,qc-2211-centre-de-la,Centre De La Petite Enfance Amautik,Centre De La Petite Enfance Amautik,",   C.P. 57",",   C.P. 57",Umiujaq,QC,J0M 1Y0,J0M 1Y0,identical_after_norm,/daycare/centre-de-la-petite-enfance-amautik-e278b45e,/daycare/centre-de-la-petite-enfance-amautik-la,mx_copy_of_bundled|high_same_postal
centre-de-la-petite-enfance-abinodjic-miguam-120d9613,mx-290c120d9613,mx,centre-de-la-petite-enfance-abinodjic-miguam-la,qc-2124-centre-de-la,Centre De La Petite Enfance Abinodjic-Miguam,Centre De La Petite Enfance Abinodjic-Miguam,"531, 3e Avenue","531, 3e Avenue",Val-D'Or,QC,J9P 1S3,J9P 1S3,identical_after_norm,/daycare/centre-de-la-petite-enfance-abinodjic-miguam-120d9613,/daycare/centre-de-la-petite-enfance-abinodjic-miguam-la,mx_copy_of_bundled|high_same_street
centre-de-la-petite-enfance-misipison-45fd545f,mx-26fc45fd545f,mx,centre-de-la-petite-enfance-misipison-la,qc-2126-centre-de-la,Centre De La Petite Enfance Misipison,Centre De La Petite Enfance Misipison,", Kitcisakik, Grand-Lac-Victoria, via Louvicourt C.P. 520",", Kitcisakik, Grand-Lac-Victoria, via Louvicourt C.P. 520",Val-D'Or,QC,J9P 7C6,J9P 7C6,identical_after_norm,/daycare/centre-de-la-petite-enfance-misipison-45fd545f,/daycare/centre-de-la-petite-enfance-misipison-la,mx_copy_of_bundled|high_same_postal
le-centre-de-la-petite-enfance-la-magie-du-r-ve-installation-for-t-r-c-bdcdf52a,mx-54d2bdcdf52a,mx,le-centre-de-la-petite-enfance-la-magie-du-r-ve--de-2,qc-2132-le-centre-de,Le Centre De La Petite Enfance La Magie Du Rêve - Installation Forêt Récréative,Le Centre De La Petite Enfance La Magie Du Rêve - Installation Forêt Récréative,"1241, 8e rue","1241, 8e rue",Val-D'Or,QC,J9P 3P1,J9P 3P1,identical_after_norm,/daycare/le-centre-de-la-petite-enfance-la-magie-du-r-ve-installation-for-t-r-c-bdcdf52a,/daycare/le-centre-de-la-petite-enfance-la-magie-du-r-ve--de-2,mx_copy_of_bundled|high_same_street
wascana-day-care-co-operative-01b5397d,mx-465b01b5397d,mx,university-of-regina-child-care-centre-universi,sk-20-university,Wascana Day Care Co-operative,University of Regina Child Care Centre,3737 Wascana Parkway,3737 Wascana Parkway,Regina,SK,S4S 0A2,S4S 0A2,identical_after_norm,/daycare/wascana-day-care-co-operative-01b5397d,/daycare/university-of-regina-child-care-centre-universi,mx_copy_of_bundled|high_same_street
spadina-early-learning-and-childcare-cooperative-main-e4fe46d1,mx-1016e4fe46d1,mx,st-paul-s-hospital-child-care-centre-,sk-2-st-paul-s-,Spadina Early Learning and Childcare Cooperative Main,St. Paul's Hospital Child Care Centre,1702 20th Street West,1702 20th Street West,Saskatoon,SK,S7M 0Z9,S7M 0Z9,identical_after_norm,/daycare/spadina-early-learning-and-childcare-cooperative-main-e4fe46d1,/daycare/st-paul-s-hospital-child-care-centre-,mx_copy_of_bundled|high_same_street
